6,1,0.0761,-0.00023034,0.049,0.0489,-1.3899,-1.4338,0.99984,-0.017867,3.2659,0.00070446,0.0456,-0.0123,-0.0127
6,1,0.1241,-0.00013034,0.048,0.0481,-1.3208,-1.3617,0.95191,-0.30639,2.7335,0.0002615,0.047,-0.0099,-0.0102
6,1,0.1735,-0.00023034,0.0494,0.0493,-1.041,-1.0824,0.81765,-0.57572,4.1419,-0.00032478,0.0523,-0.0075,-0.0079
6,1,0.2219,-3.0337e-05,0.0484,0.0486,-1.3043,-1.327,0.61417,-0.78917,5.8877,0.00057866,0.0501,-0.0114,-0.0116
6,1,0.2714,-3.0337e-05,0.0495,0.0495,-1.6184,-1.6316,0.351,-0.93638,2.0368,-0.00010056,0.0496,-0.012,-0.0122
6,1,0.321,0.00016966,0.0496,0.0498,-1.4837,-1.4837,0.0553,-0.99847,2.9488,-0.0001151,0.0535,-0.012,-0.012
6,1,0.3703,-3.0337e-05,0.0493,0.0491,-1.8225,-1.8449,-0.24367,-0.96986,0.7985,-0.00022375,0.0526,-0.0162,-0.0164
6,1,0.4195,0.00056966,0.0492,0.0498,-2.3503,-2.3015,-0.52014,-0.85408,-3.2733,-0.00081156,0.0505,-0.0196,-0.0192
6,1,0.4693,0.00046966,0.0498,0.0497,-2.6371,-2.5992,-0.7523,-0.65882,-5.3053,-0.00052333,0.0485,-0.0203,-0.02
6,1,0.5179,0.00096966,0.0486,0.0491,-2.5448,-2.4409,-0.91225,-0.40963,-4.7108,-0.0012446,0.0533,-0.0202,-0.0194
6,1,0.5672,0.00096966,0.0493,0.0493,-2.9383,-2.8575,-0.99274,-0.12028,-5.7021,-0.00071879,0.046,-0.0242,-0.0234
6,1,0.616,0.00096966,0.0488,0.0488,-2.8834,-2.7697,-0.98423,0.17691,-7.277,-0.0015616,0.05,-0.0214,-0.0206
6,1,0.6646,0.00066966,0.0486,0.0483,-2.8574,-2.7946,-0.88927,0.45737,-6.1509,-0.00090132,0.0497,-0.0228,-0.0223
6,1,0.7143,0.0010697,0.0497,0.0501,-2.9004,-2.798,-0.71164,0.70254,-6.0334,-0.0011288,0.0498,-0.0228,-0.0219
6,1,0.7637,0.00066966,0.0494,0.049,-3.0252,-2.9631,-0.4704,0.88245,-9.0258,-0.00084502,0.0492,-0.0232,-0.0227
6,1,0.8131,0.00026966,0.0494,0.049,-2.8432,-2.8306,-0.18656,0.98244,-1.4418,-0.00040348,0.0449,-0.023,-0.0229
6,1,0.8621,0.00026966,0.049,0.049,-2.7312,-2.7166,0.11175,0.99374,-3.1406,-0.00047712,0.0469,-0.0189,-0.0188
6,1,0.9114,6.9663e-05,0.0493,0.0491,-2.1273,-2.1405,0.40178,0.91574,3.1254,1.3632e-05,0.0456,-0.0165,-0.0166
6,1,0.9609,-3.0337e-05,0.0495,0.0494,-1.9407,-1.9704,0.65649,0.75433,0.1324,-0.00028057,0.0457,-0.0126,-0.0128
6,1,1.0098,-3.0337e-05,0.0489,0.0489,-1.1852,-1.2111,0.84958,0.52746,-2.0867,0.00013201,0.0526,-0.0094,-0.0096
6,1,1.0586,-0.00013034,0.0488,0.0487,-1.807,-1.8445,0.96711,0.25436,1.242,-0.00020518,0.046,-0.0132,-0.0135
6,1,1.1076,-0.00023034,0.049,0.0489,-1.2506,-1.2999,0.9991,-0.042444,7.2277,0.00050093,0.0478,-0.0102,-0.0106
6,1,1.1566,-3.0337e-05,0.049,0.0492,-1.1239,-1.1496,0.94205,-0.33547,2.9689,0.00022402,0.0486,-0.009,-0.0092
6,1,1.2057,-0.00033034,0.0491,0.0488,-1.1214,-1.1893,0.80069,-0.59908,-1.1884,-0.00014497,0.052,-0.0085,-0.009
6,1,1.2545,-3.0337e-05,0.0488,0.0491,-1.5057,-1.5305,0.58916,-0.80801,-0.17462,-0.0002806,0.05,-0.0117,-0.0119
6,1,1.3049,-0.00033034,0.0504,0.0501,-1.4187,-1.48,0.31629,-0.94866,-0.6278,-0.00032827,0.0511,-0.0113,-0.0118
6,1,1.3543,0.00026966,0.0494,0.05,-1.5142,-1.5024,0.019732,-0.99981,1.7916,-0.00019825,0.0543,-0.013,-0.0129
6,1,1.4051,-0.00023034,0.0508,0.0503,-1.8477,-1.8937,-0.28683,-0.95798,-0.037213,-0.00015487,0.0537,-0.0165,-0.0169
6,1,1.4551,0.00076966,0.05,0.051,-2.4906,-2.4177,-0.56189,-0.82721,-4.2795,-0.0012188,0.0521,-0.0202,-0.0196
6,1,1.5049,0.00056966,0.0498,0.0496,-2.8395,-2.78,-0.78408,-0.62066,-7.642,-0.0010212,0.0507,-0.0225,-0.0221
6,1,1.5539,0.00066966,0.049,0.0491,-2.9255,-2.8654,-0.93235,-0.36157,-5.5185,-0.00069398,0.0492,-0.0242,-0.0237
6,1,1.6033,0.00096966,0.0494,0.0497,-3.0019,-2.8967,-0.9977,-0.067806,-3.9419,-0.0009396,0.0485,-0.024,-0.0232
6,1,1.6528,0.00046966,0.0495,0.049,-3.1371,-3.0971,-0.97255,0.23269,-9.3507,-0.0012476,0.0488,-0.023,-0.0227
6,1,1.702,0.00036966,0.0492,0.0491,-2.9535,-2.9281,-0.85991,0.51045,-8.1918,-0.0014302,0.0497,-0.0226,-0.0224
6,1,1.7503,0.00036966,0.0483,0.0483,-3.0388,-3.0143,-0.67409,0.73865,-7.5591,-0.0010571,0.045,-0.024,-0.0238
6,1,1.7987,0.00046966,0.0484,0.0485,-2.7917,-2.7487,-0.42933,0.90315,-5.5713,-0.00046494,0.0487,-0.0206,-0.0203
6,1,1.8495,0.00016966,0.0508,0.0505,-2.4687,-2.4687,-0.13271,0.99115,-1.501,-0.00044845,0.0465,-0.0185,-0.0185
6,1,1.899,-3.0337e-05,0.0495,0.0493,-1.994,-2.0207,0.16878,0.98565,1.0165,4.5257e-05,0.0454,-0.0155,-0.0157
6,1,1.9482,-0.00013034,0.0492,0.0491,-1.8021,-1.8473,0.4533,0.89136,-2.4699,-1.9416e-05,0.0458,-0.0117,-0.012
6,1,1.9976,-0.00033034,0.0494,0.0492,-1.0706,-1.1363,0.69796,0.71613,4.889,0.00019381,0.0468,-0.0081,-0.0086
6,1,2.0461,-0.00013034,0.0485,0.0487,-0.8406,-0.87994,0.87678,0.48088,2.9697,2.2671e-05,0.0488,-0.0064,-0.0067
6,1,2.0953,-0.00033034,0.0492,0.049,-0.79241,-0.85771,0.97991,0.19945,0.066011,-5.9756e-05,0.0512,-0.006,-0.0065
6,1,2.1441,-0.00043034,0.0488,0.0487,-1.0306,-1.1029,0.99524,-0.097466,2.8814,0.00028658,0.0485,-0.0084,-0.009
6,1,2.193,6.9663e-05,0.0489,0.0494,-1.0483,-1.0614,0.92236,-0.38633,1.5348,-0.00016983,0.0504,-0.008,-0.0081
6,1,2.2428,-0.00053034,0.0498,0.0492,-1.036,-1.12,0.76408,-0.64512,4.4766,0.00077814,0.0487,-0.0086,-0.0093
6,1,2.2928,-0.00023034,0.05,0.0503,-0.99244,-1.0466,0.53445,-0.8452,5.8692,-0.0003768,0.0492,-0.0073,-0.0077
6,1,2.3422,-0.00013034,0.0494,0.0495,-0.85221,-0.8886,0.25879,-0.96593,2.7017,4.7903e-05,0.0537,-0.0071,-0.0074
6,1,2.3924,-0.00013034,0.0502,0.0502,-1.3016,-1.338,-0.0452,-0.99898,0.78897,-0.00023922,0.0543,-0.0106,-0.0109
6,1,2.4433,-0.00033034,0.0509,0.0507,-1.6009,-1.6458,-0.34897,-0.93713,-3.2283,-0.00028757,0.0538,-0.014,-0.0145
6,1,2.4938,0.00026966,0.0505,0.0511,-2.0108,-1.9875,-0.61729,-0.78674,0.97579,-0.00028055,0.0537,-0.0173,-0.0172
6,1,2.5445,0.00016966,0.0507,0.0506,-2.4668,-2.4668,-0.82789,-0.5609,-3.0519,-0.00062896,0.0507,-0.0203,-0.0203
6,1,2.5939,0.00036966,0.0494,0.0496,-2.6699,-2.6451,-0.95727,-0.28919,-4.1145,-0.00064605,0.0512,-0.0216,-0.0214
6,1,2.6445,0.00016966,0.0506,0.0504,-2.7754,-2.7754,-0.99987,0.016047,-4.0063,-0.0008422,0.0505,-0.0222,-0.0222
6,1,2.694,0.00036966,0.0495,0.0497,-2.8473,-2.8226,-0.94963,0.31338,-1.7879,-0.00036409,0.0468,-0.0232,-0.023
6,1,2.7438,0.00036966,0.0498,0.0498,-2.8716,-2.8304,-0.81197,0.5837,-6.734,-0.00092274,0.0494,-0.0202,-0.02
6,1,2.7935,0.00046966,0.0497,0.0498,-2.4106,-2.3737,-0.60007,0.79995,-3.2048,-0.00062762,0.0518,-0.0199,-0.0196
6,1,2.843,0.00016966,0.0495,0.0492,-2.7394,-2.7394,-0.33433,0.94246,-1.1708,3.9586e-05,0.0455,-0.0222,-0.0222
6,1,2.8937,6.9663e-05,0.0507,0.0506,-2.32,-2.3346,-0.030849,0.99952,-0.8316,-0.00065926,0.0485,-0.017,-0.0171
6,1,2.944,-0.00033034,0.0503,0.0499,-2.1671,-2.2493,0.27322,0.96195,-3.5229,-0.00039729,0.0476,-0.0152,-0.0157
6,1,2.9934,-0.00013034,0.0494,0.0496,-1.7729,-1.8114,0.54704,0.83711,4.1038,8.757e-05,0.0448,-0.0134,-0.0137
6,1,3.0448,-0.00093034,0.0514,0.0506,-0.87809,-1.022,0.77905,0.62697,0.75585,-6.9975e-05,0.0482,-0.0068,-0.0079
6,1,3.0943,-0.00043034,0.0495,0.05,-0.74599,-0.82699,0.93053,0.36623,5.2801,1.1363e-06,0.0482,-0.0055,-0.0061
6,1,3.1436,-0.00023034,0.0493,0.0495,-0.53436,-0.58299,0.9973,0.073409,-1.2884,-2.7689e-05,0.0524,-0.0044,-0.0048
6,1,3.1937,-0.00013034,0.0501,0.0502,-0.8356,-0.87235,0.973,-0.23079,5.4951,0.00023083,0.0503,-0.0067,-0.007
6,1,3.2443,-0.00043034,0.0506,0.0503,-0.80762,-0.88302,0.85651,-0.51612,3.7365,0.00040051,0.05,-0.0064,-0.007
6,1,3.2936,-0.00073034,0.0493,0.049,-0.87838,-0.98914,0.66463,-0.74717,4.5736,0.00031049,0.0509,-0.0071,-0.008
6,1,3.3443,-0.00083034,0.0507,0.0506,-0.94363,-1.0708,0.40498,-0.91432,8.816,-0.00020885,0.0502,-0.0073,-0.0083
6,1,3.3944,-0.00013034,0.0501,0.0508,-0.8502,-0.8858,0.11037,-0.99389,0.62225,0.00021449,0.0547,-0.0074,-0.0077
6,1,3.445,-0.00023034,0.0506,0.0505,-1.4457,-1.4953,-0.19753,-0.9803,2.0855,-5.5342e-06,0.0532,-0.0115,-0.0119
6,1,3.4954,-0.00013034,0.0504,0.0505,-1.5992,-1.6327,-0.48559,-0.87419,2.2674,0.00026353,0.0502,-0.0143,-0.0146
6,1,3.5461,0.00016966,0.0507,0.051,-1.79,-1.79,-0.72915,-0.68436,0.65629,-0.00049301,0.0557,-0.0138,-0.0138
6,1,3.5974,-0.00013034,0.0513,0.051,-2.0169,-2.0489,-0.90475,-0.42595,-0.14279,-1.1389e-05,0.0497,-0.0182,-0.0185
6,1,3.6476,0.00016966,0.0502,0.0505,-2.3217,-2.3217,-0.99116,-0.13264,-0.48614,-0.00037064,0.0515,-0.0177,-0.0177
6,1,3.6976,0.00036966,0.05,0.0502,-2.2182,-2.1947,-0.98512,0.17187,0.040837,-0.00022321,0.0497,-0.0192,-0.019
6,1,3.7482,0.00026966,0.0506,0.0505,-2.3786,-2.3655,-0.886,0.46368,-0.89807,-0.00038281,0.0526,-0.0183,-0.0182
6,1,3.7989,0.00026966,0.0507,0.0507,-2.4256,-2.414,-0.70229,0.71189,1.0989,-5.3988e-05,0.048,-0.0202,-0.0201
6,1,3.8487,0.00016966,0.0498,0.0497,-2.3626,-2.3626,-0.45652,0.88972,1.3215,-9.107e-05,0.0503,-0.0184,-0.0184
6,1,3.8995,-3.0337e-05,0.0508,0.0506,-2.3378,-2.3631,-0.1627,0.98668,4.2092,0.00026205,0.0424,-0.0179,-0.0181
6,1,3.9513,-0.00073034,0.0518,0.0511,-1.3926,-1.5383,0.15274,0.98827,1.8615,-0.00020517,0.0485,-0.0085,-0.0094
6,1,4.0019,-0.00073034,0.0506,0.0506,-0.80935,-0.92098,0.44642,0.89482,4.499,0.00014669,0.0496,-0.0064,-0.0073
6,1,4.0525,-0.00063034,0.0506,0.0507,-0.65608,-0.75345,0.69771,0.71638,0.16028,0.00027517,0.0517,-0.0054,-0.0062
6,1,4.1021,-0.00073034,0.0496,0.0495,-0.92929,-1.04,0.87983,0.47529,11.082,0.00033872,0.0469,-0.0075,-0.0084
6,1,4.1527,-0.00073034,0.0506,0.0506,-0.50654,-0.62677,0.98278,0.1848,1.8338,-5.7632e-07,0.0511,-0.0038,-0.0047
6,1,4.2025,-0.00043034,0.0498,0.0501,-0.65992,-0.736,0.99297,-0.11839,4.0304,0.00011141,0.0509,-0.0051,-0.0057
6,1,4.2525,-0.00023034,0.05,0.0502,-0.72408,-0.77175,0.91128,-0.4118,4.9146,0.00021712,0.05,-0.006,-0.0064
6,1,4.3036,-0.0012303,0.0511,0.0501,-0.63689,-0.81624,0.74055,-0.672,3.6156,0.00026165,0.0505,-0.0049,-0.0063
6,1,4.3528,-0.00013034,0.0492,0.0503,-0.78887,-0.82607,0.50814,-0.86128,11.604,0.00035918,0.0463,-0.0062,-0.0065
6,1,4.4043,-0.00083034,0.0515,0.0508,-0.11364,-0.22668,0.21637,-0.97631,NaN,-1.598e-05,0.0558,-0.001,-0.002
6,2,4.813,0.00092981,0.0504,0.0507,-2.4648,-2.453,-0.84442,-0.53567,-6.0833,-0.00011575,0.047,-0.0192,-0.0191
6,2,4.8628,0.00072981,0.0498,0.0496,-2.1211,-2.1344,-0.96579,-0.25932,-4.7651,-0.00060964,0.0532,-0.0164,-0.0165
6,2,4.9127,0.00062981,0.0499,0.0498,-2.3254,-2.3484,-0.99915,0.041276,-2.1894,0.00020942,0.0477,-0.0197,-0.0199
6,2,4.9634,0.00082981,0.0507,0.0509,-2.1957,-2.1957,-0.93946,0.34267,-5.7507,-0.00041434,0.0528,-0.0167,-0.0167
6,2,5.0141,0.00052981,0.0507,0.0504,-2.3628,-2.3985,-0.79108,0.61171,-3.5537,-0.00030132,0.0469,-0.0188,-0.0191
6,2,5.0626,0.0010298,0.0485,0.049,-2.2872,-2.2605,-0.57899,0.81534,-4.7823,-0.00017238,0.0493,-0.0172,-0.017
6,2,5.1129,0.00092981,0.0503,0.0502,-2.0126,-2.0001,-0.30644,0.95189,-3.2704,8.6394e-06,0.0479,-0.0162,-0.0161
6,2,5.1646,0.00042981,0.0517,0.0512,-1.7367,-1.7909,0.0030999,1,-1.363,-0.00018309,0.0432,-0.0124,-0.0128
6,2,5.2142,0.00022981,0.0496,0.0494,-0.81196,-0.90829,0.30017,0.95388,-4.3688,-0.00028591,0.0498,-0.006,-0.0066
6,2,5.2652,-7.0192e-05,0.051,0.0507,-0.61057,-0.72326,0.5771,0.81668,-2.132,0.00012096,0.0507,-0.0048,-0.0057
6,2,5.315,0.00032981,0.0498,0.0502,-0.71141,-0.7728,0.79449,0.60728,-0.53948,0.00043179,0.0482,-0.0057,-0.0062
6,2,5.3656,2.9808e-05,0.0506,0.0503,-0.45075,-0.55866,0.94115,0.33798,-0.55455,-0.00020956,0.0522,-0.0033,-0.0041
6,2,5.415,0.00042981,0.0494,0.0498,-0.73333,-0.78065,0.99902,0.0442,-1.4857,0.00030261,0.0493,-0.0061,-0.0065
6,2,5.465,0.00022981,0.05,0.0498,-0.71328,-0.79114,0.96639,-0.25708,1.8632,0.00014925,0.0506,-0.0054,-0.006
6,2,5.515,0.00022981,0.05,0.05,-0.69304,-0.76178,0.84501,-0.53474,-2.0081,0.00049223,0.0516,-0.006,-0.0066
6,2,5.5659,2.9808e-05,0.0509,0.0507,-0.87711,-0.97979,0.64185,-0.76683,4.4873,0.00016629,0.0467,-0.0067,-0.0075
6,2,5.6157,0.00032981,0.0498,0.0501,-0.48937,-0.55673,0.3838,-0.92341,-0.23374,-1.1307e-05,0.053,-0.0036,-0.0041
6,2,5.6665,0.00042981,0.0508,0.0509,-0.67473,-0.7205,0.084734,-0.9964,-1.9904,8.388e-05,0.0526,-0.0058,-0.0062
6,2,5.717,0.00042981,0.0505,0.0505,-0.94543,-0.99311,-0.22059,-0.97537,-2.0964,0.00026211,0.0512,-0.0079,-0.0083
6,2,5.7676,0.00062981,0.0506,0.0508,-1.0916,-1.1167,-0.50577,-0.86267,2.1825,4.5492e-05,0.0503,-0.0085,-0.0087
6,2,5.8188,0.00022981,0.0512,0.0508,-0.86805,-0.93764,-0.74584,-0.66613,-3.1497,0.00017724,0.0504,-0.0076,-0.0082
6,2,5.8701,0.00042981,0.0513,0.0515,-0.87683,-0.92912,-0.91435,-0.40492,-1.3029,-0.00018986,0.0568,-0.0067,-0.0071
6,2,5.9198,0.00072981,0.0497,0.05,-1.5281,-1.5378,-0.99345,-0.11425,-8.5016,-0.00041024,0.0517,-0.0138,-0.0139
6,2,5.9712,0.00052981,0.0514,0.0512,-1.748,-1.7722,-0.98042,0.19693,-3.0934,-0.00010124,0.0506,-0.0141,-0.0144
6,2,6.0216,0.00072981,0.0504,0.0506,-1.7375,-1.7619,-0.87524,0.48369,-0.88285,0.00020684,0.0501,-0.0143,-0.0144
6,2,6.0727,0.00092981,0.0511,0.0513,-1.637,-1.6245,-0.68531,0.72825,0.23458,4.4624e-05,0.0467,-0.0133,-0.0132
6,2,6.1232,0.00042981,0.0505,0.05,-1.4448,-1.5053,-0.43296,0.90141,-2.9271,-0.00019386,0.0492,-0.0095,-0.0099
6,2,6.1732,0.00082981,0.05,0.0504,-1.0782,-1.0782,-0.14307,0.98971,-3.6145,-6.3236e-05,0.0513,-0.0087,-0.0087
6,2,6.2253,0.00012981,0.0521,0.0514,-1.0144,-1.1028,0.17255,0.985,-0.0062362,0.0001904,0.048,-0.0079,-0.0086
6,2,6.2758,-7.0192e-05,0.0505,0.0503,-0.78175,-0.90601,0.46238,0.88668,2.3698,0.00013505,0.0479,-0.0054,-0.0063
6,2,6.3264,2.9808e-05,0.0506,0.0507,-0.29101,-0.36306,0.70932,0.70489,-2.7253,0.00021746,0.0522,-0.0027,-0.0035
6,2,6.3767,-0.00017019,0.0503,0.0501,-0.63365,-0.75367,0.88873,0.45843,1.8325,0.00010006,0.0483,-0.0046,-0.0056
6,2,6.426,0.00052981,0.0493,0.05,-0.4529,-0.49025,0.9845,0.17537,-2.8152,9.2131e-06,0.0535,-0.0036,-0.0039
6,2,6.4773,2.9808e-05,0.0513,0.0508,-0.71349,-0.79631,0.99079,-0.13542,-0.11621,0.00029468,0.0501,-0.0058,-0.0066
6,2,6.5276,2.9808e-05,0.0503,0.0503,-0.75677,-0.84762,0.90395,-0.42764,4.6844,0.00026562,0.0493,-0.0056,-0.0064
6,2,6.5776,0.00022981,0.05,0.0502,-0.57512,-0.64462,0.73435,-0.67877,-2.2652,0.00039236,0.0512,-0.0049,-0.0055
6,2,6.6284,0.00052981,0.0508,0.0511,-0.69368,-0.73253,0.49309,-0.86998,5.314,0.00034169,0.0494,-0.0053,-0.0056
6,2,6.6795,2.9808e-05,0.0511,0.0506,-0.39499,-0.48211,0.2033,-0.97912,-3.2556,0.00011757,0.0516,-0.0036,-0.0044
6,2,6.7302,-0.00037019,0.0507,0.0503,-0.61102,-0.77062,-0.10355,-0.99462,-1.3382,-0.0002615,0.0505,-0.0045,-0.0057
6,2,6.7809,-7.0192e-05,0.0507,0.051,-0.52976,-0.63935,-0.40063,-0.91624,2.0216,0.00040933,0.0514,-0.0043,-0.0052
6,2,6.8322,2.9808e-05,0.0513,0.0514,-0.51282,-0.60565,-0.66263,-0.74895,0.22345,0.00012401,0.0496,-0.0044,-0.0052
6,2,6.8824,-7.0192e-05,0.0502,0.0501,-0.50238,-0.6193,-0.85717,-0.51503,-1.4079,8.5522e-05,0.0504,-0.0038,-0.0047
6,2,6.9337,0.00022981,0.0513,0.0516,-0.36621,-0.442,-0.97391,-0.22693,-3.1102,-0.00016524,0.0533,-0.0029,-0.0035
6,2,6.9846,2.9808e-05,0.0509,0.0507,-0.61475,-0.70564,-0.99674,0.080673,0.18519,3.5514e-05,0.0521,-0.0053,-0.0061
6,2,7.0354,0.00012981,0.0508,0.0509,-0.7843,-0.86778,-0.92497,0.38004,-1.5025,0.00019023,0.053,-0.0066,-0.0073
6,2,7.0872,2.9808e-05,0.0518,0.0517,-0.97593,-1.0754,-0.76161,0.64803,-0.26617,-0.00010983,0.0495,-0.0078,-0.0086
6,2,7.1391,0.00012981,0.0519,0.052,-0.69092,-0.78092,-0.52271,0.85251,-4.1014,-6.8731e-05,0.0537,-0.0054,-0.0061
6,2,7.1902,0.00022981,0.0511,0.0512,-0.96456,-1.0357,-0.23685,0.97155,0.57143,0.00037007,0.0488,-0.008,-0.0086
6,2,7.2419,-7.0192e-05,0.0517,0.0514,-0.66918,-0.7869,0.075356,0.99716,0.97569,1.8097e-05,0.0506,-0.0051,-0.006
6,2,7.2932,-7.0192e-05,0.0513,0.0513,-0.52588,-0.63321,0.37792,0.92584,-1.7307,-4.8503e-05,0.0517,-0.0044,-0.0053
6,2,7.3452,-0.00027019,0.052,0.0518,-0.52146,-0.65886,0.64721,0.76231,0.57353,-2.2276e-06,0.0518,-0.0041,-0.0052
6,2,7.396,0.00012981,0.0508,0.0512,-0.61299,-0.69589,0.84842,0.52932,-0.42023,0.00013014,0.0518,-0.0051,-0.0058
6,2,7.4474,-7.0192e-05,0.0514,0.0512,-0.67506,-0.7839,0.97012,0.24262,-1.6312,0.00018214,0.0513,-0.0055,-0.0064
6,2,7.4984,-0.00017019,0.051,0.0509,-0.74331,-0.86918,0.99787,-0.065181,4.0229,6.1665e-05,0.0494,-0.0058,-0.0068
6,2,7.5501,-0.00027019,0.0517,0.0516,-0.44272,-0.57922,0.92875,-0.37072,-1.4242,-3.4998e-05,0.0514,-0.0035,-0.0046
6,2,7.5997,0.00062981,0.0496,0.0505,-0.66506,-0.69,0.77659,-0.63,2.091,0.00038349,0.0507,-0.0053,-0.0055
6,2,7.6509,2.9808e-05,0.0512,0.0506,-0.58439,-0.68017,0.54612,-0.8377,1.7198,0.00039128,0.0507,-0.0048,-0.0056
6,2,7.7019,-0.00027019,0.051,0.0507,-0.57112,-0.70861,0.26426,-0.96445,-0.77631,8.3616e-05,0.0513,-0.0045,-0.0056
6,2,7.7528,2.9808e-05,0.0509,0.0512,-0.62242,-0.72229,-0.042238,-0.99911,3.6431,0.00015268,0.0505,-0.0049,-0.0057
6,2,7.8049,-7.0192e-05,0.0521,0.052,-0.41088,-0.52084,-0.35156,-0.93617,-0.020887,0.00014558,0.0517,-0.0033,-0.0042
6,2,7.855,0.00052981,0.0501,0.0507,-0.60024,-0.63649,-0.61632,-0.7875,1.2675,0.00025842,0.0507,-0.0049,-0.0052
6,2,7.9069,-0.00037019,0.0519,0.051,-0.47286,-0.62533,-0.8304,-0.55717,2.4886,-3.7876e-05,0.0499,-0.0037,-0.0049
6,2,7.9584,-7.0192e-05,0.0515,0.0518,-0.26528,-0.37411,-0.96171,-0.27408,-0.52698,0.00025827,0.0507,-0.0021,-0.003
6,2,8.0079,0.00022981,0.0495,0.0498,-0.42908,-0.50515,-0.99972,0.02353,-0.59695,0.00013065,0.0505,-0.0033,-0.0039
6,2,8.0586,-0.00017019,0.0507,0.0503,-0.38858,-0.51367,-0.94539,0.32594,-3.868,-0.00019938,0.0517,-0.0031,-0.0041
6,2,8.1088,0.00022981,0.0502,0.0506,-0.58609,-0.66054,-0.80363,0.59513,2.1613,6.5932e-05,0.0497,-0.0046,-0.0052
6,2,8.1606,2.9808e-05,0.0518,0.0516,-0.3095,-0.40712,-0.57958,0.81492,1.7653,0.00031076,0.051,-0.0025,-0.0033
6,2,8.2123,-0.00017019,0.0517,0.0515,-0.22998,-0.35173,-0.29901,0.95425,0.050374,9.6104e-05,0.0515,-0.0018,-0.0028
6,2,8.2639,-0.00057019,0.0516,0.0512,-0.2012,-0.36356,0.01029,0.99995,-3.994,0.0001565,0.0525,-0.0017,-0.0031
6,2,8.3148,-0.00027019,0.0509,0.0512,-0.44493,-0.59062,0.31454,0.94924,2.4579,-0.00038174,0.0494,-0.0033,-0.0044
6,2,8.3659,-7.0192e-05,0.0511,0.0513,-0.18743,-0.29065,0.58985,0.80751,-2.0912,0.00031466,0.0539,-0.0016,-0.0025
6,2,8.4169,-0.00027019,0.051,0.0508,-0.57136,-0.70915,0.80825,0.58884,4.9938,0.00029657,0.0489,-0.0045,-0.0056
6,2,8.468,0.00012981,0.0511,0.0515,-0.26515,-0.34595,0.94964,0.31335,-3.131,0.0002865,0.0537,-0.0023,-0.003
6,2,8.5185,0.00052981,0.0505,0.0509,-0.68202,-0.71914,0.99993,0.01147,2.1707,0.00021952,0.0508,-0.0055,-0.0058
6,2,8.5695,-0.00027019,0.051,0.0502,-0.6699,-0.80787,0.95568,-0.2944,1.7379,2.3059e-05,0.0511,-0.0053,-0.0064
6,2,8.6199,0.00042981,0.0504,0.0511,-0.74972,-0.79882,0.82224,-0.56915,-1.5126,0.00032828,0.0505,-0.006,-0.0064
6,2,8.6709,-0.00057019,0.051,0.05,-0.71728,-0.89643,0.60919,-0.79303,5.9951,0.00039422,0.0482,-0.0055,-0.0069
6,2,8.7204,0.00012981,0.0495,0.0502,-0.5001,-0.58326,0.34653,-0.93804,0.87099,0.00057162,0.0496,-0.0042,-0.0049
6,2,8.771,-0.00077019,0.0506,0.0497,-0.41849,-0.64054,0.045991,-0.99894,1.0047,8.2057e-05,0.0496,-0.0032,-0.0048
6,2,8.8205,-0.00047019,0.0495,0.0498,-0.4289,-0.57952,-0.2524,-0.96762,2.1415,0.00068147,0.0493,-0.0033,-0.0046
6,2,8.8704,-0.00027019,0.0499,0.0501,-0.35739,-0.50119,-0.53014,-0.84791,2.6144,0.00052063,0.0493,-0.0027,-0.0038
6,2,8.9204,-0.0010702,0.05,0.0492,-0.25689,-0.49782,-0.75978,-0.65018,2.513,0.00045754,0.0498,-0.002,-0.0039
6,2,8.9703,-0.0010702,0.0499,0.0499,-0.23983,-0.47694,-0.91941,-0.39331,-0.096566,0.000214,0.0515,-0.0019,-0.0038
6,2,9.0207,-0.0013702,0.0504,0.0501,-0.37175,-0.63889,-0.99524,-0.097426,2.7344,0.00052711,0.0491,-0.003,-0.0052
6,2,9.0706,-0.0013702,0.0499,0.0499,-0.28784,-0.56885,-0.97885,0.20457,0.56525,0.0001335,0.0506,-0.0022,-0.0044
6,2,9.1199,-0.00047019,0.0493,0.0502,-0.43913,-0.59983,-0.8747,0.48466,2.9285,0.00080683,0.0492,-0.0035,-0.0048
6,2,9.17,-0.0012702,0.0501,0.0493,-0.34954,-0.62403,-0.68893,0.72483,1.5621,0.00037371,0.0499,-0.0026,-0.0047
6,2,9.2189,0.00022981,0.0489,0.0504,-0.45689,-0.53119,-0.44618,0.89494,-1.0217,0.00039575,0.0505,-0.0036,-0.0042
6,2,9.268,-7.0192e-05,0.0491,0.0488,-0.66049,-0.78982,-0.16302,0.98662,2.8667,0.0005857,0.0489,-0.005,-0.0059
6,2,9.3182,-0.0013702,0.0502,0.0489,-0.46308,-0.71794,0.1412,0.98998,-1.6815,0.00014,0.0503,-0.0037,-0.0059
6,2,9.3669,2.9808e-05,0.0487,0.0501,-0.66824,-0.76781,0.4241,0.90561,2.4459,0.00057369,0.0489,-0.0053,-0.0061
6,2,9.4176,-0.0013702,0.0507,0.0493,-0.45053,-0.73431,0.67903,0.73411,-3.9439,-2.6746e-05,0.0501,-0.0035,-0.0057
6,2,9.4659,2.9808e-05,0.0483,0.0497,-0.68853,-0.79191,0.86256,0.50596,4.5636,0.00031091,0.0478,-0.0053,-0.0061
6,2,9.5157,0.00032981,0.0498,0.0501,-0.45385,-0.522,0.97423,0.22554,0.90324,0.00038733,0.0498,-0.0033,-0.0038
6,2,9.5649,0.00012981,0.0492,0.049,-0.46404,-0.54682,0.99742,-0.071784,0.27891,0.00093863,0.0499,-0.0039,-0.0046
6,2,9.6131,0.00012981,0.0482,0.0482,-0.72376,-0.82484,0.93409,-0.35705,3.145,0.00086186,0.046,-0.0056,-0.0063
6,2,9.6619,-0.00067019,0.0488,0.048,-0.39802,-0.60336,0.78876,-0.61471,1.5144,0.00038079,0.0488,-0.0028,-0.0043
6,2,9.71,-0.00017019,0.0481,0.0486,-0.43368,-0.55783,0.57788,-0.81612,0.67277,0.001058,0.0508,-0.0035,-0.0045
6,2,9.7587,-0.00097019,0.0487,0.0479,-0.73757,-0.95597,0.31441,-0.94929,2.9073,0.0012499,0.0479,-0.0056,-0.0074
6,2,9.8069,-0.00027019,0.0482,0.0489,-0.74096,-0.89138,0.026572,-0.99965,7.3136,0.00086893,0.0474,-0.0053,-0.0064
6,3,0.136,0.00039953,0.0379,0.0441,-3.0365,-2.9593,0.77247,0.63506,7.2666,0.00082423,0.0441,-0.0203,-0.0196
6,3,0.2641,0.00029953,0.038,0.0444,-2.8163,-2.7244,0.99591,-0.090336,7.6457,0.0011225,0.0396,-0.0193,-0.0187
6,3,0.308,-0.00070047,0.0439,0.0429,-2.2841,-2.3507,0.93686,-0.34971,12.686,0.0018138,0.0397,-0.015,-0.0154
6,3,0.3511,-0.0010005,0.0431,0.0428,-1.8,-1.9207,0.81434,-0.58039,8.4057,0.00093837,0.0473,-0.0116,-0.0123
6,3,0.3948,-0.00030047,0.0437,0.0444,-2.1736,-2.1736,0.63344,-0.77379,10.969,0.00048868,0.045,-0.0152,-0.0152
6,3,0.4382,-0.00030047,0.0434,0.0434,-2.3119,-2.3119,0.40979,-0.91218,7.632,0.00066442,0.0454,-0.0168,-0.0168
6,3,0.483,-0.00090047,0.0448,0.0442,-2.4269,-2.508,0.14939,-0.98878,3.0586,0.00022678,0.0462,-0.0174,-0.018
6,3,0.5256,0.00029953,0.0426,0.0438,-2.7253,-2.646,-0.10874,-0.99407,3.8375,0.00077403,0.0432,-0.021,-0.0204
6,3,0.5705,-0.0016005,0.0449,0.043,-2.918,-3.1158,-0.37263,-0.92798,1.4161,0.00012834,0.0429,-0.0193,-0.0206
6,3,0.6112,0.0015995,0.0407,0.0439,3.0701,-2.9331,-0.5885,-0.8085,-2.1257,0.00031782,0.0415,-0.0215,-0.0196
6,3,0.6538,0.00019953,0.0426,0.0412,-3.1383,-3.0622,-0.77588,-0.63088,0.52125,8.6597e-05,0.0437,-0.0204,-0.0199
6,3,0.6965,0.0012995,0.0427,0.0438,-3.089,-2.8625,-0.91179,-0.41066,-1.2386,0.00012046,0.0438,-0.0214,-0.0198
6,3,0.7393,0.00039953,0.0428,0.0419,3.1006,-3.0831,-0.98674,-0.16233,-1.7815,1.8266e-05,0.0426,-0.0224,-0.0217
6,3,0.7831,0.00029953,0.0438,0.0437,3.1053,-3.1037,-0.99469,0.10296,-4.5753,-0.00023612,0.0442,-0.0212,-0.0206
6,3,0.8259,0.0012995,0.0428,0.0438,3.0691,-2.9911,-0.93474,0.35533,-5.104,-9.5755e-05,0.0429,-0.0226,-0.021
6,3,0.868,0.0019995,0.0421,0.0428,2.9195,-3.0239,-0.81438,0.58033,-3.809,-0.00031339,0.0433,-0.0234,-0.0211
6,3,0.9118,0.0023995,0.0438,0.0442,2.9506,-2.9372,-0.63303,0.77412,-0.51354,0.00070569,0.0416,-0.0229,-0.0202
6,3,0.9553,-0.00020047,0.0435,0.0409,3.0781,3.0936,-0.40876,0.91264,3.2433,0.001366,0.0405,-0.021,-0.0209
6,3,0.9977,-0.00080047,0.0424,0.0418,3.1351,3.0586,-0.16267,0.98668,4.4248,0.00074768,0.0441,-0.0191,-0.0196
6,3,1.0405,-0.00030047,0.0428,0.0433,-2.8514,-2.8514,0.096571,0.99533,6.7456,0.0011902,0.0403,-0.0204,-0.0204
6,3,1.0828,0.00029953,0.0423,0.0429,-2.9119,-2.8162,0.34647,0.93806,6.543,0.00062682,0.0453,-0.0184,-0.0178
6,3,1.1273,-0.00080047,0.0445,0.0434,-2.6518,-2.7181,0.5845,0.8114,7.7616,0.0015789,0.0409,-0.0192,-0.0197
6,3,1.1701,-0.0015005,0.0428,0.0421,-2.5967,-2.7823,0.77352,0.63377,6.7085,0.0011587,0.042,-0.0173,-0.0185
6,3,1.2115,0.00059953,0.0414,0.0435,-2.493,-2.3583,0.90695,0.42123,12.364,0.00061007,0.042,-0.0179,-0.017
6,3,1.2996,-0.00040047,0.0379,0.0436,-2.4185,-2.4331,0.99494,-0.10046,12.553,0.0013402,0.0401,-0.0155,-0.0156
6,3,1.3435,-0.00060047,0.0439,0.0437,-1.9028,-1.9502,0.93325,-0.35923,11.979,0.0016039,0.0435,-0.0117,-0.012
6,3,1.3875,-0.00050047,0.044,0.0441,-1.5636,-1.5913,0.80516,-0.59306,12.815,0.0018506,0.0452,-0.0112,-0.0114
6,3,1.4316,-0.0011005,0.0441,0.0435,-1.7801,-1.8909,0.61935,-0.78511,12.79,0.0019724,0.0422,-0.0123,-0.0131
6,3,1.4749,-0.00070047,0.0433,0.0437,-1.5762,-1.6326,0.3938,-0.9192,20.043,0.0013553,0.0366,-0.0112,-0.0116
6,3,1.518,0.0010995,0.0431,0.0449,-0.67197,-0.46671,0.14233,-0.98982,8.6733,0.00049996,0.061,-0.0047,-0.0033
6,3,1.5651,-0.00070047,0.0471,0.0453,-2.3956,-2.4294,-0.14295,-0.98973,1.9971,0.00027016,0.0454,-0.0186,-0.019
6,3,1.6092,0.00069953,0.0441,0.0455,-2.8391,-2.704,-0.39995,-0.91654,-4.213,0.00067939,0.0439,-0.0199,-0.0189
6,3,1.6543,-0.00050047,0.0451,0.0439,-2.593,-2.6208,-0.63311,-0.77406,4.5037,0.00063993,0.0399,-0.0187,-0.0189
6,3,1.6968,-4.6512e-07,0.0425,0.043,-2.5373,-2.4872,-0.80983,-0.58667,-2.4708,0.00047031,0.0445,-0.0161,-0.0158
6,3,1.738,0.0019995,0.0412,0.0432,-2.713,-2.3896,-0.92994,-0.3677,-0.3953,0.00017169,0.0442,-0.0194,-0.0171
6,3,1.7832,0.00029953,0.0452,0.0435,-2.6497,-2.563,-0.99482,-0.10166,-0.21278,0.00029627,0.045,-0.0184,-0.0178
6,3,1.8261,0.0010995,0.0429,0.0437,-2.9305,-2.7377,-0.9874,0.15823,-2.7499,-0.00015382,0.0443,-0.0205,-0.0191
6,3,1.8701,0.0016995,0.044,0.0446,-2.8783,-2.5991,-0.9105,0.41352,-2.9078,1.2921e-05,0.0438,-0.0208,-0.0188
6,3,1.9151,-0.00050047,0.045,0.0428,-2.8381,-2.867,-0.76497,0.64407,-1.0028,6.7179e-05,0.0436,-0.0196,-0.0198
6,3,1.9578,0.0014995,0.0427,0.0447,-2.9312,-2.6705,-0.57408,0.8188,0.18294,0.00016804,0.045,-0.0205,-0.0187
6,3,2.0023,0.00089953,0.0445,0.0439,-2.9615,-2.7946,-0.33445,0.94241,0.10008,0.0010222,0.0396,-0.021,-0.0198
6,3,2.0468,-0.00010047,0.0445,0.0435,-2.6812,-2.6477,-0.070513,0.99751,-1.1789,0.00071801,0.0423,-0.0161,-0.0159
6,3,2.0902,0.00089953,0.0434,0.0444,-2.2697,-2.0939,0.192,0.9814,2.2314,0.00075271,0.0431,-0.015,-0.0138
6,3,2.1337,0.00069953,0.0435,0.0433,-2.0583,-1.9188,0.44177,0.89713,8.6438,0.0011957,0.0423,-0.0146,-0.0136
6,3,2.1786,-0.00050047,0.0449,0.0437,-1.7354,-1.7651,0.66721,0.74487,5.9546,0.0011604,0.0451,-0.012,-0.0122
6,3,2.2221,9.9535e-05,0.0435,0.0441,-1.902,-1.8459,0.83867,0.54464,6.6727,0.0013898,0.0436,-0.0136,-0.0132
6,3,2.2666,-0.0010005,0.0445,0.0434,-1.9825,-2.101,0.95369,0.30078,3.4317,0.0011131,0.0422,-0.0127,-0.0134
6,3,2.3088,-0.00020047,0.0422,0.043,-1.777,-1.7628,0.9988,0.049016,6.3978,0.0011282,0.045,-0.0127,-0.0126
6,3,2.3546,-0.00070047,0.0458,0.0453,-1.725,-1.7817,0.97382,-0.22731,11.362,0.0015509,0.0416,-0.0119,-0.0123
6,3,2.3987,-0.0010005,0.0441,0.0438,-1.4346,-1.5403,0.87885,-0.47709,11.453,0.0020311,0.0418,-0.0094,-0.0101
6,3,2.4437,-0.0014005,0.045,0.0446,-0.91024,-1.0717,0.71733,-0.69673,9.4898,0.0017189,0.0454,-0.0062,-0.0073
6,3,2.4874,-0.0015005,0.0437,0.0436,-1.1079,-1.2731,0.5093,-0.86059,12.074,0.0019835,0.0435,-0.0079,-0.0091
6,3,2.5322,-0.0020005,0.0448,0.0443,-0.94282,-1.1887,0.25911,-0.96585,4.2293,0.00092235,0.0506,-0.0066,-0.0083
6,3,2.5762,0.00029953,0.044,0.0463,-1.5221,-1.4523,-0.005319,-0.99999,6.4572,0.00064966,0.0483,-0.0132,-0.0126
6,3,2.6197,0.00039953,0.0435,0.0436,-2.4959,-2.4002,-0.26644,-0.96385,-3.6718,-0.00015467,0.0471,-0.018,-0.0173
6,3,2.6656,0.00079953,0.0459,0.0463,-2.5751,-2.4302,-0.52154,-0.85323,-0.9692,-0.00067087,0.0462,-0.0192,-0.0181
6,3,2.7103,-4.6512e-07,0.0447,0.0439,-2.8099,-2.769,-0.73137,-0.68198,0.77976,-0.00034531,0.0454,-0.0207,-0.0204
6,3,2.7537,0.00049953,0.0434,0.0439,3.0895,-3.069,-0.88388,-0.46771,0.60476,0.00014326,0.0436,-0.0227,-0.0219
6,3,2.796,0.0021995,0.0423,0.044,2.7365,3.0921,-0.97375,-0.22761,-9.2083,-0.00025097,0.0438,-0.024,-0.0215
6,3,2.8408,0.0011995,0.0448,0.0438,3.0984,-2.9701,-0.99909,0.042644,NaN,-0.00020526,0.0439,-0.023,-0.0215
6,3,2.9749,9.9535e-05,0.0443,0.0432,-3.0637,-3.0087,-0.65421,0.75632,-0.86527,0.00039728,0.0434,-0.0219,-0.0215
6,3,3.0167,0.00049953,0.0418,0.0422,2.9441,3.0613,-0.44313,0.89646,0.80412,6.0816e-05,0.0418,-0.0235,-0.0227
6,3,3.0628,-0.00020047,0.0461,0.0454,-2.9235,-2.908,-0.17796,0.98404,2.9119,0.0019096,0.0398,-0.0192,-0.0191
6,3,3.1063,-0.00030047,0.0435,0.0434,-2.5137,-2.5137,0.08536,0.99635,6.9754,0.0010195,0.0417,-0.0155,-0.0155
6,3,3.1502,0.00019953,0.0439,0.0444,-1.9722,-1.8963,0.34503,0.93859,4.7964,0.00090909,0.0486,-0.0133,-0.0128
6,3,3.196,-0.00060047,0.0458,0.045,-2.1362,-2.174,0.58965,0.80766,9.9608,0.0020608,0.0421,-0.0161,-0.0164
6,3,3.2385,0.00019953,0.0425,0.0433,-2.3366,-2.2609,0.77639,0.63025,8.6629,0.001371,0.042,-0.0157,-0.0152
6,3,3.2836,9.9535e-05,0.0451,0.045,-1.9178,-1.8565,0.91801,0.39657,4.8311,0.0013617,0.0452,-0.0126,-0.0122
6,3,3.3289,-0.00050047,0.0453,0.0447,-1.7618,-1.789,0.99124,0.13207,10.759,0.0016836,0.0435,-0.0125,-0.0127
6,3,3.3731,-0.00080047,0.0442,0.0439,-1.6139,-1.6834,0.99074,-0.13575,14.098,0.0022292,0.0434,-0.0118,-0.0123
6,3,3.4177,-0.00090047,0.0446,0.0445,-1.5677,-1.6584,0.91822,-0.39607,12.288,0.0024388,0.042,-0.0106,-0.0112
6,3,3.4615,-0.00090047,0.0438,0.0438,-1.3613,-1.4558,0.78169,-0.62367,4.4063,0.0012109,0.048,-0.0088,-0.0094
6,3,3.5056,-0.00050047,0.0441,0.0445,-1.6823,-1.7077,0.58861,-0.80842,11.421,0.0014983,0.0439,-0.0127,-0.0129
6,3,3.5509,-0.00030047,0.0453,0.0455,-1.4762,-1.4762,0.34668,-0.93798,6.9466,0.00075147,0.0498,-0.0113,-0.0113
6,3,3.596,9.9535e-05,0.0451,0.0455,-2.1099,-2.058,0.079841,-0.99681,-5.7295,-0.00033262,0.0484,-0.016,-0.0156
6,3,3.6417,-0.00020047,0.0457,0.0454,-2.4746,-2.4617,-0.19653,-0.9805,-1.1021,0.0001239,0.0454,-0.0187,-0.0186
6,3,3.6863,-0.00020047,0.0446,0.0446,-2.6726,-2.6585,-0.45189,-0.89207,2.104,-0.00025843,0.0464,-0.0195,-0.0194
6,3,3.7299,0.00039953,0.0436,0.0442,-3.105,-3.0108,-0.66974,-0.74259,-4.309,-0.00021392,0.0435,-0.0223,-0.0216
6,3,3.7743,0.00029953,0.0444,0.0443,-3.1359,-3.0492,-0.84347,-0.53718,-7.8066,-5.2566e-05,0.0448,-0.0214,-0.0208
6,3,3.8193,0.00029953,0.045,0.045,-2.9196,-2.8367,-0.95721,-0.28939,-1.2515,-0.00029277,0.0447,-0.0212,-0.0206
6,3,3.8629,0.0012995,0.0436,0.0446,3.1177,-2.9398,-0.99959,-0.028607,-6.5689,-0.0001091,0.0438,-0.0223,-0.0207
6,3,3.907,0.00029953,0.0441,0.0431,-3.1388,-3.0521,-0.97148,0.23713,-3.4409,-0.00029962,0.0447,-0.022,-0.0214
6,3,3.9505,0.0014995,0.0435,0.0447,2.9822,-3.0475,-0.87576,0.48275,-7.7769,-0.00064735,0.0447,-0.0232,-0.0214
6,3,3.9939,0.00039953,0.0434,0.0423,2.8245,2.9217,-0.71961,0.69438,-7.1181,-0.00063265,0.0421,-0.0245,-0.0238
6,3,4.0379,0.00029953,0.044,0.0439,2.8717,2.9772,-0.51055,0.85985,-6.9164,-0.00044378,0.048,-0.0226,-0.022
6,3,4.0833,-0.00010047,0.0454,0.045,3.1256,-3.1316,-0.25699,0.96641,1.8822,0.00020446,0.0405,-0.0252,-0.025
6,3,4.1272,-0.00030047,0.0439,0.0437,2.547,2.547,0.0069037,0.99998,2.7445,0.00068695,0.0386,-0.0218,-0.0218
6,3,4.1722,-4.6512e-07,0.045,0.0453,-2.9721,-2.9226,0.27674,0.96095,-0.41258,0.00054567,0.0448,-0.0154,-0.0151
6,3,4.2171,-0.00020047,0.0449,0.0447,-2.041,-2.0281,0.52548,0.85081,8.2541,0.00131,0.043,-0.0153,-0.0152
6,3,4.2611,-0.00030047,0.044,0.0439,-2.0235,-2.0235,0.73162,0.68171,3.8308,0.0016887,0.0441,-0.0143,-0.0143
6,3,4.3056,-0.00050047,0.0445,0.0443,-1.9985,-2.0275,0.88716,0.46147,9.8983,0.0012215,0.0459,-0.0139,-0.0141
6,3,4.3503,-0.00040047,0.0447,0.0448,-2.1329,-2.1464,0.97845,0.20648,9.1694,0.0016728,0.0422,-0.0151,-0.0152
6,3,4.3946,-0.00050047,0.0443,0.0442,-1.8402,-1.8546,0.99812,-0.06122,7.3636,0.0015126,0.0452,-0.013,-0.0132
6,3,4.4396,-0.00060047,0.045,0.0449,-1.8512,-1.8929,0.94449,-0.32853,8.096,0.002393,0.0423,-0.0132,-0.0135
6,3,4.4836,-0.00060047,0.044,0.044,-1.7059,-1.7515,0.82411,-0.56643,6.3765,0.0010649,0.0474,-0.0115,-0.0118
6,3,4.5279,9.9535e-05,0.0443,0.045,-1.9062,-1.8547,0.64375,-0.76523,9.3709,0.0015115,0.048,-0.0146,-0.0142
6,3,4.5722,-0.00020047,0.0443,0.044,-2.3281,-2.3022,0.41701,-0.9089,7.5093,0.00094784,0.0483,-0.0183,-0.0182
6,3,4.6167,9.9535e-05,0.0445,0.0448,-2.987,-2.9346,0.15902,-0.98727,0.70929,0.0001186,0.0436,-0.0221,-0.0217
6,3,4.6619,-0.00020047,0.0452,0.0449,-3.0664,-3.0519,-0.11475,-0.99339,-7.9365,-8.2788e-05,0.0443,-0.0205,-0.0204
6,3,4.7058,-4.6512e-07,0.0439,0.0441,-2.879,-2.8371,-0.3726,-0.92799,-0.54002,-0.00055623,0.0465,-0.0209,-0.0206
6,3,4.7495,0.00019953,0.0437,0.0439,3.0918,-3.1243,-0.60312,-0.79765,-4.5083,-0.00055077,0.044,-0.0237,-0.0232
6,3,4.7944,0.00019953,0.0449,0.0449,2.995,3.0673,-0.79578,-0.60559,-6.6776,0.00019058,0.0433,-0.0228,-0.0223
6,3,4.8389,-0.00030047,0.0445,0.044,3.0621,3.0621,-0.92864,-0.37097,-10.858,-0.00083717,0.0434,-0.0216,-0.0216
6,3,4.8826,0.00029953,0.0437,0.0443,-3.011,-2.9244,-0.99346,-0.11421,-6.9162,-0.00075491,0.0458,-0.0213,-0.0207
6,3,4.9263,-4.6512e-07,0.0437,0.0434,3.0297,3.0702,-0.9886,0.15055,-10.661,-0.0011441,0.0434,-0.0234,-0.0231
6,3,4.9704,0.00039953,0.0441,0.0445,3.0537,-3.1269,-0.91344,0.40698,-5.7424,-0.00043288,0.0439,-0.0227,-0.022
6,3,5.0133,0.00029953,0.0429,0.0428,2.8208,2.8924,-0.77765,0.6287,-10.564,-0.0010313,0.0442,-0.0237,-0.0231
6,3,5.0574,9.9535e-05,0.0441,0.0439,2.9103,2.9667,-0.58339,0.81219,-5.219,-0.00038575,0.0433,-0.0238,-0.0234
6,3,5.1013,0.00019953,0.0439,0.044,2.8897,2.9623,-0.34861,0.93727,-4.8767,0.00055502,0.041,-0.0232,-0.0227
6,3,5.1456,0.00019953,0.0443,0.0443,-3.1159,-3.039,-0.086741,0.99623,-3.4358,0.0008351,0.0419,-0.0199,-0.0194
6,3,5.1903,-0.00050047,0.0447,0.044,-2.5423,-2.572,0.18377,0.98297,-0.25191,0.0007964,0.0466,-0.0171,-0.0173
6,3,5.2356,-4.6512e-07,0.0453,0.0458,-2.4082,-2.3691,0.44407,0.89599,10.083,0.0013395,0.043,-0.0184,-0.0181
6,3,5.2799,-0.00010047,0.0443,0.0442,-2.586,-2.5399,0.6664,0.74559,5.3372,0.0011958,0.0464,-0.0171,-0.0169
6,3,5.3231,0.00019953,0.0432,0.0435,-2.7221,-2.6558,0.83708,0.54708,9.8343,0.0010296,0.0446,-0.0203,-0.0198
6,3,5.3671,0.00019953,0.044,0.044,-2.9996,-2.9293,0.95189,0.30645,6.1473,0.0021279,0.0406,-0.0209,-0.0204
6,3,5.4122,-0.00060047,0.0451,0.0443,-2.6003,-2.6483,0.9993,0.037349,7.6689,0.0015156,0.0462,-0.0164,-0.0167
6,3,5.4566,-0.00030047,0.0444,0.0447,-2.4127,-2.4127,0.9731,-0.2304,10.237,0.0017879,0.0407,-0.0182,-0.0182
6,3,5.5021,-0.00040047,0.0455,0.0454,-2.0754,-2.0915,0.87322,-0.48732,6.6132,0.0012583,0.047,-0.0134,-0.0135
6,3,5.5462,-0.00020047,0.0441,0.0443,-2.0771,-2.0771,0.71299,-0.70117,8.37,0.0013111,0.0459,-0.0163,-0.0162
6,3,5.5911,9.9535e-05,0.0449,0.0452,-2.4019,-2.3445,0.49764,-0.86739,3.3342,0.00047633,0.0494,-0.0173,-0.0169
6,3,5.6362,-4.6512e-07,0.0451,0.045,-2.7799,-2.7422,0.24427,-0.96971,2.4062,-7.0354e-05,0.0465,-0.0216,-0.0213
6,3,5.6814,-0.00020047,0.0452,0.045,3.0782,3.0914,-0.027933,-0.99961,-7.3029,-0.00072603,0.0457,-0.0229,-0.0228
6,3,5.7266,-4.6512e-07,0.0452,0.0454,-3.0735,-3.0325,-0.29805,-0.95455,2.1603,-0.00057519,0.0454,-0.0234,-0.0231
6,3,5.7713,-0.00010047,0.0447,0.0446,2.852,2.8659,-0.54326,-0.83957,-6.4063,-0.00063546,0.0443,-0.0241,-0.0239
6,3,5.8154,-4.6512e-07,0.0441,0.0442,2.7887,2.8308,-0.7462,-0.66572,-10.649,-0.0009377,0.0445,-0.0243,-0.024
6,3,5.8603,9.9535e-05,0.0449,0.045,2.9534,3.0098,-0.89801,-0.43998,-6.4668,-0.00039892,0.0428,-0.0239,-0.0235
6,3,5.9049,9.9535e-05,0.0446,0.0446,2.9091,2.9827,-0.98303,-0.18347,-12.879,-0.0010036,0.0449,-0.0221,-0.0217
6,3,5.9494,0.00019953,0.0445,0.0446,-3.059,-2.9904,-0.99631,0.085832,-7.3896,-0.00089906,0.0465,-0.0225,-0.022
6,3,5.9938,0.00019953,0.0444,0.0444,2.9847,3.0529,-0.93737,0.34833,-7.7221,-0.00091203,0.0438,-0.0246,-0.0241
6,3,6.0387,-0.00020047,0.0449,0.0445,2.765,2.7791,-0.80881,0.58807,-14.251,-0.0014134,0.0445,-0.0235,-0.0234
6,3,6.0825,-4.6512e-07,0.0438,0.044,2.9757,3.0322,-0.62562,0.78013,-6.1729,-0.00060988,0.0433,-0.0242,-0.0239
6,3,6.1265,0.00029953,0.044,0.0443,2.7148,2.8007,-0.39725,0.91771,-13.52,-0.0014021,0.0432,-0.0235,-0.0229
6,3,6.1714,9.9535e-05,0.0449,0.0447,-3.084,-3.0265,-0.13521,0.99082,-5.6171,0.00012496,0.0439,-0.0218,-0.0214
6,3,6.2164,-0.00020047,0.045,0.0447,-3.0645,-3.0505,0.13743,0.99051,-5.8748,0.00029442,0.0398,-0.0207,-0.0206
6,3,6.2597,0.00019953,0.0433,0.0437,-2.558,-2.4632,0.39036,0.92066,-1.7212,0.00034348,0.0472,-0.0172,-0.0167
6,3,6.3061,-0.00050047,0.0464,0.0457,-2.4104,-2.4365,0.63114,0.77567,4.9124,0.00089052,0.0437,-0.018,-0.0182
6,3,6.3507,-0.00020047,0.0446,0.0449,-2.389,-2.389,0.81578,0.57836,4.9589,0.00075432,0.0465,-0.0171,-0.017
6,3,6.3947,-4.6512e-07,0.044,0.0442,-2.7418,-2.7145,0.93961,0.34224,3.8742,0.00094616,0.0451,-0.0196,-0.0193
6,3,6.4396,-0.00030047,0.0449,0.0446,-2.7506,-2.7506,0.99708,0.076339,5.78,0.0011342,0.0379,-0.0198,-0.0198
6,3,6.4836,-0.00020047,0.044,0.0441,-2.4945,-2.4763,0.98181,-0.18984,-1.775,0.00073205,0.0442,-0.0137,-0.0136
6,3,6.5284,-0.00040047,0.0448,0.0446,-1.8145,-1.8281,0.89459,-0.44688,2.4216,0.00081155,0.0459,-0.0131,-0.0132
6,3,6.5734,-0.00010047,0.045,0.0453,-1.8159,-1.7895,0.74064,-0.6719,NaN,0.00041012,0.0488,-0.014,-0.0138
6,3,6.7073,0.00019953,0.0445,0.0443,2.8579,2.9246,0.020234,-0.9998,-5.6552,-0.00030191,0.0407,-0.0251,-0.0246
6,3,6.7526,-4.6512e-07,0.0453,0.0451,2.9235,2.97,-0.25232,-0.96764,-16.696,-0.0013836,0.0458,-0.0205,-0.0202
6,3,6.7964,0.00029953,0.0438,0.0441,-2.9237,-2.8448,-0.49799,-0.86718,-4.3743,-0.0006713,0.0455,-0.0225,-0.0219
6,3,6.8419,-0.00020047,0.0455,0.045,3.1395,-3.1296,-0.71583,-0.69828,-5.7388,-0.00027505,0.0431,-0.0225,-0.0224
6,3,6.8855,9.9535e-05,0.0436,0.0439,2.9368,2.9947,-0.87372,-0.48643,-14.05,-0.0013452,0.046,-0.022,-0.0216
6,3,6.9298,0.00039953,0.0443,0.0446,-3.1307,-3.0377,-0.97163,-0.2365,-5.9614,-0.0011643,0.0463,-0.0237,-0.023
6,3,6.9741,0.00029953,0.0443,0.0442,2.8052,2.8881,-0.99954,0.030468,-4.227,-0.00092181,0.0414,-0.0257,-0.0251
6,3,7.0182,0.00019953,0.0441,0.044,2.4732,2.5436,-0.95578,0.29408,-24.292,-0.0019143,0.0424,-0.023,-0.0225
6,3,7.0628,0.00029953,0.0446,0.0447,-2.8564,-2.7733,-0.84214,0.53926,-9.7694,-0.00096099,0.0431,-0.0208,-0.0202
6,3,7.1061,-4.6512e-07,0.0433,0.043,-2.9502,-2.9052,-0.67287,0.73976,-9.9295,-0.0011169,0.0445,-0.0206,-0.0203
6,3,7.1505,0.00039953,0.0444,0.0448,-2.9907,-2.8909,-0.45131,0.89237,-12.381,-0.0011338,0.046,-0.0207,-0.02
6,3,7.1961,0.00019953,0.0456,0.0454,-2.8331,-2.7654,-0.18993,0.9818,-1.5104,-0.00062606,0.0464,-0.0211,-0.0206
6,3,7.2399,9.9535e-05,0.0438,0.0437,2.9769,3.0296,0.075033,0.99718,-6.4074,-0.00044246,0.043,-0.0237,-0.0233
6,3,7.2853,0.0012995,0.0454,0.0466,-3.0244,-2.7924,0.34386,0.93902,-0.91423,0.00066805,0.043,-0.0213,-0.0197
6,3,7.3324,-0.00040047,0.0471,0.0454,-2.4726,-2.4877,0.59501,0.80372,3.4693,-6.9553e-05,0.0475,-0.0172,-0.0173
6,3,7.3775,-0.00020047,0.0451,0.0453,-2.6846,-2.6714,0.79035,0.61265,1.9394,0.00044908,0.0456,-0.0196,-0.0195
6,3,7.4228,9.9535e-05,0.0453,0.0456,-2.8556,-2.802,0.92714,0.37472,1.4228,0.00062663,0.0381,-0.0199,-0.0195
6,3,7.4678,-0.00070047,0.045,0.0442,-2.0167,-2.0814,0.99389,0.11038,2.5722,0.00072921,0.0433,-0.013,-0.0134
6,3,7.5127,-0.00040047,0.0449,0.0452,-1.591,-1.6051,0.98686,-0.16157,2.2216,0.0009231,0.0464,-0.0114,-0.0115
6,3,7.558,-0.00030047,0.0453,0.0454,-1.6704,-1.6704,0.90577,-0.42376,3.8914,0.00055481,0.0484,-0.0125,-0.0125
6,3,7.604,-0.00020047,0.046,0.0461,-1.9827,-1.9696,0.75367,-0.65725,0.15868,0.00024114,0.0492,-0.0149,-0.0148
6,3,7.6496,-4.6512e-07,0.0456,0.0458,-2.277,-2.2398,0.54509,-0.83838,6.5062,-3.9525e-05,0.0487,-0.0185,-0.0182
6,3,7.6959,-0.00020047,0.0463,0.0461,-2.7947,-2.7816,0.29084,-0.95677,-3.6433,-0.00020731,0.0451,-0.0209,-0.0208
6,3,7.742,-0.00050047,0.0461,0.0458,-2.8245,-2.8528,0.014924,-0.99989,-6.563,-0.0011807,0.0475,-0.0199,-0.0201
6,3,7.7876,-0.00040047,0.0456,0.0457,-2.8599,-2.8729,-0.25922,-0.96582,-7.1064,-0.0013372,0.0482,-0.0218,-0.0219
6,3,7.8334,-0.00010047,0.0458,0.0461,-3.1157,-3.0898,-0.51462,-0.85742,-3.9887,-0.00060736,0.0415,-0.0242,-0.024
6,3,7.8781,0.00019953,0.0447,0.045,2.8939,2.9716,-0.72583,-0.68788,-15.489,-0.0012416,0.045,-0.021,-0.0205
6,3,7.9236,-0.00010047,0.0455,0.0452,-2.7886,-2.7615,-0.88606,-0.46358,-6.5543,-0.00057179,0.0452,-0.0205,-0.0203
6,3,7.9685,-0.00010047,0.0449,0.0449,-2.876,-2.8481,-0.97821,-0.20762,-7.9575,-0.00074019,0.0449,-0.0208,-0.0206
6,3,8.0143,0.00019953,0.0458,0.0461,-2.8251,-2.7685,-0.99761,0.069155,-7.8643,-0.0014407,0.0464,-0.0199,-0.0194
6,3,8.0589,0.00069953,0.0446,0.0451,-2.9076,-2.7733,-0.94266,0.33374,-6.6197,-0.0012334,0.0466,-0.0217,-0.0207
6,3,8.1038,-4.6512e-07,0.0449,0.0442,3.0695,3.1092,-0.81784,0.57545,-11.417,-0.0013586,0.0432,-0.0234,-0.0231
6,3,8.1488,-0.00010047,0.045,0.0449,-3.0856,-3.0708,-0.63201,0.77496,-7.2835,-0.001095,0.0458,-0.0216,-0.0214
6,3,8.1935,0.00019953,0.0447,0.045,-3.1037,-3.035,-0.40088,0.91613,-4.1322,-0.00044493,0.0444,-0.0227,-0.0222
6,3,8.2394,-0.00020047,0.0459,0.0455,-3.0705,-3.0562,-0.13312,0.9911,-3.9009,-0.00045706,0.0432,-0.0212,-0.0211
6,3,8.2845,-0.00010047,0.0451,0.0452,-2.886,-2.8566,0.14012,0.99013,-1.5611,0.00040618,0.0412,-0.0193,-0.0191
6,3,8.3297,-0.00030047,0.0452,0.045,-2.4525,-2.4525,0.40346,0.915,-5.442,7.9112e-05,0.0482,-0.0153,-0.0153
6,3,8.3761,-0.00020047,0.0464,0.0465,-2.1059,-2.0817,0.64214,0.76658,4.8889,9.8683e-05,0.0469,-0.0171,-0.017
6,3,8.4211,-0.00050047,0.045,0.0447,-2.418,-2.4313,0.82533,0.56465,5.222,0.0011288,0.0432,-0.019,-0.0192
6,3,8.4679,-0.00090047,0.0468,0.0464,-2.5387,-2.6314,0.95062,0.31037,1.8456,9.9474e-05,0.0414,-0.0154,-0.016
6,3,8.5143,-0.00040047,0.0464,0.0469,-1.498,-1.513,0.99944,0.033574,2.8758,0.00027905,0.0544,-0.0104,-0.0105
6,3,8.5604,-0.00050047,0.0461,0.046,-2.3963,-2.4185,0.96975,-0.24411,2.5621,0.00051008,0.0456,-0.0187,-0.0189
6,3,8.6071,-0.00060047,0.0467,0.0466,-2.3067,-2.3465,0.86259,-0.5059,6.3219,0.00061758,0.046,-0.0176,-0.0179
6,3,8.6527,-0.00050047,0.0456,0.0457,-2.4464,-2.4743,0.69126,-0.7226,2.7032,0.00034751,0.049,-0.018,-0.0182
6,3,8.6993,-4.6512e-07,0.0466,0.0471,-2.6376,-2.5868,0.4618,-0.88699,1.244,-9.8057e-05,0.0504,-0.0204,-0.0201
6,3,8.7455,-0.00010047,0.0462,0.0461,-3.0543,-3.0301,0.19792,-0.98022,-0.58116,-0.00012641,0.0436,-0.0246,-0.0244
6,3,8.7921,-0.00020047,0.0466,0.0465,-3.1219,-3.1067,-0.083883,-0.99648,-4.408,-0.00074452,0.046,-0.0216,-0.0215
6,3,8.8377,0.00019953,0.0456,0.046,-3.0519,-2.9831,-0.35332,-0.9355,-7.4053,-0.0013009,0.0469,-0.022,-0.0215
6,3,8.884,-0.00010047,0.0463,0.046,-3.0863,-3.0599,-0.59921,-0.80059,-8.9516,-0.0012553,0.0463,-0.0226,-0.0224
6,3,8.9302,-0.00040047,0.0462,0.0459,-3.1171,-3.1171,-0.7976,-0.60319,-12.008,-0.001438,0.0466,-0.0227,-0.0228
6,3,8.9762,0.00029953,0.046,0.0467,-3.0363,-2.9568,-0.93307,-0.35968,-7.5862,-0.0011808,0.045,-0.0233,-0.0227
6,3,9.0211,0.00039953,0.0449,0.045,3.0335,3.1339,-0.99549,-0.094901,-9.1048,-0.001186,0.0443,-0.0234,-0.0227
6,3,9.0661,0.00019953,0.045,0.0448,3.0248,3.0968,-0.98412,0.1775,-11.778,-0.0010915,0.0437,-0.0227,-0.0222
6,3,9.1114,0.00029953,0.0453,0.0454,-3.0423,-2.9538,-0.8988,0.43835,-9.0899,-0.0014798,0.0479,-0.0211,-0.0205
6,3,9.1567,0.00019953,0.0453,0.0452,3.1012,-3.119,-0.74579,0.66618,-12.137,-0.0014412,0.0445,-0.0237,-0.0232
6,3,9.2026,0.00019953,0.0459,0.0459,3.1401,-3.0876,-0.53352,0.84579,-10.815,-0.0013126,0.0455,-0.0223,-0.0218
6,3,9.2473,0.0016995,0.0447,0.0462,-3.1036,-2.8169,-0.28699,0.95793,-6.5877,-0.0010995,0.0465,-0.0231,-0.0211
6,3,9.293,0.0012995,0.0457,0.0453,3.0332,-3.0217,-0.013339,0.99991,-9.2782,-0.00036129,0.0373,-0.0239,-0.0223
6,3,9.3384,-0.00020047,0.0454,0.0439,-2.6821,-2.6633,0.25958,0.96572,-7.3498,-0.00023254,0.0426,-0.0158,-0.0157
6,3,9.3841,-0.00060047,0.0457,0.0453,-1.7909,-1.8347,0.51442,0.85754,-1.511,9.2541e-05,0.0457,-0.0127,-0.013
6,3,9.4304,-0.00030047,0.0463,0.0466,-1.7178,-1.7178,0.73232,0.68096,4.8062,0.00029784,0.0457,-0.0121,-0.0121
6,3,9.4754,-0.00040047,0.045,0.0449,-1.839,-1.8529,0.88903,0.45786,3.4304,0.00042535,0.0488,-0.0128,-0.0129
6,3,9.5208,-0.00040047,0.0454,0.0454,-2.1469,-2.159,0.98013,0.19833,2.0184,0.00060466,0.0468,-0.0162,-0.0163
6,3,9.5671,-0.00040047,0.0463,0.0463,-2.017,-2.0288,0.99666,-0.081644,1.3819,0.00017559,0.0423,-0.0167,-0.0168
6,3,9.6118,-0.00020047,0.0447,0.0449,-1.687,-1.675,0.9382,-0.34609,3.5336,0.00087447,0.0409,-0.0143,-0.0142
6,3,9.6571,-0.00050047,0.0453,0.045,-1.4879,-1.5215,0.80878,-0.58811,-3.9885,-0.00040096,0.0528,-0.0099,-0.0101
6,3,9.7027,-0.00050047,0.0456,0.0456,-2.006,-2.029,0.61701,-0.78695,3.44,0.00041351,0.0475,-0.0171,-0.0173
6,3,9.7483,-0.00030047,0.0456,0.0458,-2.6654,-2.6654,0.37815,-0.92574,0.012007,0.0003319,0.0457,-0.019,-0.019
6,3,9.794,-0.00010047,0.0457,0.0459,-2.642,-2.6156,0.10983,-0.99395,-5.0684,-0.00058353,0.0475,-0.019,-0.0188
6,3,9.8397,-0.00020047,0.0457,0.0456,-2.4786,-2.4663,-0.16691,-0.98597,-2.6129,-0.0006391,0.047,-0.0208,-0.0207
6,4,0.0718,0.0013859,0.0438,0.0441,-2.2855,-2.1006,-0.23332,-0.9724,1.2443,-0.00019809,0.0435,-0.0208,-0.0192
6,4,0.117,0.0010859,0.0452,0.0449,-2.2396,-2.0633,-0.48867,-0.87247,1.6707,-9.8277e-05,0.0431,-0.0191,-0.0178
6,4,0.161,0.0012859,0.044,0.0442,-2.8077,-2.5495,-0.70209,-0.71209,0.25334,0.00018504,0.0434,-0.0182,-0.0167
6,4,0.2051,0.00048591,0.0441,0.0433,-2.8545,-2.7497,-0.86578,-0.50042,-2.0025,-0.00023573,0.0458,-0.0175,-0.0168
6,4,0.2495,0.00048591,0.0444,0.0444,-2.7477,-2.6581,-0.96794,-0.25117,-1.271,-0.00032776,0.0458,-0.0189,-0.0182
6,4,0.3835,0.00018591,0.046,0.0438,-2.5796,-2.5231,-0.84641,0.53254,-4.0373,-0.00059915,0.0444,-0.0195,-0.0191
6,4,0.4286,0.00038591,0.0451,0.0453,-2.5732,-2.4839,-0.67039,0.74201,-1.9224,-0.00021968,0.0449,-0.0188,-0.0182
6,4,0.4733,8.5909e-05,0.0447,0.0444,-2.7936,-2.7474,-0.44638,0.89485,-1.4603,0.00011543,0.0427,-0.019,-0.0187
6,4,0.5184,8.5909e-05,0.0451,0.0451,-2.6741,-2.6265,-0.18714,0.98233,-4.5194,0.00032297,0.046,-0.0166,-0.0163
6,4,0.5632,8.5909e-05,0.0448,0.0448,-2.516,-2.4766,0.08429,0.99644,1.5387,-3.3663e-05,0.046,-0.0178,-0.0175
6,4,0.6085,8.5909e-05,0.0453,0.0453,-2.3543,-2.3168,0.35234,0.93587,3.7899,7.7813e-05,0.0461,-0.0185,-0.0182
6,4,0.6534,-0.00011409,0.0449,0.0447,-2.5452,-2.5321,0.59182,0.80607,1.756,0.00081597,0.0447,-0.0197,-0.0196
6,4,0.6977,-0.00021409,0.0443,0.0442,-2.7404,-2.7404,0.78513,0.61933,2.9355,0.00048255,0.0433,-0.0201,-0.0201
6,4,0.7434,8.5909e-05,0.0457,0.046,-2.611,-2.5483,0.925,0.37998,2.1267,0.0008769,0.043,-0.0177,-0.0174
6,4,0.7887,-0.00041409,0.0453,0.0448,-2.576,-2.6059,0.9935,0.11384,-1.2985,-2.117e-05,0.0465,-0.0154,-0.0156
6,4,0.8334,-0.00011409,0.0447,0.045,-2.2894,-2.277,0.98755,-0.15728,3.2429,0.0012351,0.043,-0.0172,-0.0171
6,4,0.8781,-0.00041409,0.0447,0.0444,-2.2308,-2.2595,0.90898,-0.41684,2.6102,0.00093752,0.0451,-0.0155,-0.0157
6,4,0.9233,8.5909e-05,0.0452,0.0457,-2.1398,-2.0992,0.76159,-0.64806,1.0399,0.00065464,0.0434,-0.0154,-0.0151
6,4,0.9681,-1.4091e-05,0.0448,0.0447,-1.9567,-1.9284,0.55895,-0.8292,-2.1562,0.00053892,0.0462,-0.014,-0.0138
6,4,1.0137,-0.00021409,0.0456,0.0454,-1.9477,-1.9477,0.3104,-0.95061,0.78664,0.00010174,0.0442,-0.0146,-0.0146
6,4,1.0592,0.00028591,0.0455,0.046,-1.8265,-1.7544,0.038704,-0.99925,-3.7634,-0.00021122,0.0491,-0.0133,-0.0128
6,4,1.1045,-0.00011409,0.0453,0.0449,-2.2378,-2.2249,-0.23475,-0.97205,-1.8358,-9.7005e-05,0.0441,-0.0171,-0.017
6,4,1.15,8.5909e-05,0.0455,0.0457,-2.3825,-2.3378,-0.49155,-0.87085,-9.1899,-0.00046764,0.047,-0.0157,-0.0154
6,4,1.1943,0.00038591,0.0443,0.0446,-2.3932,-2.3161,-0.70573,-0.70848,2.8808,1.3586e-05,0.0446,-0.0184,-0.0178
6,4,1.2392,0.00048591,0.0449,0.045,-2.5795,-2.4785,-0.87074,-0.49174,-5.3074,-0.00041543,0.0463,-0.0181,-0.0174
6,4,1.2843,0.00048591,0.0451,0.0451,-2.6168,-2.5242,-0.97143,-0.23734,-3.9143,-0.00025572,0.0429,-0.0193,-0.0186
6,4,1.329,0.00058591,0.0447,0.0448,-2.3998,-2.2815,-0.99948,0.032395,-3.1502,-0.00040293,0.0466,-0.0175,-0.0167
6,4,1.3743,-0.00011409,0.0453,0.0446,-2.6115,-2.5976,-0.95292,0.30323,-5.5526,-0.00022654,0.0446,-0.0188,-0.0187
6,4,1.419,0.00048591,0.0447,0.0453,-2.6829,-2.5828,-0.8364,0.54812,-5.8862,-0.00049407,0.0453,-0.0187,-0.018
6,4,1.4641,0.00048591,0.0451,0.0451,-2.6632,-2.5668,-0.65654,0.75429,-9.1435,-0.00058448,0.0471,-0.0189,-0.0182
6,4,1.5104,0.00038591,0.0463,0.0462,-2.5581,-2.4933,-0.42092,0.9071,-1.4102,-0.00091708,0.0451,-0.0197,-0.0191
6,4,1.5559,-0.00031409,0.0455,0.0448,-2.6993,-2.7134,-0.15691,0.98761,-6.5813,-6.3089e-05,0.0432,-0.0193,-0.0194
6,4,1.602,-0.00021409,0.0461,0.0462,-2.3987,-2.3987,0.12268,0.99245,-7.1924,-0.00062274,0.0473,-0.0164,-0.0164
6,4,1.6476,0.00018591,0.0456,0.046,-2.2875,-2.2358,0.38988,0.92087,2.2513,6.7256e-05,0.0444,-0.0181,-0.0177
6,4,1.6934,-0.00031409,0.0458,0.0453,-2.5135,-2.5286,0.62819,0.77806,-5.1453,-0.00029592,0.0483,-0.0167,-0.0168
6,4,1.7391,-1.4091e-05,0.0457,0.046,-2.4955,-2.4702,0.81766,0.5757,1.2978,-0.00031783,0.0466,-0.0193,-0.0191
6,4,1.7851,-0.00021409,0.046,0.0458,-2.7241,-2.7241,0.9449,0.32737,-2.3996,-0.00017292,0.0438,-0.0199,-0.0199
6,4,1.8304,-0.00031409,0.0453,0.0452,-2.616,-2.6302,0.99833,0.057808,-2.2668,0.00074569,0.0426,-0.0184,-0.0185
6,4,1.8768,-0.00041409,0.0464,0.0463,-2.1717,-2.2017,0.9749,-0.22265,-2.444,-7.9956e-05,0.0461,-0.0146,-0.0148
6,4,1.9221,-0.00021409,0.0453,0.0455,-2.028,-2.028,0.87748,-0.47961,2.4433,0.00033244,0.0446,-0.0154,-0.0154
6,4,1.9669,0.00028591,0.0448,0.0453,-2.1552,-2.0834,0.71592,-0.69818,1.2967,0.00089028,0.0427,-0.0152,-0.0147
6,4,2.0124,-0.00031409,0.0455,0.0449,-1.9145,-1.9299,0.49779,-0.8673,-2.045,0.00027112,0.045,-0.0124,-0.0125
6,4,2.0576,-0.00041409,0.0452,0.0451,-1.7168,-1.7445,0.2435,-0.9699,-2.826,0.00021538,0.0479,-0.0122,-0.0124
6,4,2.1027,-1.4091e-05,0.0451,0.0455,-1.9423,-1.917,-0.028485,-0.99959,6.1188,0.00073812,0.043,-0.015,-0.0148
6,4,2.1485,-0.00031409,0.0458,0.0455,-1.7504,-1.7652,-0.3024,-0.95318,-0.68376,0.00026727,0.047,-0.0122,-0.0123
6,4,2.1938,-1.4091e-05,0.0453,0.0456,-1.8301,-1.8038,-0.55044,-0.83487,7.3168,0.00068346,0.0419,-0.0139,-0.0137
6,4,2.2391,-0.00051409,0.0453,0.0448,-1.695,-1.7448,-0.75691,-0.65352,-1.9136,-0.00036273,0.049,-0.0105,-0.0108
6,4,2.2844,8.5909e-05,0.0453,0.0459,-1.8086,-1.7722,-0.90622,-0.42281,0.34884,0.00021894,0.0457,-0.0142,-0.0139
6,4,2.3289,8.5909e-05,0.0445,0.0445,-2.0271,-1.9872,-0.9863,-0.16497,-2.314,0.000444,0.0463,-0.0154,-0.0151
6,4,2.3748,-1.4091e-05,0.0459,0.0458,-2.1869,-2.1594,-0.99355,0.11336,-0.8887,0.00031073,0.0445,-0.0158,-0.0156
6,4,2.42,8.5909e-05,0.0452,0.0453,-2.132,-2.0894,-0.92541,0.37896,-1.3047,-7.2134e-05,0.0474,-0.0151,-0.0148
6,4,2.4655,8.5909e-05,0.0455,0.0455,-2.1704,-2.1314,-0.78656,0.61751,3.947,0.00029977,0.0467,-0.017,-0.0167
6,4,2.5107,0.00018591,0.0452,0.0453,-2.677,-2.6224,-0.58927,0.80794,-6.2424,-0.00024144,0.0448,-0.0185,-0.0181
6,4,2.5559,0.00028591,0.0452,0.0453,-2.4347,-2.3667,-0.34767,0.93762,1.0333,-0.00031274,0.0452,-0.0181,-0.0176
6,4,2.6008,8.5909e-05,0.0449,0.0447,-2.5913,-2.5489,-0.081744,0.99665,-4.6888,3.6475e-05,0.0439,-0.0184,-0.0181
6,4,2.6473,-0.00021409,0.0465,0.0462,-2.2732,-2.2732,0.19979,0.97984,-3.3121,-0.00040299,0.0495,-0.0158,-0.0158
6,4,2.6929,-1.4091e-05,0.0456,0.0458,-2.4634,-2.439,0.46058,0.88762,0.48109,-0.00044839,0.044,-0.0197,-0.0195
6,4,2.7388,-0.00021409,0.0459,0.0457,-2.4939,-2.4939,0.68746,0.72622,-0.58514,0.00016238,0.0461,-0.0178,-0.0178
6,4,2.7838,-0.00021409,0.045,0.045,-2.612,-2.612,0.85824,0.51324,0.39783,-0.00076585,0.0473,-0.0189,-0.0189
6,4,2.8295,-0.00021409,0.0457,0.0457,-2.7492,-2.7492,0.96617,0.25789,-0.44781,0.00024571,0.0434,-0.0205,-0.0205
6,4,2.875,-0.00011409,0.0455,0.0456,-2.7203,-2.7057,0.99987,-0.016056,-1.2225,4.2457e-06,0.0434,-0.0184,-0.0183
6,4,2.9203,8.5909e-05,0.0453,0.0455,-2.3733,-2.3301,0.95775,-0.28762,1.2232,-0.0001125,0.0441,-0.0165,-0.0162
6,4,2.9656,-0.00031409,0.0453,0.0449,-2.1706,-2.1706,0.84329,-0.53746,-2.9997,0.00013245,0.0457,-0.0153,-0.0154
6,4,3.0112,-0.00011409,0.0456,0.0458,-2.1611,-2.1473,0.66379,-0.74792,0.75248,0.00041309,0.0424,-0.0154,-0.0153
6,4,3.0565,-0.00061409,0.0453,0.0448,-1.8459,-1.9205,0.43514,-0.90036,0.54888,0.00022006,0.0452,-0.0125,-0.0129
6,4,3.1021,-0.00031409,0.0456,0.0459,-1.676,-1.6896,0.17183,-0.98513,4.6378,0.00012525,0.0426,-0.0121,-0.0122
6,4,3.1479,-0.00041409,0.0458,0.0457,-1.1812,-1.2088,-0.10584,-0.99438,-3.998,0.00039114,0.0481,-0.0089,-0.0091
6,4,3.1931,-0.00031409,0.0452,0.0453,-1.639,-1.6525,-0.37195,-0.92825,0.76235,0.00052802,0.0445,-0.0118,-0.0119
6,4,3.2375,-0.00031409,0.0444,0.0444,-1.6814,-1.6956,-0.60623,-0.79529,0.40876,0.00077204,0.0454,-0.0119,-0.012
6,4,3.2824,-0.00031409,0.0449,0.0449,-1.7138,-1.7275,-0.79836,-0.60219,3.8513,0.00049139,0.0473,-0.0124,-0.0125
6,4,3.3271,-0.00021409,0.0447,0.0448,-1.9457,-1.9457,-0.9308,-0.36554,6.0597,0.00096157,0.044,-0.015,-0.015
6,4,3.3716,-0.00021409,0.0445,0.0445,-2.1768,-2.1768,-0.99466,-0.10321,-0.32895,0.00043588,0.0463,-0.0145,-0.0145
6,4,3.4165,8.5909e-05,0.0449,0.0452,-2.1154,-2.0757,-0.98561,0.16903,3.4201,0.00066354,0.0455,-0.0159,-0.0156
6,4,3.4606,-1.4091e-05,0.0441,0.044,-2.4118,-2.384,-0.90551,0.42433,0.11394,0.00056358,0.0444,-0.0173,-0.0171
6,4,3.5066,-0.00011409,0.046,0.0459,-2.2735,-2.2591,-0.75301,0.65801,-4.3851,-0.00010995,0.0463,-0.0157,-0.0156
6,4,3.5509,-1.4091e-05,0.0443,0.0444,-2.3799,-2.3534,-0.55056,0.8348,1.4433,-3.0617e-05,0.0462,-0.0177,-0.0175
6,4,3.5959,-0.00021409,0.045,0.0448,-2.4936,-2.4936,-0.30428,0.95258,3.1081,5.4267e-05,0.0448,-0.0189,-0.0189
6,4,3.6404,0.00018591,0.0445,0.0449,-2.9042,-2.8475,-0.038358,0.99926,-9.6403,-0.00035066,0.0444,-0.0192,-0.0188
6,4,3.6868,-0.00021409,0.0464,0.046,-2.3071,-2.3071,0.24159,0.97038,0.27151,-0.00031607,0.0469,-0.0172,-0.0172
6,4,3.7316,-0.00011409,0.0448,0.0449,-2.5975,-2.584,0.49397,0.86948,0.35366,-0.00057331,0.0464,-0.0193,-0.0192
6,4,3.7757,0.00038591,0.0441,0.0446,-3.0226,-2.9427,0.70684,0.70737,-6.447,-0.00065738,0.0422,-0.0216,-0.021
6,4,3.8209,-1.4091e-05,0.0452,0.0448,-2.7029,-2.6731,0.8724,0.48879,-6.3225,-0.00036251,0.0461,-0.0186,-0.0184
6,4,3.8666,8.5909e-05,0.0457,0.0458,-2.5361,-2.4958,0.97307,0.2305,-2.6297,-0.00065259,0.0455,-0.019,-0.0187
6,4,3.9121,0.00018591,0.0455,0.0456,-2.6292,-2.5729,0.99902,-0.044296,-0.31913,-0.00045989,0.0443,-0.019,-0.0186
6,4,3.9568,-0.00011409,0.0447,0.0444,-2.7751,-2.7607,0.95038,-0.31109,-3.6188,-0.00084869,0.0451,-0.0186,-0.0185
6,4,4.0017,0.00028591,0.0449,0.0453,-2.658,-2.577,0.83117,-0.55602,-1.4827,-0.0001007,0.0444,-0.0188,-0.0183
6,4,4.0465,-0.00011409,0.0448,0.0444,-2.4846,-2.4709,0.65075,-0.75929,3.7924,0.00094407,0.0429,-0.0184,-0.0183
6,4,4.0915,8.5909e-05,0.045,0.0452,-2.4439,-2.3983,0.42115,-0.90699,-0.38258,0.00044633,0.0449,-0.0163,-0.016
6,4,4.1366,-1.4091e-05,0.0451,0.045,-2.2638,-2.2223,0.15957,-0.98719,4.7503,0.0005689,0.0436,-0.0161,-0.0159
6,4,4.1821,-0.00021409,0.0455,0.0453,-2.0246,-2.0246,-0.11638,-0.9932,2.6259,0.00075794,0.0422,-0.0142,-0.0142
6,4,4.2261,0.00018591,0.044,0.0444,-1.904,-1.8413,-0.37501,-0.92702,-5.172,0.00014895,0.0451,-0.0124,-0.012
6,4,4.2721,-0.00031409,0.046,0.0455,-1.6551,-1.669,-0.61655,-0.78732,2.7572,-2.3095e-05,0.0427,-0.0115,-0.0116
6,4,4.3166,-0.00021409,0.0445,0.0446,-1.3786,-1.3786,-0.8047,-0.59369,-2.5326,-0.00017193,0.0498,-0.0097,-0.0097
6,4,4.3624,-0.00011409,0.0458,0.0459,-1.6532,-1.6412,-0.93698,-0.34938,4.1179,0.00041013,0.0453,-0.0137,-0.0136
6,4,4.4077,-0.00041409,0.0453,0.045,-1.9707,-1.9999,-0.9967,-0.081138,0.42508,0.00042957,0.044,-0.0137,-0.0139
6,4,4.4515,-1.4091e-05,0.0438,0.0442,-2.0427,-2.0133,-0.98288,0.18427,-2.3884,4.1751e-05,0.0461,-0.0139,-0.0137
6,4,4.4962,0.00038591,0.0447,0.0451,-2.0965,-2.0154,-0.89722,0.44158,0.11737,-0.00047265,0.0492,-0.0153,-0.0147
6,4,4.5408,0.00048591,0.0446,0.0447,-2.4786,-2.3929,-0.74599,0.66596,1.2862,-0.00031386,0.044,-0.0199,-0.0192
6,4,4.5866,-0.00021409,0.0458,0.0451,-2.6738,-2.6738,-0.53398,0.8455,-5.9574,0.00039327,0.0441,-0.0181,-0.0181
6,4,4.6314,-1.4091e-05,0.0448,0.045,-2.3995,-2.3712,-0.28659,0.95805,0.78493,-0.00026066,0.0454,-0.0174,-0.0172
6,4,4.6762,0.00018591,0.0448,0.045,-2.5334,-2.4769,-0.018023,0.99984,-6.1932,-3.8673e-05,0.0451,-0.018,-0.0176
6,4,4.7218,-0.00031409,0.0456,0.0451,-2.5511,-2.565,0.25658,0.96652,-7.5286,-0.001153,0.0481,-0.0175,-0.0176
6,4,4.7666,0.00088591,0.0448,0.046,-2.4826,-2.3574,0.50736,0.86173,3.9111,-0.0002326,0.0473,-0.0208,-0.0197
6,4,4.8117,8.5909e-05,0.0451,0.0443,2.9531,2.9928,0.72193,0.69197,-8.0243,-0.00032862,0.0402,-0.023,-0.0227
6,4,4.8567,0.00028591,0.045,0.0452,-2.796,-2.7163,0.88216,0.47094,-7.6123,-0.00053928,0.0463,-0.0182,-0.0177
6,4,4.9025,0.00038591,0.0458,0.0459,-2.468,-2.3881,0.97769,0.21006,1.8223,-0.00038652,0.0477,-0.0187,-0.0181
6,4,4.9468,8.5909e-05,0.0443,0.044,-3.0159,-2.9773,0.99832,-0.057927,-4.9111,-0.00051447,0.0446,-0.0221,-0.0218
6,4,4.9925,0.00038591,0.0457,0.046,-2.7864,-2.7021,0.94406,-0.32978,3.9696,-0.00012098,0.0434,-0.021,-0.0204
6,4,5.0372,0.00038591,0.0447,0.0447,-3.0361,-2.9454,0.82073,-0.57131,-3.1959,-9.6462e-06,0.0447,-0.0197,-0.0191
6,4,5.0834,-0.00021409,0.0462,0.0456,-2.6161,-2.6161,0.62999,-0.77661,-0.57976,0.00026913,0.0452,-0.0182,-0.0182
6,4,5.1278,8.5909e-05,0.0444,0.0447,-2.5664,-2.5257,0.39983,-0.91659,4.5933,0.00088962,0.038,-0.019,-0.0187
6,4,5.1734,-1.4091e-05,0.0456,0.0455,-2.0247,-1.9872,0.13343,-0.99106,-2.4874,0.00023076,0.0453,-0.0114,-0.0112
6,4,5.2185,-1.4091e-05,0.0451,0.0451,-1.6205,-1.5938,-0.14017,-0.99013,5.0476,0.00064656,0.0409,-0.0116,-0.0114
6,4,5.2634,-0.00021409,0.0449,0.0447,-0.97027,-0.97027,-0.40217,-0.91557,-0.86935,0.00057837,0.0489,-0.0076,-0.0076
6,4,5.3084,-0.00011409,0.045,0.0451,-1.6369,-1.6232,-0.63479,-0.77268,1.6157,0.001076,0.0424,-0.0115,-0.0114
6,4,5.3539,-0.00061409,0.0455,0.045,-1.2497,-1.3084,-0.82184,-0.56972,5.6807,0.00026075,0.0448,-0.0084,-0.0088
6,4,5.3984,-0.00021409,0.0445,0.0449,-1.1142,-1.1142,-0.9443,-0.3291,2.8517,0.0010517,0.0462,-0.0087,-0.0087
6,4,5.4431,-0.00031409,0.0447,0.0446,-1.5,-1.5295,-0.998,-0.063276,1.5252,0.00030786,0.0457,-0.0102,-0.0103
6,4,5.488,-0.00021409,0.0449,0.045,-1.5445,-1.5445,-0.97805,0.20839,3.6622,0.00042379,0.0472,-0.011,-0.011
6,4,5.5329,-0.00011409,0.0449,0.045,-1.669,-1.6565,-0.88552,0.46459,4.7528,0.00061558,0.0475,-0.0133,-0.0132
6,4,5.578,-0.00011409,0.0451,0.0451,-2.0481,-2.0348,-0.72646,0.68721,4.0389,0.00061836,0.0449,-0.0157,-0.0156
6,4,5.6229,-1.4091e-05,0.0449,0.045,-2.3434,-2.2992,-0.51406,0.85775,-3.4249,0.00023232,0.0458,-0.0157,-0.0155
6,4,5.6679,0.00018591,0.045,0.0452,-2.2487,-2.1943,-0.26293,0.96481,1.2816,-0.00039406,0.0498,-0.0165,-0.0161
6,4,5.7124,0.00028591,0.0445,0.0446,-2.7039,-2.6428,0.0047536,0.99999,1.4877,-0.00023041,0.0422,-0.0218,-0.0213
6,4,5.7572,-1.4091e-05,0.0448,0.0445,-3.0517,-3.0363,0.27385,0.96177,-8.9721,-0.00047011,0.0447,-0.0192,-0.019
6,4,5.8013,0.00028591,0.0441,0.0444,-2.6782,-2.61,0.51908,0.85473,0.25141,-1.7231e-06,0.0447,-0.0198,-0.0193
6,4,5.8457,0.00018591,0.0444,0.0443,-2.8627,-2.8053,0.72839,0.68516,-4.0521,-0.0003107,0.0458,-0.0201,-0.0197
6,4,5.8898,0.00048591,0.0441,0.0444,-3.0135,-2.9181,0.884,0.46749,-3.6195,-0.00058743,0.0453,-0.0218,-0.0211
6,4,5.9352,8.5909e-05,0.0454,0.045,-3.0109,-2.9692,0.978,0.20861,-1.2336,-0.00014382,0.0442,-0.0217,-0.0214
6,4,5.979,0.00048591,0.0438,0.0442,3.0699,-3.1141,0.99841,-0.056365,-4.6143,-0.00064899,0.0451,-0.0221,-0.0214
6,4,6.0242,0.00028591,0.0452,0.045,-2.9855,-2.9166,0.94557,-0.32543,2.9406,0.0009849,0.0414,-0.022,-0.0215
6,4,6.0687,-0.00011409,0.0445,0.0441,-3.0837,-3.0684,0.82405,-0.56652,-5.7681,0.00043818,0.0428,-0.0189,-0.0188
6,4,6.1135,-0.00021409,0.0448,0.0447,-2.388,-2.388,0.64106,-0.76749,5.314,0.00088244,0.0421,-0.0169,-0.0169
6,4,6.1578,-1.4091e-05,0.0443,0.0445,-2.1896,-2.1594,0.41349,-0.91051,4.6858,0.0010341,0.0429,-0.0147,-0.0145
6,4,6.2021,-0.00031409,0.0443,0.044,-1.9634,-1.9782,0.15605,-0.98775,4.0062,0.0012594,0.0441,-0.0133,-0.0134
6,4,6.2464,-0.00041409,0.0443,0.0442,-1.8518,-1.8799,-0.11266,-0.99363,6.6699,0.0017886,0.0398,-0.0131,-0.0133
6,4,6.2903,-0.00031409,0.0439,0.044,-1.4621,-1.4959,-0.37098,-0.92864,2.0536,0.00047213,0.0441,-0.009,-0.0091
6,4,6.334,-0.00011409,0.0437,0.0439,-1.4127,-1.3839,-0.602,-0.79849,4.0456,0.00071888,0.0433,-0.0094,-0.0093
6,4,6.3778,-0.00021409,0.0438,0.0437,-1.3121,-1.3121,-0.79107,-0.61172,3.5982,0.0009449,0.0439,-0.0089,-0.0089
6,4,6.4222,-0.00081409,0.0444,0.0438,-1.14,-1.2207,-0.92566,-0.37837,8.1318,0.0010835,0.0435,-0.0084,-0.009
6,4,6.4666,-0.00051409,0.0444,0.0447,-1.0553,-1.0984,-0.99307,-0.11756,5.5377,0.00083351,0.0453,-0.0075,-0.0078
6,4,6.5109,-0.00041409,0.0443,0.0444,-1.2114,-1.2401,-0.98851,0.15118,4.073,0.00086037,0.0452,-0.0085,-0.0087
6,4,6.5551,-0.00031409,0.0442,0.0443,-1.3641,-1.3783,-0.91278,0.40845,4.4593,0.00079821,0.0482,-0.0095,-0.0096
6,4,6.5991,-0.00021409,0.044,0.0441,-1.6953,-1.6953,-0.77219,0.6354,2.8568,0.00092403,0.049,-0.0137,-0.0137
6,4,6.6449,-0.00011409,0.0458,0.0459,-2.3361,-2.3231,-0.56757,0.82332,2.1066,0.00065609,0.0462,-0.0169,-0.0168
6,4,6.6893,0.00028591,0.0444,0.0448,-2.3327,-2.2678,-0.32721,0.94495,7.4723,0.00051376,0.0453,-0.0187,-0.0182
6,4,6.7349,0.00028591,0.0456,0.0456,-2.683,-2.6099,-0.055813,0.99844,-1.6,0.00038159,0.0419,-0.0184,-0.0179
6,4,6.7796,0.00028591,0.0447,0.0447,-2.4001,-2.3222,0.21451,0.97672,-2.1338,-0.000571,0.0455,-0.0156,-0.0151
6,4,6.8228,0.00038591,0.0432,0.0433,-2.5312,-2.4505,0.46097,0.88742,-5.9623,-1.7452e-05,0.0431,-0.0179,-0.0173
6,4,6.8671,0.00038591,0.0443,0.0443,-2.37,-2.2839,0.68067,0.73259,-3.1444,-0.00038312,0.0458,-0.0167,-0.0161
6,4,6.9106,0.00048591,0.0435,0.0436,-2.5738,-2.4787,0.84864,0.52897,-4.2381,-0.00065646,0.0465,-0.019,-0.0183
6,4,6.9552,8.5909e-05,0.0446,0.0442,-2.7704,-2.7297,0.95939,0.28209,-1.3108,-0.0004498,0.0455,-0.0209,-0.0206
6,4,6.9999,0.00028591,0.0447,0.0449,-3.1029,-3.0334,0.9999,0.013938,-2.8383,-8.3745e-05,0.0445,-0.0217,-0.0212
6,4,7.0441,8.5909e-05,0.0442,0.044,-3.1312,-3.0898,0.96765,-0.25229,-4.0307,-0.00019931,0.0429,-0.022,-0.0217
6,4,7.0894,0.00018591,0.0453,0.0454,-2.793,-2.7343,0.86244,-0.50616,0.96032,0.00068664,0.0418,-0.0196,-0.0192
6,4,7.1338,0.00018591,0.0444,0.0444,-2.6243,-2.5612,0.69604,-0.718,-0.72349,0.00023699,0.044,-0.017,-0.0166
6,4,7.1784,-1.4091e-05,0.0446,0.0444,-2.456,-2.4279,0.47806,-0.87833,-1.0956,0.00054853,0.0422,-0.0164,-0.0162
6,4,7.223,-0.00021409,0.0446,0.0444,-1.9503,-1.9503,0.22508,-0.97434,5.3497,0.00055808,0.0458,-0.014,-0.014
6,4,7.2675,-1.4091e-05,0.0445,0.0447,-2.1121,-2.0846,-0.043774,-0.99904,1.8616,0.0012297,0.046,-0.0153,-0.0151
6,4,7.3126,-0.00021409,0.0451,0.0449,-2.2138,-2.2138,-0.31291,-0.94978,7.3605,0.001452,0.0386,-0.0162,-0.0162
6,4,7.3553,-0.00031409,0.0427,0.0426,-1.9245,-1.9422,-0.54644,-0.8375,5.1655,0.0012032,0.0438,-0.0121,-0.0122
6,4,7.3991,-0.00021409,0.0438,0.0439,-1.7846,-1.7846,-0.74775,-0.66398,2.5065,0.0017832,0.0407,-0.0121,-0.0121
6,4,7.4435,-0.00051409,0.0444,0.0441,-1.4423,-1.4941,-0.89785,-0.4403,-0.25442,0.0005064,0.0459,-0.0084,-0.0087
6,4,7.4873,-0.00021409,0.0438,0.0441,-1.3992,-1.3992,-0.98212,-0.18825,7.7705,0.0013631,0.0426,-0.0105,-0.0105
6,4,7.5311,-0.00021409,0.0438,0.0438,-1.3279,-1.3279,-0.99702,0.077096,5.2025,0.00080111,0.0489,-0.0093,-0.0093
6,4,7.5764,-0.00011409,0.0453,0.0454,-1.6236,-1.6112,-0.93839,0.34558,5.6146,0.0011461,0.0464,-0.0129,-0.0128
6,4,7.6205,-1.4091e-05,0.0441,0.0442,-1.9999,-1.9726,-0.81316,0.58204,4.6001,0.00094161,0.0465,-0.0152,-0.015
6,4,7.666,-0.00011409,0.0455,0.0454,-2.2887,-2.2745,-0.62308,0.78216,2.5589,8.8421e-05,0.0502,-0.0162,-0.0161
6,4,7.7092,-0.00011409,0.0432,0.0432,-2.983,-2.9711,-0.3984,0.91721,1.2164,-1.2513e-05,0.0395,-0.0232,-0.0231
6,4,7.7533,0.0011859,0.0441,0.0454,-2.9583,-2.7293,-0.14092,0.99002,-6.6927,5.5584e-05,0.0462,-0.0186,-0.0172
6,4,7.7968,0.00028591,0.0435,0.0426,-2.7421,-2.6755,0.12302,0.9924,4.7249,2.1577e-06,0.0453,-0.0213,-0.0208
6,4,7.8414,0.00028591,0.0446,0.0446,3.0023,3.0715,0.38458,0.92309,-9.145,-0.00016438,0.0429,-0.022,-0.0215
6,4,7.8857,0.00038591,0.0443,0.0444,-2.9642,-2.8774,0.61655,0.78732,-3.022,-0.0001405,0.0439,-0.0206,-0.02
6,4,7.9296,0.00038591,0.0439,0.0439,-2.9622,-2.8764,0.80252,0.59662,-4.1187,-0.00012294,0.0433,-0.0206,-0.02
6,4,7.9738,0.00028591,0.0442,0.0441,-2.8489,-2.7757,0.93222,0.36189,-4.2712,-0.00020494,0.0453,-0.0197,-0.0192
6,4,8.0184,0.00048591,0.0446,0.0448,-2.8526,-2.7567,0.99512,0.098716,-3.9092,-0.00026921,0.0437,-0.0204,-0.0197
6,4,8.0637,0.00038591,0.0453,0.0452,-2.7022,-2.6157,0.98441,-0.17588,-3.6577,-0.00010756,0.0441,-0.0188,-0.0182
6,4,8.1083,0.00038591,0.0446,0.0446,-2.5877,-2.5021,0.90122,-0.43337,-0.84204,-5.8649e-06,0.0425,-0.0183,-0.0177
6,4,8.1531,-0.00041409,0.0448,0.044,-2.4917,-2.5221,0.75124,-0.66003,-4.3205,-0.0001493,0.0446,-0.016,-0.0162
6,4,8.1985,0.00018591,0.0454,0.046,-2.1578,-2.0894,0.5427,-0.83993,1.0319,0.00098468,0.0398,-0.0152,-0.0148
6,4,8.2435,-0.00041409,0.045,0.0444,-1.5767,-1.5928,0.29532,-0.9554,-0.67428,5.6799e-05,0.0478,-0.01,-0.0102
6,4,8.2886,-0.00011409,0.0451,0.0454,-1.564,-1.5516,0.025325,-0.99968,7.3361,0.00052754,0.0456,-0.0127,-0.0126
6,4,8.3331,-0.00021409,0.0445,0.0444,-2.0065,-2.0065,-0.24303,-0.97002,4.7687,0.0010446,0.0428,-0.0138,-0.0138
6,4,8.3778,-0.00041409,0.0447,0.0445,-1.8756,-1.9215,-0.49472,-0.86905,4.1676,0.0009677,0.0468,-0.0119,-0.0121
6,4,8.4228,-0.00051409,0.045,0.0449,-1.8636,-1.9022,-0.71132,-0.70287,2.3128,0.0016894,0.0415,-0.0137,-0.014
6,4,8.4669,-0.00051409,0.0441,0.0441,-1.7338,-1.7798,-0.87223,-0.48909,5.8743,0.00077613,0.0406,-0.0111,-0.0114
6,4,8.5124,-0.00051409,0.0455,0.0455,-0.90882,-0.95297,-0.97271,-0.23202,3.5448,0.00064024,0.0454,-0.0062,-0.0065
6,4,8.5564,-0.00021409,0.044,0.0443,-1.0352,-1.0352,-0.99944,0.03361,2.3336,0.00049389,0.0476,-0.0076,-0.0076
6,4,8.6019,-0.00031409,0.0455,0.0454,-1.3286,-1.342,-0.95218,0.30555,4.6248,0.00058782,0.0459,-0.0097,-0.0098
6,4,8.647,-0.00031409,0.0451,0.0451,-1.3254,-1.3383,-0.83372,0.55218,1.276,0.00063801,0.0503,-0.0105,-0.0106
6,4,8.6933,-0.00041409,0.0463,0.0462,-1.809,-1.8344,-0.64731,0.76222,5.2055,0.00043614,0.0493,-0.0145,-0.0147
6,4,8.7384,8.5909e-05,0.0451,0.0456,-2.586,-2.5472,-0.4165,0.90914,-0.15116,0.00060126,0.0434,-0.0187,-0.0184
6,4,8.7837,0.00028591,0.0453,0.0455,-2.4234,-2.3513,-0.1533,0.98818,-3.3984,0.00025248,0.0481,-0.0168,-0.0163
6,4,8.83,0.00018591,0.0463,0.0462,-2.3095,-2.2715,0.12751,0.99184,5.468,0.00012554,0.0451,-0.0186,-0.0182
6,4,8.8749,-0.00011409,0.0449,0.0446,-2.804,-2.7894,0.39043,0.92063,-7.5918,-0.00047027,0.0449,-0.0188,-0.0187
6,4,8.9202,0.00028591,0.0453,0.0457,-2.5367,-2.4671,0.62629,0.77959,-0.46872,-0.00052502,0.045,-0.0184,-0.0179
6,4,8.9646,0.00018591,0.0444,0.0443,-2.6974,-2.6405,0.81166,0.58413,-5.0711,-0.00019204,0.0447,-0.019,-0.0186
6,4,9.0103,0.00018591,0.0457,0.0457,-2.658,-2.6011,0.94084,0.33885,-2.6003,-0.00086883,0.0442,-0.018,-0.0176
6,4,9.055,8.5909e-05,0.0447,0.0446,-2.4768,-2.4348,0.99729,0.073599,-1.3202,-0.00026397,0.0467,-0.0175,-0.0172
6,4,9.0999,0.00048591,0.0449,0.0453,-2.5892,-2.4969,0.98015,-0.19826,0.023179,0.0001815,0.0439,-0.0193,-0.0186
6,4,9.1459,0.00048591,0.046,0.046,-2.4618,-2.3464,0.88722,-0.46135,1.1068,-4.1117e-05,0.043,-0.0172,-0.0165
6,4,9.1921,-0.00021409,0.0462,0.0455,-2.0584,-2.0584,0.72437,-0.68941,0.18877,0.00037279,0.0451,-0.014,-0.014
6,4,9.2363,0.00028591,0.0442,0.0447,-2.1095,-2.0391,0.51511,-0.85713,3.2614,0.0010001,0.0412,-0.0149,-0.0144
6,4,9.2823,-0.00051409,0.046,0.0452,-1.6696,-1.7185,0.25823,-0.96608,3.3335,0.00019269,0.0432,-0.0101,-0.0104
6,4,9.3274,-0.00031409,0.0451,0.0453,-1.1476,-1.1758,-0.013272,-0.99991,3.1497,0.0011257,0.045,-0.0082,-0.0083
6,4,9.3723,-0.00031409,0.0449,0.0449,-1.2619,-1.2619,-0.28261,-0.95923,1.5945,0.00055789,0.0444,-0.0083,-0.0084
6,4,9.4167,-0.00041409,0.0444,0.0443,-1.191,-1.2336,-0.52841,-0.84899,0.51163,0.00054803,0.0468,-0.0083,-0.0085
6,4,9.4612,-0.00031409,0.0445,0.0446,-1.3603,-1.373,-0.73626,-0.67669,6.4597,0.0012056,0.0429,-0.0106,-0.0107
6,4,9.5058,-0.00041409,0.0446,0.0445,-1.3226,-1.3533,-0.89073,-0.45453,-0.23445,0.00087809,0.0466,-0.0089,-0.0091
6,4,9.5505,-0.00061409,0.0447,0.0445,-1.4172,-1.4703,-0.9801,-0.19849,9.9201,0.0014573,0.0423,-0.0108,-0.0112
6,4,9.5962,-0.00051409,0.0457,0.0458,-1.1853,-1.2365,-0.99694,0.078222,2.7515,0.0011015,0.0462,-0.0074,-0.0077
6,4,9.6411,-0.00041409,0.0449,0.045,-1.3236,-1.3532,-0.93884,0.34435,2.9064,0.00062734,0.0474,-0.0087,-0.0089
6,4,9.6863,-0.00031409,0.0452,0.0453,-1.4764,-1.4764,-0.81001,0.58641,3.7524,0.0008864,0.0465,-0.0109,-0.011
6,4,9.7316,-0.00041409,0.0453,0.0452,-1.5569,-1.5827,-0.61981,0.78476,2.2695,0.00035988,0.0503,-0.0121,-0.0123
6,4,9.7762,0.00018591,0.0446,0.0452,-2.0983,-2.048,-0.38672,0.9222,6.1621,0.00034047,0.0449,-0.0178,-0.0174
6,4,9.8223,0.00018591,0.0461,0.0461,-2.7507,-2.6847,-0.11626,0.99322,-3.5107,0.00022304,0.0452,-0.0166,-0.0162
