5,1,0.123,-0.0027524,0.047,0.0483,NaN,NaN,-0.16727,-0.98591,4.9524,0.00021636,NaN,NaN,NaN
5,1,0.1691,-0.0033524,0.0461,0.0455,-0.43439,-0.70063,-0.43323,-0.90128,-21.177,-0.00081654,0.0526,-0.0041,-0.0065
5,1,0.2151,-0.0032524,0.046,0.0461,-1.3058,-1.5887,-0.66498,-0.74686,-3.1288,-0.00017901,0.0519,-0.0107,-0.013
5,1,0.2592,-0.0014524,0.0441,0.0459,-2.3366,-2.3974,-0.83894,-0.54422,2.3601,0.00063827,0.0422,-0.0185,-0.019
5,1,0.3066,-0.0033524,0.0474,0.0455,-2.4009,-2.7442,-0.95894,-0.28361,-9.7738,-0.0008812,0.0414,-0.0133,-0.0157
5,1,0.3533,-0.0030524,0.0467,0.047,-0.94612,-1.1941,-0.99999,-0.0039034,-8.6403,-7.9687e-05,0.0484,-0.008,-0.0101
5,1,0.3988,-0.0021524,0.0455,0.0464,-1.4656,-1.6267,-0.96311,0.2691,-2.6449,-0.00058609,0.0431,-0.0109,-0.0121
5,1,0.4458,-0.0011524,0.047,0.048,-1.0289,-1.0591,-0.84835,0.52944,-14.882,-0.0011956,0.0614,-0.007,-0.0072
5,1,0.4944,-0.0013524,0.0486,0.0484,-1.9008,-1.9368,-0.65763,0.75334,5.4096,-0.00034818,0.066,-0.0198,-0.0202
5,1,0.5392,0.0060476,0.0448,0.0522,NaN,NaN,-0.43096,0.90237,-3.5632,-0.00060809,NaN,NaN,NaN
5,1,0.5883,-0.00035238,0.0491,0.0427,NaN,NaN,-0.14679,0.98917,-13.635,-0.0013931,NaN,NaN,NaN
5,1,0.6346,0.0052476,0.0463,0.0519,-2.1583,-1.7876,0.1335,0.99105,-2.4089,-0.00045211,0.067,-0.024,-0.0178
5,1,0.6816,0.0018476,0.047,0.0436,NaN,NaN,0.40719,0.91334,-11.179,-0.0015361,NaN,NaN,NaN
5,1,0.7282,0.0048476,0.0466,0.0496,NaN,NaN,0.64607,0.76328,-9.5429,-0.0007593,NaN,NaN,NaN
5,1,0.7758,0.0019476,0.0476,0.0447,2.748,2.9419,0.83687,0.5474,-8.1877,-0.0014016,0.0434,-0.0344,-0.0315
5,1,0.8216,0.0022476,0.0458,0.0461,1.6673,2.1743,0.95502,0.29654,0.97063,-0.00026768,0.0499,-0.032,-0.0288
5,1,0.869,0.0020476,0.0474,0.0472,1.8692,2.233,0.99991,0.013161,-3.2017,-0.00049705,0.0459,-0.0345,-0.0315
5,1,0.9176,0.0017476,0.0486,0.0483,1.9123,2.2816,0.96049,-0.27831,-1.6482,-0.00017063,0.0522,-0.0318,-0.0291
5,1,0.9629,0.0033476,0.0453,0.0469,1.7439,2.2637,0.84875,-0.5288,-5.7073,-0.0006972,0.0443,-0.0387,-0.0344
5,1,1.0117,0.0022476,0.0488,0.0477,1.3971,1.8769,0.65728,-0.75365,-4.3792,-0.00017396,0.035,-0.0342,-0.031
5,1,1.0605,-0.00075238,0.0488,0.0458,1.9188,1.9467,0.40849,-0.91276,-14.906,-0.00077342,0.0355,-0.0204,-0.0202
5,1,1.1081,-0.0010524,0.0476,0.0473,-2.3711,-2.386,0.1313,-0.99134,-13.346,-0.0022299,0.0569,-0.0083,-0.0084
5,1,1.1558,-0.00035238,0.0477,0.0484,-0.65128,-0.61494,-0.15739,-0.98754,-13.609,-0.00080444,0.0558,-0.0175,-0.0169
5,1,1.2048,-0.00055238,0.049,0.0488,-2.6497,-2.604,-0.44007,-0.89796,4.0932,-0.00047063,0.0506,-0.0243,-0.0239
5,1,1.2526,-0.00075238,0.0478,0.0476,2.6853,2.7102,-0.67871,-0.7344,-8.1696,-0.0006289,0.0691,-0.0271,-0.0269
5,1,1.3002,-0.00055238,0.0476,0.0478,2.1956,2.2178,-0.85993,-0.51042,-12.296,-0.0013645,0.0638,-0.0486,-0.0482
5,1,1.3474,0.0011476,0.0472,0.0489,-0.17721,0.085586,-0.96916,-0.24641,-9.6392,-0.00069752,0.0638,-0.0014,0.0007
5,1,1.3978,-0.00085238,0.0504,0.0484,-1.9313,-1.9183,-0.99837,0.057118,-9.272,-0.00099768,0.0467,-0.0148,-0.0147
5,1,1.446,-0.00055238,0.0482,0.0485,-1.7942,-1.753,-0.9394,0.34282,-6.7677,-0.0011386,0.0568,-0.0133,-0.0129
5,1,1.4947,0.0011476,0.0487,0.0504,-2.2637,-2.0674,-0.79867,0.60177,-6.4006,-0.0010844,0.0531,-0.0214,-0.0193
5,1,1.5439,0.00024762,0.0492,0.0483,-2.993,-2.8498,-0.58611,0.81024,-0.50492,-0.00027285,0.0569,-0.0253,-0.0241
5,1,1.5916,0.0016476,0.0477,0.0491,2.4943,2.7859,-0.3302,0.94391,0.82642,-0.00073499,0.0517,-0.0345,-0.0319
5,1,1.6382,0.00074762,0.0466,0.0457,1.3828,1.5825,-0.053445,0.99857,-11.53,-0.0011338,0.0465,-0.0396,-0.0379
5,1,1.6836,0.0019476,0.0454,0.0466,0.72414,1.0873,0.22046,0.9754,-8.0832,-0.00093216,0.0432,-0.0407,-0.0378
5,1,1.7318,0.0020476,0.0482,0.0483,1.2588,1.7506,0.49258,0.87027,-0.41048,-0.00065971,0.0505,-0.0357,-0.0327
5,1,1.7779,0.0023476,0.0461,0.0464,1.3022,1.7147,0.71391,0.70024,-7.523,-0.00064181,0.0464,-0.0401,-0.0368
5,1,1.8244,0.0024476,0.0465,0.0466,0.77864,1.1986,0.88078,0.47353,-10.845,-0.001193,0.0377,-0.04,-0.0366
5,1,1.8734,0.0020476,0.049,0.0486,1.6129,2.1572,0.98092,0.19443,-5.122,-0.00083133,0.0488,-0.0287,-0.0257
5,1,1.9209,0.0017476,0.0475,0.0472,2.7425,3.1014,0.99569,-0.092705,12.44,0.00053268,0.0566,-0.03,-0.0273
5,1,1.9691,0.0014476,0.0482,0.0479,1.8689,2.1129,0.92657,-0.37612,-11.047,-0.0013365,0.0495,-0.0384,-0.036
5,1,2.0188,-0.00025238,0.0497,0.048,1.5346,1.6293,0.77285,-0.63459,-7.8719,-0.000637,0.061,-0.0382,-0.0375
5,1,2.068,-0.00065238,0.0492,0.0488,1.3206,1.3451,0.55177,-0.834,-5.8522,-0.00011641,0.0618,-0.05,-0.0497
5,1,2.1154,-0.0010524,0.0474,0.047,-0.28356,-0.29446,0.29225,-0.95634,-15.478,-0.0015214,0.0618,-0.0026,-0.0027
5,1,2.1633,-5.2381e-05,0.0479,0.0489,-1.6545,-1.5661,0.0056329,-0.99998,5.418,0.000339,0.0383,-0.0165,-0.0156
5,1,2.2121,-0.0025524,0.0488,0.0463,-2.5713,-2.8119,-0.2867,-0.95802,-8.2974,-0.00046497,0.0487,-0.006,-0.0076
5,1,2.2605,-0.00075238,0.0484,0.0502,-0.70427,-0.68209,-0.55199,-0.83385,-4.3246,-0.00082909,0.0522,-0.0063,-0.0061
5,1,2.3087,-0.0011524,0.0482,0.0478,-1.2391,-1.2635,-0.76916,-0.63906,-9.2184,-6.2115e-05,0.0509,-0.0103,-0.0105
5,1,2.3569,-0.0010524,0.0482,0.0483,-1.6922,-1.7176,-0.92086,-0.38989,-4.2819,-0.000571,0.0446,-0.013,-0.0131
5,1,2.4063,-0.0014524,0.0494,0.049,-1.2415,-1.3169,-0.99496,-0.10029,-9.6318,-0.0014937,0.0498,-0.0082,-0.0087
5,1,2.4552,0.00084762,0.0489,0.0512,-1.0338,-0.82636,-0.98074,0.19529,-4.7204,-0.0012652,0.0628,-0.0091,-0.0073
5,1,2.504,0.0012476,0.0488,0.0492,-2.5467,-2.3174,-0.88093,0.47324,0.9664,0.00016385,0.0499,-0.0231,-0.0209
5,1,2.5534,-0.00025238,0.0494,0.0479,-3.0666,-2.9742,-0.7017,0.71247,0.73955,-0.00037773,0.0612,-0.0236,-0.0229
5,1,2.6014,-0.00055238,0.048,0.0477,2.5471,2.5851,-0.4673,0.8841,-3.9532,-0.00074013,0.0358,-0.0368,-0.0364
5,1,2.6508,-0.00065238,0.0494,0.0493,1.4141,1.4478,-0.1851,0.98272,-13.818,-0.0013325,0.0464,-0.0232,-0.0229
5,1,2.6995,-0.00025238,0.0487,0.0491,-2.2376,-2.1651,0.10941,0.994,-1.3618,-1.8091e-05,0.052,-0.0209,-0.0202
5,1,2.7472,-0.00075238,0.0477,0.0472,3.1046,3.129,0.38882,0.92131,-6.9263,-0.00114,0.0544,-0.0252,-0.025
5,1,2.7953,-0.00085238,0.0481,0.048,2.8036,2.815,0.6377,0.77028,-2.8361,-0.00065833,0.0471,-0.0315,-0.0314
5,1,2.8432,0.00094762,0.0479,0.0497,1.9696,2.2309,0.83186,0.55499,-0.97086,-0.00028634,0.0479,-0.0307,-0.0288
5,1,2.8914,-0.00015238,0.0482,0.0471,1.948,2.0413,0.95663,0.2913,-3.9734,-0.00066174,0.0499,-0.0304,-0.0296
5,1,2.9403,0.0014476,0.0489,0.0505,2.509,2.8025,1,-0.0014352,-2.1335,-0.00046286,0.0419,-0.0314,-0.029
5,1,2.9889,-0.00025238,0.0486,0.0469,2.5244,2.6255,0.95633,-0.2923,0.32773,0.00019036,0.0501,-0.0247,-0.024
5,1,3.0385,-0.00045238,0.0496,0.0494,NaN,NaN,0.82652,-0.56291,3.4504,0.00031792,NaN,NaN,NaN
5,1,3.0881,-0.0021524,0.0496,0.0479,-2.6357,-2.9404,0.62226,-0.78281,-8.3353,-0.00020571,0.0468,-0.0103,-0.0115
5,1,3.1387,-0.0027524,0.0506,0.05,-0.84329,-1.0906,0.35629,-0.93438,-13.837,-0.0009939,0.0558,-0.0065,-0.0083
5,1,3.1877,-0.0012524,0.049,0.0505,-1.4528,-1.4955,0.066617,-0.99778,13.967,0.0011201,0.0388,-0.0133,-0.0136
5,1,3.2375,-0.0028524,0.0498,0.0482,-0.28525,-0.53042,-0.23364,-0.97232,-15.213,-0.0017265,0.0585,-0.0023,-0.0042
5,1,3.2845,0.00094762,0.047,0.0508,-1.4442,-1.2474,-0.498,-0.86718,6.9479,0.0005652,0.0397,-0.0138,-0.0119
5,1,3.3346,-0.0021524,0.0501,0.047,-0.40364,-0.54705,-0.73495,-0.67812,-12.218,-0.0011418,0.0543,-0.0034,-0.0046
5,1,3.3827,-0.00085238,0.0481,0.0494,-1.1816,-1.1696,-0.89912,-0.4377,4.9916,0.00071317,0.0394,-0.0096,-0.0095
5,1,3.4312,-0.0024524,0.0485,0.0469,-0.066493,-0.26144,-0.98747,-0.15779,-12.8,-0.0017554,0.0574,-0.0005,-0.002
5,1,3.4802,-0.00085238,0.049,0.0506,-1.0813,-1.0696,-0.99033,0.13872,-4.0842,-0.00075386,0.0576,-0.0089,-0.0088
5,1,3.5281,0.0011476,0.0479,0.0499,-1.7339,-1.539,-0.90892,0.41697,-1.2844,-0.00015445,0.0562,-0.0186,-0.0165
5,1,3.5788,0.0012476,0.0507,0.0508,-2.631,-2.3672,-0.73978,0.67285,-2.0281,-0.00066129,0.054,-0.0241,-0.0219
5,1,3.629,0.0012476,0.0502,0.0502,2.6143,2.8681,-0.50366,0.8639,-13.242,-0.001096,0.0415,-0.0279,-0.0257
5,1,3.6804,-0.00065238,0.0514,0.0495,-2.5404,-2.492,-0.21396,0.97684,-8.4225,-0.00071165,0.0641,-0.018,-0.0177
5,1,3.7288,-5.2381e-05,0.0484,0.049,3.0341,3.114,0.078274,0.99693,-4.1101,-0.00085288,0.048,-0.0337,-0.0328
5,1,3.7776,0.0010476,0.0488,0.0499,1.9847,2.2656,0.36605,0.93059,-1.2617,-0.00051763,0.0436,-0.0329,-0.0309
5,1,3.8272,-0.00015238,0.0496,0.0484,2.097,2.2061,0.6257,0.78006,-7.8984,-0.00061172,0.0507,-0.0269,-0.0261
5,1,3.8826,0.00094762,0.0554,0.0565,-2.8839,-2.6468,0.84817,0.52972,-3.1273,0.00021824,0.0471,-0.0222,-0.0203
5,1,3.9311,-0.00035238,0.0485,0.0472,-2.9719,-2.8981,0.96544,0.26064,-9.3213,-0.0014585,0.0591,-0.0208,-0.0202
5,1,3.9807,0.0011476,0.0496,0.0511,-2.6804,-2.5052,0.99929,-0.037576,2.0065,3.0917e-05,0.0502,-0.0303,-0.0282
5,1,4.0298,-0.00075238,0.0491,0.0472,2.0119,2.0365,0.94414,-0.32954,-3.6625,-0.00021251,0.0538,-0.0314,-0.0312
5,1,4.0812,-0.00065238,0.0514,0.0515,2.12,2.1496,0.79728,-0.60361,-11.259,-0.0015051,0.0411,-0.0338,-0.0335
5,1,5.5693,-0.0021221,0.046,0.0441,-1.1307,-1.8014,-0.96591,0.2589,13.738,0.0004059,0.0517,-0.0094,-0.0149
5,1,5.6157,0.00047789,0.0464,0.049,-1.8535,-2.2068,-0.85579,0.51732,19.057,0.0017105,0.0354,-0.0147,-0.0176
5,1,5.6627,-0.0016221,0.047,0.0449,-0.48134,-1.3774,-0.67548,0.73738,-0.5053,-0.00027987,0.0493,-0.0031,-0.0081
5,1,5.707,-0.00032211,0.0443,0.0456,-1.1049,-1.5915,-0.45514,0.89042,5.6971,0.0016994,0.0445,-0.0081,-0.0118
5,1,5.753,-0.0019221,0.046,0.0444,-0.85509,-1.5558,-0.19193,0.98141,-4.9731,-0.00014785,0.0513,-0.0066,-0.0119
5,1,5.7966,-2.2105e-05,0.0436,0.0455,-1.7642,-2.1788,0.07163,0.99743,20.561,0.001872,0.0415,-0.0143,-0.0177
5,1,5.8428,0.00087789,0.0462,0.0471,-2.1605,-2.5254,0.34506,0.93858,3.9836,5.7462e-05,0.0385,-0.0096,-0.0121
5,1,5.8883,-0.00082211,0.0455,0.0438,-0.3028,-0.78751,0.58807,0.80881,-6.9884,0.00046289,0.0559,-0.0026,-0.0068
5,1,5.936,-0.00012211,0.0477,0.0484,-1.3864,-1.8034,0.79463,0.60709,6.6616,0.00019909,0.0499,-0.0108,-0.0143
5,1,5.9842,0.00097789,0.0482,0.0493,-1.386,-1.6552,0.93603,0.35193,16.684,0.0021959,0.0418,-0.0125,-0.0149
5,1,6.0322,0.0016779,0.048,0.0487,-1.1929,-1.5075,0.99768,0.06803,3.0463,-0.00021106,0.0482,-0.0063,-0.008
5,1,6.0792,-0.00052211,0.047,0.0448,-0.94397,-1.4235,0.97646,-0.21568,12.248,0.0022728,0.0467,-0.0075,-0.0114
5,1,6.1285,0.0015779,0.0493,0.0514,-0.6467,-0.89855,0.86939,-0.49413,7.7941,0.00073197,0.0491,-0.0049,-0.0067
5,1,6.1763,0.0024779,0.0478,0.0487,-0.85453,-0.97422,0.69154,-0.72234,17.769,0.0012878,0.0454,-0.0062,-0.0071
5,1,6.2245,0.0030779,0.0482,0.0488,-0.44309,-0.48146,0.45365,-0.89118,10.918,0.0018098,0.0474,-0.0034,-0.0037
5,1,6.2718,0.0015779,0.0473,0.0458,-0.48164,-0.74041,0.18253,-0.9832,9.4789,0.001339,0.0484,-0.0035,-0.0053
5,1,6.3183,0.0026779,0.0465,0.0476,-0.67624,-0.76365,-0.098716,-0.99512,13.434,0.0016754,0.0474,-0.0054,-0.0061
5,1,6.3659,0.0012779,0.0476,0.0462,-0.71892,-1.0079,-0.37834,-0.92567,6.4557,0.00057105,0.0479,-0.0052,-0.0073
5,1,6.4115,0.00057789,0.0456,0.0449,-0.9924,-1.3722,-0.61703,-0.78694,13.237,0.0012672,0.0451,-0.0075,-0.0103
5,1,6.4573,-0.0026221,0.0458,0.0426,-1.0148,-1.8772,-0.80942,-0.58724,10.419,0.0015926,0.044,-0.0068,-0.0128
5,1,6.5031,0.00027789,0.0458,0.0487,-0.65366,-1.06,-0.93956,-0.34238,2.8737,0.0007625,0.0493,-0.005,-0.0081
5,1,6.5502,-2.2105e-05,0.0471,0.0468,-0.97407,-1.4225,-0.99799,-0.063328,10.714,0.00069522,0.0464,-0.0072,-0.0106
5,1,6.5968,0.00097789,0.0466,0.0476,-0.90304,-1.2123,-0.97597,0.21791,7.3235,1.4448e-05,0.0491,-0.007,-0.0094
5,1,6.6442,0.0014779,0.0474,0.0479,-1.1784,-1.4269,-0.87392,0.48606,8.6819,0.0010793,0.0433,-0.0087,-0.0106
5,1,6.6913,-0.0012221,0.0471,0.0444,-0.63271,-1.2459,-0.70124,0.71293,-1.303,-7.6656e-05,0.0487,-0.0049,-0.0095
5,1,6.7384,0.00037789,0.0471,0.0487,-0.91218,-1.3287,-0.47155,0.88184,-7.0541,-0.0009377,0.0506,-0.0065,-0.0095
5,1,6.7851,-0.0019221,0.0467,0.0444,-1.262,-1.8907,-0.20591,0.97857,4.8196,0.00073073,0.0498,-0.0104,-0.0157
5,1,6.8311,0.00027789,0.046,0.0482,-1.7629,-2.1501,0.071942,0.99741,13.672,0.001191,0.0397,-0.0142,-0.0173
5,1,6.8757,-0.00032211,0.0446,0.044,-1.8527,-2.547,0.33622,0.94178,-1.9271,-0.00041295,0.043,-0.0093,-0.013
5,1,6.921,-0.00032211,0.0453,0.0453,-0.94115,-1.4457,0.57945,0.81501,-5.5624,0.00020483,0.0507,-0.007,-0.0107
5,1,6.967,0.0012779,0.046,0.0476,-1.4948,-1.7499,0.78174,0.6236,8.1768,0.0006272,0.0435,-0.0117,-0.0138
5,1,7.0132,0.00067789,0.0462,0.0456,-1.1069,-1.459,0.92387,0.38271,-1.7226,0.00056944,0.0476,-0.009,-0.0117
5,1,7.0605,-0.00072211,0.0473,0.0459,-1.441,-2.0355,0.99445,0.10523,-2.8869,-0.00026105,0.0457,-0.0093,-0.0134
5,1,7.1066,0.0015779,0.0461,0.0484,-1.1489,-1.3767,0.9848,-0.1737,1.5839,-0.00014385,0.0469,-0.0089,-0.0107
5,1,7.1539,0.00097789,0.0473,0.0467,-1.0759,-1.383,0.89522,-0.44563,-3.4422,0.00013596,0.0475,-0.0085,-0.0109
5,1,7.2014,0.00057789,0.0475,0.0471,-1.1896,-1.5781,0.73142,-0.68192,-2.8463,-0.00024846,0.0452,-0.0085,-0.0113
5,1,7.2477,0.0011779,0.0463,0.0469,-1.0574,-1.3638,0.51343,-0.85813,3.7514,7.5687e-05,0.0446,-0.0074,-0.0096
5,1,7.2947,-0.0031221,0.047,0.0427,-0.63153,-1.4867,0.25099,-0.96799,-11.545,-1.3185e-05,0.0502,-0.005,-0.0115
5,1,7.3421,-0.00012211,0.0474,0.0504,-1.0638,-1.5256,-0.034192,-0.99942,1.3618,-0.00014289,0.0461,-0.0078,-0.0113
5,1,7.3881,-0.0020221,0.046,0.0441,-1.0333,-1.7509,-0.30849,-0.95123,-4.1724,-6.6546e-05,0.048,-0.0079,-0.0133
5,1,7.4348,-0.0016221,0.0467,0.0471,-1.2536,-1.9169,-0.56237,-0.82688,2.6153,-9.4974e-05,0.0462,-0.0092,-0.0142
5,1,7.4811,-0.0033221,0.0463,0.0446,-1.1735,-2.061,-0.76977,-0.63832,-1.1135,0.00032283,0.0469,-0.0091,-0.0158
5,1,7.5275,-0.00092211,0.0464,0.0488,-1.4215,-2.0274,-0.91693,-0.39906,2.8609,-0.00035309,0.0433,-0.0096,-0.0139
5,1,7.5741,-0.0014221,0.0466,0.0461,-0.8558,-1.512,-0.99189,-0.1271,-4.1173,0.00046806,0.0468,-0.0063,-0.0111
5,1,7.6213,-0.0021221,0.0472,0.0465,-0.80483,-1.556,-0.98735,0.15858,-5.8698,-0.0014258,0.0522,-0.0059,-0.0114
5,1,7.668,0.0032779,0.0467,0.0521,-1.3244,-1.3357,-0.90351,0.42856,6.6451,0.0010131,0.0438,-0.0114,-0.0115
5,1,7.7162,-0.00042211,0.0482,0.0445,-1.0508,-1.6406,-0.74138,0.67108,-8.251,-0.0012407,0.0492,-0.007,-0.0108
5,1,7.762,0.0018779,0.0458,0.0481,-1.2941,-1.4773,-0.52859,0.84887,2.7224,0.00021714,0.0471,-0.0104,-0.0119
5,1,7.8096,0.0013779,0.0476,0.0471,-1.3026,-1.5677,-0.26463,0.96435,-1.0204,-0.00037748,0.0448,-0.0099,-0.0119
5,1,7.8558,-0.0037221,0.0462,0.0411,-1.2022,-2.2369,0.012793,0.99992,-4.6127,-0.00084129,0.0452,-0.0085,-0.0156
5,1,7.9011,-0.00032211,0.0453,0.0487,-1.3288,-1.8697,0.28398,0.95883,-5.2176,-0.00069457,0.045,-0.0084,-0.0121
5,1,7.9461,-2.2105e-05,0.045,0.0453,-1.0071,-1.4246,0.53226,0.84658,-11.281,-0.0007568,0.0563,-0.0084,-0.0118
5,1,7.9937,-0.00032211,0.0476,0.0473,NaN,NaN,0.75154,0.65969,17.088,0.00049004,NaN,NaN,NaN
5,1,8.0369,0.0034779,0.0432,0.047,NaN,NaN,0.89693,0.44217,-0.035558,0.00028879,NaN,NaN,NaN
5,1,8.0843,0.00027789,0.0474,0.0442,0.25594,-0.034101,0.98557,0.16929,-8.5566,5.5795e-05,0.0587,0.0028,-0.0003
5,1,8.1323,0.0024779,0.048,0.0502,-0.99333,-1.1043,0.99263,-0.12115,-6.2511,-0.00031421,0.049,-0.0079,-0.0088
5,1,8.1802,0.00037789,0.0479,0.0458,-1.2185,-1.6116,0.91617,-0.4008,1.4947,-0.00020666,0.046,-0.009,-0.012
5,1,8.2279,-0.00082211,0.0477,0.0465,-0.99896,-1.5802,0.76348,-0.64583,-4.7399,1.6769e-05,0.0473,-0.0073,-0.0115
5,1,8.2754,0.00097789,0.0475,0.0493,-0.91711,-1.2254,0.54817,-0.83637,-3.617,3.6211e-05,0.0466,-0.0071,-0.0095
5,1,8.3217,-0.0033221,0.0463,0.042,-1.0221,-1.9491,0.29451,-0.95565,-4.8284,-0.00088936,0.0497,-0.0074,-0.0141
5,1,8.3698,0.0020779,0.0481,0.0535,-1.108,-1.2789,0.0067904,-0.99998,8.0094,0.00078684,0.0433,-0.009,-0.0103
5,1,8.4164,-0.0036221,0.0466,0.0409,-0.8635,-1.9762,-0.27276,-0.96208,-9.5434,-0.00073792,0.0484,-0.0057,-0.0127
5,1,8.4628,-0.0019221,0.0464,0.0481,-1.0529,-1.741,-0.52956,-0.84827,2.5128,-0.00024873,0.0463,-0.0077,-0.013
5,1,8.509,-0.00072211,0.0462,0.0474,-0.98438,-1.5199,-0.74378,-0.66843,-4.2487,0.00027113,0.049,-0.0078,-0.0119
5,1,8.5565,-0.00042211,0.0475,0.0478,-1.2352,-1.7278,-0.90322,-0.42918,9.2979,-1.6918e-05,0.0431,-0.0093,-0.0131
5,1,8.6032,-0.00012211,0.0467,0.047,-0.80761,-1.3126,-0.98724,-0.15925,-7.0878,-0.00019147,0.0481,-0.0057,-0.0092
5,1,8.65,-0.00022211,0.0468,0.0467,-0.90245,-1.3659,-0.99228,0.12401,-5.2328,-1.9847e-05,0.0495,-0.007,-0.0106
5,1,8.6969,-0.0022221,0.0469,0.0449,-1.2819,-2.0008,-0.91744,0.39788,7.4704,-3.2228e-05,0.0436,-0.0096,-0.0152
5,1,8.7437,0.00097789,0.0468,0.05,-0.91881,-1.27,-0.76904,0.6392,-3.733,-0.00080056,0.0472,-0.0064,-0.0088
5,1,8.7913,0.00067789,0.0476,0.0473,-0.79654,-1.1538,-0.55488,0.83193,-10.086,-0.00044001,0.0504,-0.006,-0.0087
5,1,8.8372,-0.00022211,0.0459,0.045,-1.2764,-1.7099,-0.30451,0.95251,3.3721,-0.00047958,0.0499,-0.0105,-0.0141
5,1,8.8824,0.0010779,0.0452,0.0465,NaN,NaN,-0.034871,0.99939,6.8493,-0.0001727,NaN,NaN,NaN
5,1,8.9291,0.0010779,0.0467,0.0467,0.40389,0.16118,0.24622,0.96921,-13.162,-7.9173e-05,0.0583,0.0039,0.0016
5,1,8.9755,0.00037789,0.0464,0.0457,-0.96158,-1.3195,0.50606,0.8625,-11.582,-0.00081191,0.0534,-0.008,-0.011
5,1,9.0229,0.00037789,0.0474,0.0474,-1.71,-2.0631,0.73013,0.68331,3.9131,-0.00030359,0.0491,-0.014,-0.017
5,1,9.0685,0.0026779,0.0456,0.0479,-2.2941,-2.3814,0.88915,0.45762,-0.68659,0.00023032,0.0358,-0.0175,-0.0182
5,1,9.1157,-0.00022211,0.0472,0.0443,-1.0125,-1.6421,0.98226,0.18751,-6.7902,-0.00074071,0.0464,-0.0061,-0.0097
5,1,9.1628,0.0010779,0.0471,0.0484,-0.64422,-0.91856,0.99525,-0.097307,-7.778,-0.00056813,0.0497,-0.0054,-0.0077
5,1,9.2096,0.0024779,0.0468,0.0482,-1.0252,-1.1381,0.92802,-0.37252,-4.9517,-6.0614e-05,0.0474,-0.0083,-0.0092
5,1,9.2569,-0.00062211,0.0473,0.0442,-1.1664,-1.7353,0.78443,-0.62022,-7.1722,-0.00069524,0.048,-0.0084,-0.0124
5,1,9.3041,-0.0021221,0.0472,0.0457,-1.2946,-2.0355,0.57703,-0.81672,-1.5127,-0.00031728,0.0476,-0.0092,-0.0147
5,1,9.3526,-0.00062211,0.0485,0.05,-1.0902,-1.6051,0.31504,-0.94908,-3.083,-0.00028583,0.0487,-0.0083,-0.0123
5,1,9.3998,0.0023779,0.0472,0.0502,-1.3223,-1.4503,0.033804,-0.99943,7.0191,0.00044458,0.0439,-0.0098,-0.0108
5,1,9.4481,-0.0044221,0.0483,0.0415,-0.65433,-1.6347,-0.25666,-0.9665,-4.4124,0.00043427,0.0488,-0.0054,-0.0132
5,1,9.4954,0.0022779,0.0473,0.054,-0.96083,-1.1136,-0.52001,-0.85416,-1.9954,-0.00024013,0.0465,-0.0069,-0.008
5,1,9.5422,-0.0010221,0.0468,0.0435,-0.8768,-1.4672,-0.73869,-0.67405,-1.3601,-6.9752e-05,0.0495,-0.0066,-0.011
5,1,9.5899,0.0017779,0.0477,0.0505,-1.1321,-1.3439,-0.90047,-0.43492,3.4185,0.00033376,0.0463,-0.0084,-0.01
5,1,9.6365,-0.00012211,0.0466,0.0447,-1.1537,-1.6513,-0.9861,-0.16613,0.86396,9.6411e-05,0.0465,-0.0081,-0.0116
5,1,9.6837,0.0011779,0.0472,0.0485,-0.98025,-1.2652,-0.99283,0.1195,-0.097235,-0.0002695,0.0472,-0.0074,-0.0096
5,1,9.7309,-0.0013221,0.0472,0.0447,-0.97066,-1.5795,-0.91852,0.39538,-0.8041,0.00011542,0.0461,-0.0074,-0.0121
5,1,9.7791,0.00037789,0.0482,0.0499,-0.67649,-1.0669,-0.76533,0.64364,-2.7753,-0.00069043,0.0487,-0.0053,-0.0083
5,1,9.8264,-0.0011221,0.0473,0.0458,-0.88927,-1.499,-0.55158,0.83412,-5.6656,0.00031301,0.0502,-0.0067,-0.0112
5,2,0.1046,-0.0012847,0.0461,0.0489,-1.2457,-1.7906,-0.86036,-0.50969,10.158,0.00039713,0.0458,-0.0071,-0.0105
5,2,0.1506,-0.0016847,0.046,0.0456,-0.92406,-1.4184,-0.96756,-0.25266,6.7692,0.001088,0.0497,-0.0069,-0.0107
5,2,0.197,-0.00078472,0.0464,0.0473,-1.3813,-1.7422,-0.99965,0.026404,8.5828,0.00064951,0.0433,-0.0102,-0.0131
5,2,0.2433,-0.0024847,0.0463,0.0446,-0.91526,-1.5107,-0.95305,0.3028,2.5341,0.00064059,0.0468,-0.0072,-0.0118
5,2,0.2894,-0.0027847,0.0461,0.0458,-1.0872,-1.7785,-0.83225,0.5544,7.1649,0.00053487,0.0447,-0.0079,-0.0128
5,2,0.3369,-0.00048472,0.0475,0.0498,-0.69995,-1.065,-0.64011,0.76828,1.2628,5.206e-05,0.049,-0.0051,-0.0077
5,2,0.383,-0.00078472,0.0461,0.0458,-1.0693,-1.4506,-0.40286,0.91526,9.4701,0.00069415,0.0457,-0.008,-0.0109
5,2,0.4287,-0.0023847,0.0457,0.0441,-1.1686,-1.8204,-0.13663,0.99062,1.235,2.8872e-05,0.0519,-0.008,-0.0125
5,2,0.4745,-0.0011847,0.0458,0.047,-1.7085,-2.0823,0.14066,0.99006,9.5108,0.00058499,0.0471,-0.0141,-0.0174
5,2,0.5189,0.0011153,0.0444,0.0467,NaN,NaN,0.39936,0.9168,12.848,0.0010551,NaN,NaN,NaN
5,2,0.5653,-0.0014847,0.0464,0.0438,-0.15409,-0.64992,0.63858,0.76956,-5.1929,0.00020981,0.0539,-0.0012,-0.0048
5,2,0.6106,1.5278e-05,0.0453,0.0468,-1.1305,-1.3735,0.82364,0.56712,7.2711,0.00062396,0.0531,-0.0098,-0.0119
5,2,0.6564,0.00091528,0.0458,0.0467,-2.1498,-2.2951,0.94771,0.31913,10.214,0.0010495,0.0403,-0.0171,-0.0183
5,2,0.7035,0.00021528,0.0471,0.0464,-2.2391,-2.5502,0.99925,0.038721,-0.29444,0.00046039,0.0433,-0.0103,-0.0122
5,2,0.7502,-0.00088472,0.0467,0.0456,-0.87581,-1.2552,0.97016,-0.24248,-1.3662,0.00048641,0.0494,-0.0069,-0.0099
5,2,0.7971,0.00041528,0.0469,0.0482,-1.2183,-1.4358,0.86291,-0.50535,4.8159,0.0004654,0.0462,-0.0094,-0.0111
5,2,0.8442,0.00051528,0.0471,0.0472,-1.2431,-1.4701,0.68523,-0.72832,5.5323,0.00031535,0.0444,-0.0085,-0.0101
5,2,0.8915,-0.0023847,0.0473,0.0444,-0.73534,-1.3288,0.45077,-0.89264,-4.1392,0.00077437,0.0493,-0.0056,-0.0101
5,2,0.9385,-0.0013847,0.047,0.048,-1.0263,-1.4755,0.18114,-0.98346,11.092,0.0010075,0.0453,-0.0079,-0.0114
5,2,0.9847,-0.0032847,0.0462,0.0443,-0.95735,-1.7185,-0.098308,-0.99516,-1.1954,0.00090718,0.0482,-0.007,-0.0124
5,2,1.0319,-0.0024847,0.0472,0.048,-1.0824,-1.6931,-0.3757,-0.92674,4.7931,0.00017121,0.0459,-0.008,-0.0126
5,2,1.0769,-0.0027847,0.045,0.0447,-1.2647,-1.9445,-0.61192,-0.79092,6.6164,0.00052563,0.0453,-0.0089,-0.0138
5,2,1.1231,-0.0027847,0.0462,0.0462,-1.0519,-1.703,-0.80703,-0.59051,1.3891,0.00070413,0.0462,-0.008,-0.0129
5,2,1.1689,-0.0037847,0.0458,0.0448,-1.232,-2.0577,-0.93816,-0.34619,5.0277,0.00019526,0.0436,-0.0084,-0.0143
5,2,1.2139,-0.00088472,0.045,0.0479,-0.9461,-1.3539,-0.99679,-0.080095,2.8391,0.00051731,0.0478,-0.007,-0.01
5,2,1.2606,-8.4722e-05,0.0467,0.0475,-1.0673,-1.3585,-0.97937,0.20207,2.3693,0.00027323,0.0477,-0.0081,-0.0103
5,2,1.3061,-0.0023847,0.0455,0.0432,-1.3927,-1.9902,-0.88707,0.46163,9.2415,0.00075842,0.0436,-0.0103,-0.0148
5,2,1.3533,0.00051528,0.0472,0.0501,-0.95731,-1.2057,-0.72032,0.69364,-1.5608,7.4331e-06,0.0492,-0.0067,-0.0083
5,2,1.4005,0.00041528,0.0472,0.0471,-1.1457,-1.3645,-0.49478,0.86902,1.6903,0.00025252,0.0479,-0.0087,-0.0104
5,2,1.4475,0.0013153,0.047,0.0479,-1.2983,-1.404,-0.23002,0.97318,1.9958,-0.00013043,0.0502,-0.0096,-0.0104
5,2,1.4951,0.0018153,0.0476,0.0481,-1.3944,-1.4406,0.056986,0.99837,16.62,0.0016826,0.0419,-0.0122,-0.0125
5,2,1.5417,0.0022153,0.0466,0.047,-1.5448,-1.5247,0.33355,0.94273,7.2091,0.00074478,0.0426,-0.0075,-0.0074
5,2,1.5892,0.00031528,0.0475,0.0456,-0.31356,-0.52706,0.58799,0.80887,-9.5444,6.5739e-06,0.053,-0.0026,-0.0044
5,2,1.6362,0.00091528,0.047,0.0476,-1.1399,-1.294,0.79198,0.61054,-1.3325,-0.00024999,0.0485,-0.0086,-0.0098
5,2,1.6843,0.0015153,0.0481,0.0487,-1.1819,-1.2581,0.93427,0.35656,9.2496,-7.2039e-06,0.0481,-0.009,-0.0096
5,2,1.7325,0.0021153,0.0482,0.0488,-1.0309,-1.0309,0.99742,0.071763,2.5411,0.0012509,0.0469,-0.0089,-0.0089
5,2,1.7812,0.0013153,0.0487,0.0479,-1.0125,-1.1265,0.97502,-0.22211,5.5651,0.00017686,0.048,-0.0071,-0.0079
5,2,1.8292,0.0012153,0.048,0.0479,-0.88521,-0.99786,0.87003,-0.49299,0.80187,0.0013038,0.0479,-0.0071,-0.008
5,2,1.8769,0.0019153,0.0477,0.0484,-1.0837,-1.1124,0.69293,-0.72101,9.6,0.00041669,0.047,-0.0073,-0.0075
5,2,1.9256,0.0012153,0.0487,0.048,-0.6755,-0.78335,0.45266,-0.89169,9.9799,0.0016347,0.0484,-0.0056,-0.0065
5,2,1.9744,0.0015153,0.0488,0.0491,-0.7029,-0.7844,0.17247,-0.98502,6.3571,0.00060821,0.0481,-0.0052,-0.0058
5,2,2.0213,0.0018153,0.0469,0.0472,-0.84393,-0.88324,-0.1113,-0.99379,4.591,0.0011713,0.0502,-0.0064,-0.0067
5,2,2.0699,0.0015153,0.0486,0.0483,-0.99103,-1.0646,-0.39561,-0.91842,14.496,0.0018614,0.0452,-0.008,-0.0086
5,2,2.1177,0.00011528,0.0478,0.0464,-0.79539,-1.0898,-0.64197,-0.76673,9.79,0.00075056,0.048,-0.0054,-0.0074
5,2,2.1656,0.0018153,0.0479,0.0496,-0.65741,-0.70558,-0.83493,-0.55036,10.903,0.0014802,0.0496,-0.0055,-0.0058
5,2,2.2133,0.00061528,0.0477,0.0465,-1.0265,-1.2309,-0.95736,-0.28889,10.457,0.00088264,0.0467,-0.0074,-0.0089
5,2,2.2607,0.0013153,0.0474,0.0481,-0.91944,-1.0276,-0.99999,-0.0051579,11.673,0.0013423,0.0456,-0.0067,-0.0075
5,2,2.3077,0.0014153,0.047,0.0471,-0.73308,-0.82855,-0.96097,0.27666,7.714,0.0011732,0.0468,-0.0053,-0.006
5,2,2.3544,0.00021528,0.0467,0.0455,-0.71451,-0.96287,-0.84514,0.53455,3.1285,0.0010911,0.0476,-0.0054,-0.0073
5,2,2.402,0.0013153,0.0476,0.0487,-0.72361,-0.84331,-0.65766,0.75332,2.386,-0.00043816,0.0503,-0.0054,-0.0062
5,2,2.449,0.0020153,0.047,0.0477,-1.0573,-1.0694,-0.4189,0.90803,NaN,0.0017449,0.0446,-0.0087,-0.0088
5,2,2.5905,0.00061528,0.0466,0.0452,-1.5885,-1.7595,0.41435,0.91012,14.95,0.0014028,0.0465,-0.0138,-0.0153
5,2,2.6379,0.0012153,0.0474,0.048,-1.8703,-2.0006,0.65572,0.755,7.9506,-7.8739e-05,0.0435,-0.0129,-0.0138
5,2,2.6858,0.0020153,0.0479,0.0487,-1.2523,-1.267,0.84474,0.53518,4.8496,0.0010066,0.0436,-0.0085,-0.0086
5,2,2.734,0.0011153,0.0482,0.0473,-0.53438,-0.67146,0.96325,0.26861,-2.9434,-0.00031766,0.0509,-0.0039,-0.0049
5,2,2.7818,0.0020153,0.0478,0.0487,-0.89472,-0.90728,0.99983,-0.018382,4.1991,0.0010293,0.0474,-0.007,-0.0071
5,2,2.8301,1.5278e-05,0.0483,0.0463,-0.80042,-1.0759,0.9518,-0.30673,2.1667,0.00033743,0.0488,-0.0061,-0.0082
5,2,2.8785,0.0018153,0.0484,0.0502,-0.81505,-0.85258,0.82208,-0.56937,6.1192,0.00072543,0.0491,-0.0065,-0.0068
5,2,2.9264,0.00091528,0.0479,0.047,-1.0859,-1.262,0.62421,-0.78126,6.2972,0.00074105,0.0456,-0.0077,-0.0089
5,2,2.9745,-8.4722e-05,0.0481,0.0471,-0.65799,-0.93829,0.37274,-0.92793,-1.535,0.00038416,0.0495,-0.0052,-0.0074
5,2,3.022,0.00051528,0.0475,0.0481,-0.95929,-1.1537,0.093315,-0.99564,5.866,0.00049877,0.0484,-0.0072,-0.0088
5,2,3.0705,0.0014153,0.0485,0.0494,-0.90635,-0.99607,-0.19978,-0.97984,2.337,0.00085709,0.0479,-0.0071,-0.0078
5,2,3.1185,-0.00048472,0.048,0.0461,-0.97164,-1.3276,-0.47299,-0.88107,5.3912,0.00024302,0.0475,-0.007,-0.0096
5,2,3.1663,0.00081528,0.0478,0.0491,-0.85199,-1.0157,-0.70542,-0.70879,5.1086,0.00077434,0.048,-0.0067,-0.008
5,2,3.2151,0.00041528,0.0488,0.0484,-0.80286,-1.0305,-0.88169,-0.47183,7.9026,0.00077608,0.0466,-0.0059,-0.0076
5,2,3.263,0.00091528,0.0479,0.0484,-0.5994,-0.75662,-0.97998,-0.19909,-1.7686,0.00038114,0.05,-0.0046,-0.0058
5,2,3.3112,-8.4722e-05,0.0482,0.0472,-0.80043,-1.0754,-0.99574,0.092207,3.7051,0.00053298,0.0492,-0.0064,-0.0086
5,2,3.3589,0.00071528,0.0477,0.0485,-1.0689,-1.2535,-0.9279,0.37284,7.4855,0.00019302,0.0481,-0.0079,-0.0093
5,2,3.408,0.0014153,0.0491,0.0498,-0.87127,-0.9594,-0.77739,0.62902,-0.72038,0.00060013,0.0476,-0.0069,-0.0076
5,2,3.4561,0.00081528,0.0481,0.0475,-0.89584,-1.075,-0.56327,0.82627,-0.26401,-0.00028143,0.0494,-0.0064,-0.0077
5,2,3.5026,0.0024153,0.0465,0.0481,-1.0914,-1.0563,-0.31068,0.95052,3.5658,0.00099291,0.0487,-0.0093,-0.009
5,2,3.5521,0.00051528,0.0495,0.0476,-1.1854,-1.4061,-0.015243,0.99988,3.2057,8.8587e-05,0.0462,-0.0085,-0.0101
5,2,3.5988,0.00041528,0.0467,0.0466,-1.1096,-1.3414,0.2652,0.96419,3.0127,0.0007203,0.0439,-0.008,-0.0097
5,2,3.6449,-0.0036847,0.0461,0.042,-0.80217,-1.6283,0.52134,0.85335,-11.979,-0.00061728,0.0516,-0.0058,-0.0116
5,2,3.6915,-0.0018847,0.0466,0.0484,-1.3074,-1.7799,0.73892,0.67379,5.3641,0.00036274,0.0488,-0.0108,-0.0148
5,2,3.7379,0.0015153,0.0464,0.0498,-1.75,-1.8281,0.89716,0.44171,5.4647,0.00031081,0.0416,-0.0132,-0.0138
5,2,3.7845,-0.00088472,0.0466,0.0442,-1.2549,-1.728,0.98482,0.17357,-2.9049,-0.00037576,0.0462,-0.0082,-0.0112
5,2,3.8313,-0.0035847,0.0468,0.0441,-1.0144,-1.7678,0.99398,-0.10959,1.9609,0.00070157,0.0451,-0.0076,-0.0133
5,2,3.8788,-0.00028472,0.0475,0.0508,-0.71985,-1.0549,0.92171,-0.38787,-1.2657,0.00013605,0.0475,-0.0052,-0.0076
5,2,3.9261,0.00031528,0.0473,0.0479,-0.72539,-0.96643,0.77403,-0.63315,-5.9491,-0.0003789,0.0505,-0.0054,-0.0072
5,2,3.9734,0.00051528,0.0473,0.0475,-1.1115,-1.3103,0.56289,-0.82653,12.566,0.0010515,0.0447,-0.0086,-0.0102
5,2,4.0209,-0.0030847,0.0475,0.0439,-0.73707,-1.4189,0.30446,-0.95253,2.7823,0.00031231,0.0485,-0.0058,-0.011
5,2,4.0684,0.0013153,0.0475,0.0519,-0.93912,-1.0336,0.020856,-0.99978,13.722,0.00068519,0.0447,-0.0068,-0.0076
5,2,4.1179,0.00081528,0.0495,0.049,-0.27291,-0.4455,-0.27617,-0.96111,-5.445,0.00056812,0.0507,-0.002,-0.0033
5,2,4.1652,0.00061528,0.0473,0.0471,-0.73899,-0.92164,-0.53719,-0.84346,1.2427,0.00030361,0.0476,-0.0054,-0.0069
5,2,4.2122,0.00031528,0.047,0.0467,-0.76665,-0.99731,-0.75298,-0.65805,3.1071,0.00027711,0.0491,-0.006,-0.0078
5,2,4.2606,0.0010153,0.0484,0.0491,-0.8978,-1.042,-0.91135,-0.41163,4.3454,0.00057344,0.046,-0.0067,-0.0078
5,2,4.3079,0.00081528,0.0473,0.0471,-0.73123,-0.90557,-0.99064,-0.13652,1.3619,0.00026206,0.0489,-0.0054,-0.0067
5,2,4.3559,0.00061528,0.048,0.0478,-0.78641,-0.97355,-0.98807,0.15399,0.29128,0.0003484,0.0482,-0.0063,-0.0078
5,2,4.4035,-8.4722e-05,0.0476,0.0469,-0.94493,-1.2433,-0.90316,0.42931,2.2479,-3.0588e-05,0.0477,-0.0069,-0.0091
5,2,4.4506,0.0011153,0.0471,0.0483,-0.99483,-1.1252,-0.7453,0.66673,3.4937,0.00017295,0.0463,-0.0075,-0.0085
5,2,4.499,0.0013153,0.0484,0.0486,-0.75635,-0.86762,-0.52013,0.85408,-1.9439,0.00028481,0.0481,-0.0054,-0.0062
5,2,4.5468,-0.00018472,0.0478,0.0463,-0.71722,-1.0053,-0.25386,0.96724,-10.008,-0.00061934,0.0522,-0.0057,-0.008
5,2,4.5937,0.00061528,0.0469,0.0477,-1.2813,-1.4579,0.028191,0.9996,14.187,0.00069984,0.0558,-0.011,-0.0125
5,2,4.6412,0.0014153,0.0475,0.0483,NaN,NaN,0.31144,0.95027,0.43864,0.00031459,NaN,NaN,NaN
5,2,4.6882,-0.00068472,0.047,0.0449,-0.5149,-0.83846,0.56644,0.8241,-13.606,-0.00056525,0.0515,-0.0045,-0.0073
5,2,4.7347,-0.0016847,0.0465,0.0455,-1.2914,-1.7819,0.77367,0.63358,-1.0084,-0.00028807,0.0463,-0.0095,-0.0133
5,2,4.7814,0.00091528,0.0467,0.0493,-1.2065,-1.3622,0.92008,0.39174,-1.0523,1.2251e-05,0.044,-0.0091,-0.0103
5,2,4.8283,-0.0018847,0.0469,0.0441,-0.88699,-1.444,0.99309,0.11738,-8.2395,-0.00062571,0.0489,-0.0062,-0.0102
5,2,4.8749,1.5278e-05,0.0466,0.0485,-1.0576,-1.3155,0.98635,-0.16464,1.4497,0.00035051,0.0454,-0.0085,-0.0106
5,2,4.9218,-0.0032847,0.0469,0.0436,-0.99673,-1.7828,0.90033,-0.4352,-3.8108,-0.00012279,0.0452,-0.007,-0.0124
5,2,4.9689,-0.00098472,0.0471,0.0494,-0.77056,-1.2327,0.74093,-0.67158,-5.4263,-0.00070528,0.0478,-0.0051,-0.0082
5,2,5.016,0.00071528,0.0471,0.0488,-0.7355,-0.90825,0.5213,-0.85338,1.5731,0.00059379,0.0475,-0.0058,-0.0072
5,2,5.0633,-0.0034847,0.0473,0.0431,-0.76523,-1.484,0.25812,-0.96611,-3.5019,3.6145e-05,0.0495,-0.006,-0.0116
5,2,5.1099,-0.00048472,0.0466,0.0496,-1.1712,-1.5109,-0.021972,-0.99976,2.6593,-6.5078e-06,0.0451,-0.0089,-0.0115
5,2,5.1574,0.00041528,0.0475,0.0484,-0.95883,-1.2093,-0.30552,-0.95219,-1.4128,-0.00033424,0.0455,-0.0065,-0.0082
5,2,5.2049,0.00031528,0.0475,0.0474,-0.61736,-0.86088,-0.56382,-0.8259,-7.2409,-0.00025683,0.0497,-0.0045,-0.0063
5,2,5.2521,-0.00078472,0.0472,0.0461,-0.84925,-1.1991,-0.77435,-0.63276,0.87676,0.00070696,0.0487,-0.007,-0.0099
5,2,5.2995,-8.4722e-05,0.0474,0.0481,-1.1792,-1.4807,-0.92215,-0.38684,6.399,-0.00040383,0.0441,-0.0083,-0.0105
5,2,5.347,0.00011528,0.0475,0.0477,-0.65669,-0.92498,-0.9941,-0.10848,-4.8014,0.00051409,0.0486,-0.0049,-0.0069
5,2,5.3947,0.00061528,0.0477,0.0482,-0.75859,-0.95305,-0.98366,0.18005,-5.766,-0.00074252,0.0485,-0.0058,-0.0073
5,2,5.4421,-0.0011847,0.0474,0.0456,-0.93717,-1.3883,-0.89205,0.45194,0.17447,-0.00039081,0.0472,-0.0069,-0.0102
5,2,5.4899,0.0012153,0.0478,0.0502,-0.84223,-0.94575,-0.72533,0.6884,0.8818,-7.5131e-06,0.0465,-0.0063,-0.0072
5,2,5.5382,0.00051528,0.0483,0.0476,-0.6255,-0.84483,-0.49527,0.86874,-0.6225,-0.00013769,0.0484,-0.0045,-0.0061
5,2,5.5866,-0.00058472,0.0484,0.0473,-0.55427,-0.88876,-0.2223,0.97498,-13.212,-0.00068498,0.051,-0.0045,-0.0072
5,2,5.6338,0.00011528,0.0472,0.0479,-1.0356,-1.2833,0.062481,0.99805,7.8384,-1.3752e-05,0.0516,-0.0083,-0.0103
5,2,5.6817,0.0025153,0.0479,0.0503,-1.5804,-1.5311,0.34615,0.93818,-4.9563,0.00040834,0.0413,-0.012,-0.0116
5,2,5.7297,-0.0032847,0.048,0.0422,-0.79044,-1.6151,0.60121,0.79909,-12.446,-0.0012833,0.0479,-0.0053,-0.0107
5,2,5.7759,0.0011153,0.0462,0.0506,-0.9235,-1.0529,0.799,0.60133,-4.2591,0.00012548,0.0473,-0.007,-0.008
5,2,5.8228,0.00051528,0.0469,0.0463,-0.92424,-1.1249,0.93579,0.35255,-9.5868,-0.0011445,0.0514,-0.0074,-0.009
5,2,5.8705,0.00091528,0.0477,0.0481,-1.3935,-1.5417,0.99751,0.070513,-2.5324,0.00019676,0.046,-0.0111,-0.0123
5,2,5.9186,-0.00018472,0.0481,0.047,-1.2813,-1.6061,0.97555,-0.21978,-0.29121,-6.3707e-05,0.0436,-0.009,-0.0113
5,2,5.9665,-0.00098472,0.0479,0.0471,-0.63566,-1.064,0.87151,-0.49038,-11.784,-0.0007786,0.0498,-0.0047,-0.0078
5,2,6.0143,-0.0036847,0.0478,0.0451,-0.87744,-1.6172,0.69465,-0.71935,-6.0209,-0.00077208,0.0496,-0.0067,-0.0125
5,2,6.0619,-0.00018472,0.0476,0.0511,-1.1337,-1.409,0.46073,-0.88754,7.0829,0.00058352,0.0427,-0.0087,-0.011
5,2,6.1094,-0.0021847,0.0475,0.0455,-0.54418,-1.155,0.18915,-0.98195,-7.6686,-0.00071202,0.049,-0.0039,-0.0082
5,2,6.1571,-0.00078472,0.0477,0.0491,-0.66746,-1.0341,-0.099262,-0.99506,-3.5209,1.7642e-05,0.048,-0.0052,-0.0081
5,2,6.204,-0.00068472,0.0469,0.047,-0.84954,-1.2255,-0.3749,-0.92706,1.1094,6.6274e-05,0.0464,-0.0063,-0.0091
5,2,6.2512,-0.00018472,0.0472,0.0477,-0.77102,-1.0929,-0.62176,-0.78321,-4.1349,-0.00069594,0.0486,-0.0055,-0.0078
5,2,6.2997,-0.00058472,0.0485,0.0481,-0.73147,-1.0589,-0.82237,-0.56895,0.81988,0.00061186,0.0476,-0.0056,-0.0083
5,2,6.347,1.5278e-05,0.0473,0.0479,-0.75729,-1.0253,-0.94989,-0.3126,0.27412,4.5218e-05,0.0467,-0.0059,-0.008
5,2,6.3937,-0.0033847,0.0467,0.0433,-0.82686,-1.6023,-0.99941,-0.034268,-1.6253,-0.00088936,0.0478,-0.0059,-0.0114
5,2,6.4413,0.00081528,0.0476,0.0518,-0.78883,-0.95642,-0.9677,0.2521,-4.4702,-3.9823e-05,0.0487,-0.0061,-0.0074
5,2,6.4898,0.00091528,0.0485,0.0486,-0.84155,-0.99912,-0.85282,0.5222,-1.6588,-0.00019451,0.0472,-0.0063,-0.0075
5,2,6.5365,0.0016153,0.0467,0.0474,-0.89558,-0.97362,-0.6726,0.74001,0.10655,-8.5189e-06,0.0477,-0.0068,-0.0073
5,2,6.5858,0.0010153,0.0493,0.0487,-0.67366,-0.81585,-0.42437,0.90549,-5.5775,3.9512e-05,0.0482,-0.0052,-0.0063
5,2,6.6336,0.0012153,0.0478,0.048,-0.76177,-0.8841,-0.14739,0.98908,NaN,-0.00090925,0.0502,-0.0056,-0.0065
5,2,6.7787,0.00031528,0.0487,0.047,-1.1315,-1.4181,0.6694,0.7429,-8.6517,-0.00091025,0.0469,-0.0072,-0.009
5,2,6.8255,0.0011153,0.0468,0.0476,-0.95718,-1.0865,0.85088,0.52536,-4.8356,-0.00067111,0.0465,-0.0073,-0.0083
5,2,6.8734,0.00051528,0.0479,0.0473,-0.8323,-1.0569,0.96582,0.2592,-9.0813,-0.00057314,0.049,-0.0059,-0.0075
5,2,6.9208,0.00051528,0.0474,0.0474,-0.92263,-1.1175,0.99967,-0.025708,NaN,-0.00043921,0.0497,-0.0075,-0.0091
5,3,5.7277,0.001218,0.0506,0.0513,-0.46526,-0.51091,0.83719,0.54691,-0.4867,0.0002976,0.0497,-0.004,-0.0044
5,3,5.7769,0.00081798,0.0492,0.0488,-0.66662,-0.79611,0.96118,0.27592,1.216,0.00011319,0.0466,-0.0045,-0.0053
5,3,5.8259,0.001218,0.049,0.0494,-0.26413,-0.31296,0.99983,-0.018364,-2.7499,-0.00018793,0.0529,-0.0021,-0.0025
5,3,5.8761,0.00031798,0.0502,0.0493,-0.61787,-0.79522,0.94811,-0.31795,1.0681,0.00040205,0.0483,-0.0048,-0.0061
5,3,5.9261,-0.00028202,0.05,0.0494,-0.40305,-0.64598,0.80946,-0.58717,0.36902,-2.8554e-05,0.0516,-0.0031,-0.005
5,3,5.9753,0.001318,0.0492,0.0508,-0.67181,-0.70791,0.60049,-0.79963,8.6865,0.00073386,0.0489,-0.0055,-0.0058
5,3,6.0269,0.00051798,0.0516,0.0508,-0.34655,-0.4824,0.32441,-0.94592,-5.3137,-0.00016469,0.0527,-0.0028,-0.0039
5,3,6.0758,0.001018,0.0489,0.0494,-0.82448,-0.89837,0.033083,-0.99945,6.8668,0.00049972,0.0486,-0.0066,-0.0072
5,3,6.1258,0.00031798,0.05,0.0493,-0.68027,-0.84851,-0.2676,-0.96353,4.3985,0.00039815,0.0492,-0.0052,-0.0065
5,3,6.1754,0.00021798,0.0496,0.0495,-0.62544,-0.80544,-0.5417,-0.84057,7.164,0.0006066,0.0474,-0.0048,-0.0062
5,3,6.2259,0.00021798,0.0505,0.0505,-0.22077,-0.40061,-0.77041,-0.63755,-3.3981,-0.00019496,0.0528,-0.0017,-0.0031
5,3,6.2762,0.00041798,0.0503,0.0505,-0.50421,-0.64437,-0.92661,-0.37602,3.1248,0.00027551,0.0509,-0.0042,-0.0054
5,3,6.3271,0.00051798,0.0509,0.051,-0.52702,-0.67671,-0.99711,-0.075959,4.806,0.0001474,0.0504,-0.0042,-0.0053
5,3,6.3775,0.00061798,0.0504,0.0505,-0.53736,-0.66452,-0.97358,0.22836,3.0927,0.00015665,0.0487,-0.0042,-0.0052
5,3,6.4278,0.00041798,0.0503,0.0501,-0.33398,-0.48785,-0.85965,0.51088,0.9929,6.9482e-05,0.0522,-0.0026,-0.0038
5,3,6.4791,0.00041798,0.0513,0.0513,-0.44565,-0.59428,-0.66141,0.75002,0.79871,0.00019162,0.0489,-0.0035,-0.0047
5,3,6.5292,0.00051798,0.0501,0.0502,-0.29369,-0.43081,-0.40603,0.91386,0.23636,0.00044383,0.0501,-0.0023,-0.0034
5,3,6.5795,0.00071798,0.0503,0.0505,-0.26383,-0.37572,-0.11205,0.9937,-2.6353,-0.00050138,0.051,-0.0021,-0.003
5,3,6.6292,0.00041798,0.0497,0.0494,-0.4354,-0.58755,0.18874,0.98203,-2.2362,-0.00032941,0.0499,-0.0034,-0.0046
5,3,6.6781,0.00021798,0.0489,0.0487,-0.55323,-0.72826,0.46814,0.88366,-3.4456,0.00043827,0.0495,-0.0044,-0.0058
5,3,6.7274,0.00041798,0.0493,0.0495,-0.58943,-0.74113,0.70818,0.70603,-1.2742,-0.00035069,0.0478,-0.0046,-0.0058
5,3,6.7758,0.00061798,0.0484,0.0486,-0.52314,-0.65483,0.88251,0.47029,-8.1917,-0.00071572,0.0513,-0.004,-0.005
5,3,6.824,0.001018,0.0482,0.0486,-0.88333,-0.95666,0.98074,0.19531,-2.0915,-0.00037003,0.0499,-0.0071,-0.0077
5,3,6.8725,0.001318,0.0485,0.0488,-1.0881,-1.1258,0.99517,-0.098139,-2.2454,0.00023182,0.0471,-0.0085,-0.0088
5,3,6.9219,-0.00038202,0.0494,0.0477,-0.83906,-1.1105,0.92159,-0.38816,-4.2045,-0.00031623,0.0491,-0.0062,-0.0082
5,3,6.9706,0.001118,0.0487,0.0502,-0.83326,-0.89574,0.76823,-0.64017,3.7326,0.00028704,0.0476,-0.0066,-0.0071
5,3,7.0193,-0.00068202,0.0487,0.0469,-0.72903,-1.0361,0.54801,-0.83647,-0.99688,-0.00017759,0.0481,-0.0055,-0.0078
5,3,7.0677,-0.001082,0.0484,0.048,-0.72429,-1.0901,0.28185,-0.95946,0.20222,0.00026675,0.0473,-0.0052,-0.0079
5,3,7.1161,-0.00048202,0.0484,0.049,-0.52732,-0.79491,-0.0085399,-0.99996,-2.1972,0.00045219,0.0482,-0.0041,-0.0062
5,3,7.1643,0.00011798,0.0482,0.0488,-0.52452,-0.71594,-0.29704,-0.95487,-4.2515,-0.00042932,0.051,-0.0041,-0.0056
5,3,7.2122,0.00031798,0.0479,0.0481,-0.91767,-1.08,-0.55869,-0.82937,2.5994,0.00020768,0.0489,-0.0072,-0.0085
5,3,7.2618,0.00041798,0.0496,0.0497,-0.83433,-0.98764,-0.77981,-0.62601,4.5459,0.0003165,0.0463,-0.0065,-0.0077
5,3,7.3107,-0.00028202,0.0489,0.0482,-0.53701,-0.79607,-0.92899,-0.37011,-1.9577,-0.00026492,0.0488,-0.0039,-0.0058
5,3,7.359,0.00071798,0.0483,0.0493,-0.56144,-0.67526,-0.99635,-0.085369,-0.17874,0.00020876,0.0496,-0.0044,-0.0053
5,3,7.4085,-0.00018202,0.0495,0.0486,-0.58722,-0.81954,-0.97687,0.21381,-1.7816,-0.00045576,0.0511,-0.0045,-0.0063
5,3,7.4573,0.00041798,0.0488,0.0494,-0.79893,-0.93927,-0.87168,0.49007,5.6851,0.00056216,0.0483,-0.0068,-0.008
5,3,7.5068,0.001018,0.0495,0.0501,-0.82161,-0.90817,-0.68723,0.72644,2.618,0.00012352,0.0448,-0.0056,-0.0062
5,3,7.5554,0.00011798,0.0486,0.0477,-0.24593,-0.44836,-0.44592,0.89508,-4.5167,4.5627e-05,0.05,-0.0018,-0.0033
5,3,7.6042,-0.00048202,0.0488,0.0482,-0.37818,-0.63648,-0.16475,0.98634,-7.048,-0.0006862,0.0526,-0.003,-0.0051
5,3,7.653,0.00011798,0.0488,0.0494,-0.80552,-0.98116,0.13082,0.99141,-0.14786,0.00019901,0.0489,-0.0068,-0.0083
5,3,7.7,0.00041798,0.047,0.0473,-1.2052,-1.3677,0.40497,0.91433,1.3644,-0.00011482,0.0425,-0.0087,-0.0099
5,3,7.7482,-0.00028202,0.0482,0.0475,-0.42844,-0.70161,0.65182,0.75837,-13.405,-0.0008449,0.0486,-0.003,-0.0049
5,3,7.7947,-0.00078202,0.0465,0.046,-0.68788,-1.0039,0.8375,0.54643,-10.62,-0.0013445,0.0543,-0.0051,-0.0075
5,3,7.8424,0.001018,0.0477,0.0495,-1.2428,-1.3054,0.95879,0.28412,2.7625,0.00047082,0.0448,-0.0117,-0.0123
5,3,7.8901,0.001318,0.0477,0.048,-1.466,-1.5159,1,-0.0019155,-6.3929,-0.00091731,0.0468,-0.0088,-0.0091
5,3,7.9388,0.00071798,0.0487,0.0481,-0.87161,-0.98476,0.95593,-0.29361,0.079422,0.00060538,0.0453,-0.0069,-0.0078
5,3,7.9874,0.00041798,0.0486,0.0483,-0.52286,-0.69683,0.829,-0.55925,-10.057,-0.00068853,0.0514,-0.0036,-0.0048
5,3,8.0358,-0.00018202,0.0484,0.0478,-0.78615,-0.99726,0.63116,-0.77565,2.7444,0.00034034,0.0495,-0.0066,-0.0084
5,3,8.0852,-0.001582,0.0494,0.048,-0.85099,-1.255,0.37344,-0.92766,2.6586,-0.00025321,0.0479,-0.0067,-0.0099
5,3,8.134,0.00011798,0.0488,0.0505,-0.75992,-0.95588,0.085912,-0.9963,1.2213,0.00023899,0.049,-0.0058,-0.0073
5,3,8.1831,0.00031798,0.0491,0.0493,-0.75987,-0.93232,-0.2109,-0.97751,-6.5905,-0.00032528,0.0488,-0.0057,-0.007
5,3,8.2312,-0.00068202,0.0481,0.0471,-0.86632,-1.1707,-0.48375,-0.8752,0.1639,4.2913e-05,0.0483,-0.0064,-0.0087
5,3,8.2797,-0.00068202,0.0485,0.0485,-0.77259,-1.0569,-0.71722,-0.69684,5.2183,0.00048469,0.0464,-0.0062,-0.0085
5,3,8.3279,-0.00028202,0.0482,0.0486,-0.61301,-0.8786,-0.88794,-0.45995,0.92246,-7.0939e-05,0.0483,-0.0044,-0.0063
5,3,8.3763,0.00071798,0.0484,0.0494,-0.55294,-0.66659,-0.98318,-0.18265,-5.1515,5.9201e-05,0.0503,-0.0043,-0.0052
5,3,8.4245,-0.00048202,0.0482,0.047,-0.81858,-1.0834,-0.99403,0.10915,1.1142,-5.9957e-05,0.0481,-0.0064,-0.0085
5,3,8.4726,0.00021798,0.0481,0.0488,-0.84669,-1.0313,-0.92036,0.39108,1.7762,-0.00010597,0.0482,-0.0064,-0.0078
5,3,8.522,0.00041798,0.0494,0.0496,-0.65657,-0.80701,-0.76346,0.64586,-2.33,0.00010256,0.0477,-0.0052,-0.0064
5,3,8.5702,0.00021798,0.0482,0.048,-0.6656,-0.86516,-0.54434,0.83886,-7.7641,-0.0014656,0.0518,-0.0047,-0.0061
5,3,8.6194,0.00061798,0.0492,0.0496,-0.841,-0.95391,-0.27297,0.96202,-1.1209,0.00052446,0.0491,-0.0073,-0.0083
5,3,8.6678,-0.00038202,0.0484,0.0474,-1.0802,-1.3458,0.017785,0.99984,3.6188,0.00029068,0.0429,-0.008,-0.01
5,3,8.7152,0.001118,0.0474,0.0489,-0.47992,-0.54847,0.30122,0.95356,-7.052,-0.00040149,0.0488,-0.0035,-0.004
5,3,8.7632,-0.00068202,0.048,0.0462,-0.57207,-0.8786,0.56282,0.82658,-11.699,-0.0013642,0.0504,-0.0043,-0.0066
5,3,8.8104,1.7978e-05,0.0472,0.0479,-0.92632,-1.1215,0.77377,0.63347,-4.6042,-0.00016982,0.05,-0.0075,-0.0091
5,3,8.8576,0.00051798,0.0472,0.0477,-1.3295,-1.468,0.92142,0.38856,1.4958,-0.00012004,0.0447,-0.0103,-0.0114
5,3,8.9063,-0.00028202,0.0487,0.0479,-0.84362,-1.1044,0.9947,0.1028,-7.2961,-0.00038588,0.0489,-0.0063,-0.0082
5,3,8.9538,-0.00018202,0.0475,0.0476,-1.0333,-1.2722,0.98279,-0.18474,-1.9678,6.9919e-05,0.0457,-0.0077,-0.0095
5,3,9.0017,-0.00028202,0.0479,0.0478,-0.77601,-1.0403,0.88836,-0.45915,-1.1161,-0.00015218,0.047,-0.0055,-0.0074
5,3,9.0496,-0.001682,0.0479,0.0465,-0.6158,-1.0539,0.71912,-0.69488,-4.0497,-0.00032439,0.0484,-0.0046,-0.0079
5,3,9.0979,-0.002082,0.0483,0.0479,-0.62185,-1.0802,0.4872,-0.87329,1.3727,0.00037586,0.0475,-0.0047,-0.0084
5,3,9.146,-0.00048202,0.0481,0.0497,-0.52632,-0.79379,0.21476,-0.97667,-5.5582,-0.00034706,0.0495,-0.0041,-0.0062
5,3,9.194,-0.00088202,0.048,0.0476,-0.75555,-1.0861,-0.075312,-0.99716,-2.3796,-0.00014711,0.048,-0.0056,-0.0081
5,3,9.2413,-0.001182,0.0473,0.047,-0.84052,-1.2067,-0.35504,-0.93485,-3.2638,-8.0903e-05,0.0486,-0.0063,-0.0091
5,3,9.2897,1.7978e-05,0.0484,0.0496,-0.84615,-1.0508,-0.61092,-0.79169,0.16595,0.00016955,0.0479,-0.0065,-0.0081
5,3,9.3368,-0.00088202,0.0471,0.0462,-0.94384,-1.2688,-0.80966,-0.58689,0.86453,0.00058919,0.0476,-0.0073,-0.0098
5,3,9.3848,-0.00078202,0.048,0.0481,-0.94952,-1.2758,-0.94428,-0.32913,4.3323,-0.00010915,0.0463,-0.0069,-0.0093
5,3,9.4318,0.00051798,0.047,0.0483,-0.82314,-0.96925,-0.99877,-0.049616,2.9399,0.00083233,0.0465,-0.0062,-0.0073
5,3,9.4796,-0.00068202,0.0478,0.0466,-0.67067,-0.98283,-0.97111,0.23865,-0.39016,-0.00046132,0.0488,-0.0049,-0.0072
5,3,9.5282,-0.00048202,0.0486,0.0488,-0.67806,-0.95065,-0.85953,0.51109,3.4264,0.0003994,0.0472,-0.0051,-0.0072
5,3,9.5766,0.00021798,0.0484,0.0491,-0.54027,-0.7119,-0.67435,0.73842,-4.9659,-0.00014906,0.049,-0.0039,-0.0053
5,3,9.6244,-0.001082,0.0478,0.0465,-0.64042,-0.97834,-0.43448,0.90068,-3.5946,6.1886e-05,0.0479,-0.0051,-0.0078
5,3,9.6721,-0.00098202,0.0477,0.0478,-0.69935,-1.0414,-0.15878,0.98731,-4.7557,-6.7295e-05,0.0486,-0.0053,-0.0079
5,3,9.7185,-0.00058202,0.0464,0.0468,-0.99197,-1.2822,0.12234,0.99249,-4.4251,-0.00041058,0.0516,-0.0075,-0.0097
5,3,9.7651,0.001318,0.0466,0.0485,-1.4663,-1.5128,0.3949,0.91872,11.515,0.0016635,0.0385,-0.0125,-0.0128
5,3,9.8128,-0.001182,0.0477,0.0452,-0.56414,-1.0974,0.64113,0.76743,-16.743,-0.0016958,0.0514,-0.0033,-0.0061
5,4,0.1449,-0.00054333,0.0492,0.0476,3.0898,-3.1362,-0.94125,-0.3377,-3.242,-0.00091534,0.0525,-0.0281,-0.0276
5,4,0.1936,-0.00014333,0.0487,0.0491,2.4239,2.5292,-0.99882,-0.048651,-9.9529,-0.0012799,0.0437,-0.0319,-0.031
5,4,0.2427,0.0010567,0.0491,0.0503,2.6423,2.9938,-0.96902,0.24698,-1.6569,-0.00022223,0.053,-0.0265,-0.0244
5,4,0.2914,-0.00064333,0.0487,0.047,2.4722,2.5182,-0.85494,0.51873,-7.7985,-0.0013178,0.0453,-0.0308,-0.0304
5,4,0.3411,-0.00054333,0.0497,0.0498,2.5286,2.6003,-0.66206,0.74945,-6.24,-0.0011405,0.0557,-0.0264,-0.0259
5,4,0.3909,0.0012567,0.0498,0.0516,2.6101,2.8552,-0.40874,0.91265,-14.438,-0.0015674,0.0444,-0.0323,-0.03
5,4,0.4388,0.00095667,0.0479,0.0476,2.1761,2.486,-0.12977,0.99154,-12.181,-0.0018171,0.058,-0.0288,-0.0268
5,4,0.4878,0.0011567,0.049,0.0492,NaN,NaN,0.16671,0.98601,-25.214,-0.0029025,NaN,NaN,NaN
5,4,0.5365,0.0013567,0.0487,0.0489,NaN,NaN,0.44689,0.89459,-30.252,-0.0030431,NaN,NaN,NaN
5,4,0.5859,-0.00024333,0.0494,0.0478,-2.5631,-2.4964,0.69134,0.72253,-8.4061,-0.00032862,0.0461,-0.0285,-0.0277
5,4,0.6361,-0.00074333,0.0502,0.0497,2.3598,2.4029,0.87636,0.48165,-10.678,-0.00094263,0.0372,-0.0244,-0.0241
5,4,0.6873,-0.0010433,0.0512,0.0509,NaN,NaN,0.98171,0.19039,-12.397,-0.0010904,NaN,NaN,NaN
5,4,0.7372,-0.00074333,0.0499,0.0502,-2.761,-2.7526,0.99379,-0.1113,-3.2046,-0.00052683,0.0505,-0.0337,-0.0334
5,4,0.7867,-0.00074333,0.0495,0.0495,2.3331,2.3738,0.91624,-0.40062,-0.82346,-4.2933e-05,0.06,-0.0347,-0.0344
5,4,0.8363,-0.00074333,0.0496,0.0496,1.7502,1.7869,0.7561,-0.65446,-0.17677,8.5539e-05,0.0507,-0.0451,-0.0448
5,4,0.8865,-0.0010433,0.0502,0.0499,0.46202,0.46202,0.52475,-0.85126,5.2324,0.00083759,0.0553,-0.0456,-0.0456
5,4,0.986,-0.0040433,0.0503,0.0476,-0.17093,-0.53145,-0.051914,-0.99865,-20.503,-0.0017238,0.0558,-0.0014,-0.0044
5,4,1.0341,-0.0012433,0.0481,0.0509,-1.0304,-1.0529,-0.33734,-0.94138,0.30075,-0.00082785,0.0637,-0.0091,-0.0093
5,4,1.0825,0.0014567,0.0484,0.0511,-2.2742,-2.051,-0.59565,-0.80325,14.522,0.00029402,0.0566,-0.0244,-0.0219
5,4,1.1312,0.0014567,0.0487,0.0487,2.6273,2.9133,-0.80393,-0.59472,6.6114,-7.8335e-06,0.0534,-0.0323,-0.0298
5,4,1.1799,0.00085667,0.0487,0.0481,1.8182,2.0343,-0.94238,-0.33454,-6.6779,-0.00094127,0.0446,-0.037,-0.0351
5,4,1.2291,-0.00094333,0.0492,0.0474,1.4902,1.5024,-0.99911,-0.04227,-14.668,-0.00058678,0.046,-0.0324,-0.0323
5,4,1.278,0.00015667,0.0489,0.05,2.537,2.6776,-0.96773,0.25199,-6.4028,-0.0016412,0.0495,-0.0295,-0.0283
5,4,1.3265,-0.0010433,0.0485,0.0473,2.5892,2.5892,-0.85288,0.52211,-0.068122,-0.0011564,0.0492,-0.0305,-0.0305
5,4,1.3748,0.0013567,0.0483,0.0507,2.2181,2.5286,-0.66546,0.74644,-15.712,-0.0018896,0.0537,-0.0314,-0.029
5,4,1.4239,-0.00084333,0.0491,0.0469,2.1195,2.1428,-0.41676,0.90902,-22.788,-0.0024995,0.0366,-0.036,-0.0358
5,4,1.4722,-0.00014333,0.0483,0.049,1.6437,1.7871,-0.13608,0.9907,-21.095,-0.0027498,0.0523,-0.0243,-0.0234
5,4,1.5212,0.0011567,0.049,0.0503,2.9444,-3.0844,0.16042,0.98705,-21.517,-0.0024072,0.0483,-0.0276,-0.0254
5,4,1.5693,0.00075667,0.0481,0.0477,2.5089,2.7273,0.43791,0.89902,-25.496,-0.0028447,0.0475,-0.0278,-0.026
5,4,1.6176,0.0014567,0.0483,0.049,3.0906,-2.8739,0.67918,0.73397,-11.87,-0.00093067,0.053,-0.027,-0.0245
5,4,1.6662,0.0011567,0.0486,0.0483,2.5898,2.8631,0.86334,0.50463,-0.68016,-0.0007124,0.0521,-0.0314,-0.0292
5,4,1.7152,0.0011567,0.049,0.049,1.9976,2.2547,0.97336,0.22927,-10.25,-0.001143,0.0544,-0.0345,-0.0323
5,4,1.7657,0.0011567,0.0505,0.0505,1.897,2.1451,0.99716,-0.075333,-7.9651,-0.00046304,0.0451,-0.0384,-0.0362
5,4,1.8147,-0.00044333,0.049,0.0474,1.2811,1.3545,0.93123,-0.36444,-15.06,-0.0011009,0.0413,-0.0345,-0.0339
5,4,1.8646,0.0048567,0.0499,0.0552,-3.0406,-2.3026,0.78001,-0.62577,-2.6855,9.8675e-05,0.0636,-0.0259,-0.02
5,4,1.9143,-0.00084333,0.0497,0.044,2.9739,2.9981,0.55869,-0.82938,5.5945,0.00042019,0.0663,-0.0398,-0.0396
5,4,2.0134,-0.0035433,0.049,0.0487,-0.90842,-1.2222,-0.0091251,-0.99996,-7.7938,-0.00095238,0.0499,-0.007,-0.0095
5,4,2.0628,-0.0017433,0.0494,0.0512,-0.92708,-1.0138,-0.30428,-0.95258,-5.7911,-0.0011376,0.0674,-0.0075,-0.0082
5,4,2.1111,0.00095667,0.0483,0.051,-2.2728,-2.14,-0.56675,-0.82389,4.292,-0.00054756,0.0569,-0.0266,-0.0246
5,4,2.16,0.0013567,0.0489,0.0493,2.4335,2.7026,-0.78306,-0.62195,-3.7977,-0.0010907,0.0491,-0.0346,-0.0322
5,4,2.2083,0.0011567,0.0483,0.0481,1.5974,1.8658,-0.92946,-0.36893,-11.392,-0.0015403,0.0506,-0.0354,-0.0332
5,4,2.2568,-0.00024333,0.0485,0.0471,1.6563,1.7536,-0.99653,-0.083176,-9.9292,-0.0012416,0.0432,-0.0375,-0.0367
5,4,2.3056,-0.00014333,0.0488,0.0489,1.4645,1.5829,-0.97737,0.21153,-18.858,-0.001559,0.045,-0.0319,-0.031
5,4,2.3543,0.0014567,0.0487,0.0503,2.7076,3.0368,-0.87326,0.48725,-3.1623,-0.0013208,0.0533,-0.0282,-0.0257
5,4,2.4028,-0.00034333,0.0485,0.0467,2.445,2.528,-0.69417,0.71981,-13.122,-0.0021374,0.0488,-0.033,-0.0323
5,4,2.4513,-0.0014433,0.0485,0.0474,1.9088,1.8698,-0.45528,0.89035,-15.042,-0.0016711,0.0509,-0.0333,-0.0337
5,4,2.5008,0.0010567,0.0495,0.052,2.0434,2.31,-0.17118,0.98524,-20.5,-0.0022071,0.0548,-0.0347,-0.0326
5,4,2.5499,0.0015567,0.0491,0.0496,1.5245,1.7949,0.12587,0.99205,-33.959,-0.0039366,0.0426,-0.0404,-0.0378
5,4,2.5992,0.00065667,0.0493,0.0484,1.505,1.7976,0.41291,0.91077,-18.565,-0.0020735,0.054,-0.0337,-0.032
5,4,2.6474,0.0011567,0.0482,0.0487,NaN,NaN,0.65819,0.75285,-19.807,-0.00097167,NaN,NaN,NaN
5,4,2.6976,-0.00084333,0.0502,0.0482,NaN,NaN,0.85384,0.52053,-7.7598,-0.0010161,NaN,NaN,NaN
5,4,2.7482,-0.00024333,0.0506,0.0512,-3.0125,-2.9617,0.97131,0.23783,-5.3404,-0.00065117,0.0494,-0.0305,-0.0297
5,4,2.7975,0.0011567,0.0493,0.0507,2.4916,2.7672,0.99824,-0.059284,-0.64284,0.00023371,0.0503,-0.0306,-0.0284
5,4,2.8474,0.0011567,0.0499,0.0499,2.5778,2.8728,0.93505,-0.35453,6.7119,0.00044396,0.0663,-0.031,-0.0288
5,4,2.8969,-0.00064333,0.0495,0.0477,1.6931,1.7276,0.78811,-0.61554,-6.0944,1.7448e-06,0.0544,-0.0478,-0.0474
5,4,2.9954,-0.0038433,0.0497,0.047,-0.40271,-0.70456,0.30453,-0.9525,-3.7572,0.00052661,0.0513,-0.0037,-0.0065
5,5,7.4326,-0.00041667,0.0479,0.048,-0.85549,-0.98087,0.10244,0.99474,-7.0613,-0.00077966,0.052,-0.0068,-0.0078
5,5,7.4788,0.00058333,0.0462,0.0472,-1.5596,-1.5596,0.37408,0.9274,4.0577,6.1977e-05,0.0393,-0.0126,-0.0126
5,5,7.5265,-0.0021167,0.0477,0.045,-0.53888,-0.89178,0.62358,0.78176,-9.4998,-0.0011344,0.0499,-0.0042,-0.0069
5,5,7.5727,0.00078333,0.0462,0.0491,-1.1016,-1.0747,0.81579,0.57835,-1.8211,-9.5078e-05,0.0469,-0.0079,-0.0077
5,5,7.6205,0.00058333,0.0478,0.0476,-0.79638,-0.79638,0.94727,0.32044,3.622,0.00036489,0.0418,-0.007,-0.007
5,5,7.6683,0.00068333,0.0478,0.0479,-0.16042,-0.14482,0.99936,0.035675,-2.0877,-0.00034533,0.0474,-0.001,-0.0009
5,5,7.7176,-0.00061667,0.0493,0.048,0.10824,-0.046249,0.96537,-0.26089,-8.6813,-1.4923e-05,0.0519,0.0009,-0.0003
5,5,7.7653,0.00058333,0.0477,0.0489,-0.4066,-0.4066,0.85051,-0.52596,-7.6177,-0.00060039,0.0514,-0.0033,-0.0033
5,5,7.814,0.00038333,0.0487,0.0485,-0.75881,-0.78345,0.66012,-0.75116,3.9161,0.00089749,0.0455,-0.006,-0.0062
5,5,7.862,0.00038333,0.048,0.048,-0.49277,-0.52049,0.41619,-0.90928,-0.4531,0.00011243,0.0476,-0.0035,-0.0037
5,5,7.9113,-0.00061667,0.0493,0.0483,-0.24442,-0.39967,0.12926,-0.99161,1.2318,-0.00027677,0.0489,-0.0018,-0.003
5,5,7.959,-0.00021667,0.0477,0.0481,-0.38681,-0.48796,-0.1596,-0.98718,-1.8663,0.00064344,0.0503,-0.003,-0.0038
5,5,8.0076,-0.00021667,0.0486,0.0486,-0.61865,-0.72154,-0.44005,-0.89797,4.4833,0.00026551,0.0475,-0.0047,-0.0055
5,5,8.0565,-0.00061667,0.0489,0.0485,-0.46092,-0.62413,-0.68372,-0.72975,6.1542,0.00066017,0.0479,-0.0033,-0.0045
5,5,8.1065,-0.00061667,0.05,0.05,-0.1576,-0.31093,-0.87075,-0.49172,5.4295,0.00055628,0.0489,-0.0012,-0.0024
5,5,8.156,8.3333e-05,0.0495,0.0502,-0.078776,-0.13977,-0.97735,-0.21162,0.19223,8.3179e-05,0.0513,-0.0006,-0.0011
5,5,8.2052,8.3333e-05,0.0492,0.0492,-0.34439,-0.40682,-0.99632,0.085685,0.38705,0.00013824,0.0496,-0.0027,-0.0032
5,5,8.2543,-0.00031667,0.0491,0.0487,-0.42628,-0.55583,-0.9271,0.37482,0.76375,8.2543e-05,0.0498,-0.0032,-0.0041
5,5,8.3037,-0.00021667,0.0494,0.0495,-0.45213,-0.53683,-0.77478,0.63223,-2.1745,-0.00031755,0.0521,-0.0036,-0.0044
5,5,8.354,-0.00021667,0.0503,0.0503,-0.71111,-0.79966,-0.54857,0.8361,0.95129,-3.513e-05,0.0493,-0.0054,-0.0062
5,5,8.4034,-0.00011667,0.0494,0.0495,-0.66409,-0.75088,-0.27676,0.96094,-5.8709,-3.7678e-05,0.049,-0.0053,-0.006
5,5,8.4515,-1.6667e-05,0.0481,0.0482,-0.81052,-0.88822,0.011907,0.99993,0.066171,-0.00067789,0.0545,-0.0062,-0.0068
5,5,8.4999,0.00078333,0.0484,0.0492,-1.1443,-1.1239,0.30131,0.95353,1.4358,0.00035919,0.0414,-0.0123,-0.0121
5,5,8.55,-1.6667e-05,0.0501,0.0493,-0.50551,-0.59267,0.57332,0.81933,-11.73,-0.00059356,0.0484,-0.0036,-0.0042
5,5,8.597,0.00078333,0.047,0.0478,-0.68449,-0.65746,0.78096,0.62458,-8.0624,-0.001621,0.0521,-0.005,-0.0048
5,5,8.6446,0.00028333,0.0476,0.0471,-1.1106,-1.1449,0.92668,0.37584,-6.7602,-0.00016342,0.0495,-0.0095,-0.0098
5,5,8.6916,0.00038333,0.047,0.0471,-1.5574,-1.5828,0.99504,0.099491,0.6685,0.00080351,0.0392,-0.012,-0.0122
5,5,8.7388,-1.6667e-05,0.0472,0.0468,-0.58795,-0.67966,0.98253,-0.18611,-9.4737,-0.00061296,0.0508,-0.004,-0.0046
5,5,8.7874,-1.6667e-05,0.0486,0.0486,-0.77258,-0.84588,0.8858,-0.46406,-5.9038,0.00019278,0.0455,-0.0062,-0.0068
5,5,8.8355,-0.00031667,0.0481,0.0478,-0.56476,-0.70454,0.71448,-0.69965,-4.0632,-0.00075058,0.046,-0.0036,-0.0045
5,5,8.8835,0.00018333,0.048,0.0485,-0.20816,-0.25878,0.48307,-0.87558,-1.5771,0.00038907,0.0484,-0.0016,-0.002
5,5,8.9312,-0.00081667,0.0477,0.0467,-0.29225,-0.46701,0.21262,-0.97713,-5.7395,-0.00071727,0.0497,-0.0023,-0.0037
5,5,8.9793,-0.00011667,0.0481,0.0488,-0.49688,-0.58567,-0.077994,-0.99695,-0.23528,0.00053399,0.0473,-0.0039,-0.0046
5,5,9.0279,-0.00011667,0.0486,0.0486,-0.38596,-0.48708,-0.36483,-0.93108,-3.6229,-0.00045277,0.0487,-0.0026,-0.0033
5,5,9.077,8.3333e-05,0.0491,0.0493,-0.28388,-0.34549,-0.62244,-0.78267,1.8999,-1.1672e-06,0.0501,-0.0022,-0.0027
5,5,9.1269,0.00018333,0.0499,0.05,-0.30689,-0.34356,-0.82777,-0.56106,-2.9006,0.00013423,0.0517,-0.0024,-0.0028
5,5,9.176,0.00018333,0.0491,0.0491,-0.6207,-0.66971,-0.95614,-0.2929,8.9238,0.00072595,0.0489,-0.005,-0.0054
5,5,9.2258,-1.6667e-05,0.0498,0.0496,-0.53272,-0.6234,-0.99999,0.0054066,0.6002,8.6212e-05,0.0487,-0.0041,-0.0047
5,5,9.2746,0.00068333,0.0488,0.0495,-0.59638,-0.58191,-0.95475,0.29742,3.4806,-0.00019366,0.0477,-0.004,-0.0039
5,5,9.3259,8.3333e-05,0.0513,0.0507,-0.05746,-0.11583,-0.81748,0.57596,-5.4174,-9.3723e-05,0.0522,-0.0004,-0.0009
5,5,9.3747,0.00018333,0.0488,0.0489,-0.49507,-0.5456,-0.61346,0.78973,0.14076,-0.00038302,0.0492,-0.0038,-0.0042
5,5,9.424,0.00048333,0.0493,0.0496,-0.43229,-0.44395,-0.35303,0.93561,-11.145,-7.7153e-05,0.0532,-0.0037,-0.0038
5,5,9.4731,-1.6667e-05,0.0491,0.0486,-1,-1.0761,-0.062358,0.99805,1.0046,-0.00082516,0.0503,-0.0078,-0.0084
5,5,9.5222,0.00058333,0.0491,0.0497,-1.1219,-1.1219,0.23383,0.97228,-6.0903,-0.00024575,0.0502,-0.009,-0.009
5,5,9.5707,-0.00021667,0.0485,0.0477,-1.3837,-1.4848,0.5062,0.86241,1.5816,0.00016063,0.0456,-0.0107,-0.0115
5,5,9.6184,-1.6667e-05,0.0477,0.0479,-1.198,-1.28,0.73161,0.68173,-2.4575,-0.00014585,0.0386,-0.0086,-0.0092
5,5,9.6664,8.3333e-05,0.048,0.0481,0.10708,0.034402,0.89676,0.44251,-10.068,-0.0011529,0.0531,0.0008,0.0003
5,5,9.7142,-1.6667e-05,0.0478,0.0477,-0.47201,-0.53382,0.98594,0.1671,-10.135,-0.00016404,0.0492,-0.0045,-0.0051
5,5,9.7624,-0.00011667,0.0482,0.0481,-0.82716,-0.9309,0.99219,-0.12473,-4.209,-0.00074697,0.0452,-0.0055,-0.0062
5,5,9.8108,8.3333e-05,0.0484,0.0486,-0.32285,-0.39096,0.91341,-0.40704,-4.6198,-8.2098e-05,0.0502,-0.0023,-0.0028
