4,1,0.0899,0.00058983,0.0551,0.0553,-2.8567,-2.5595,-0.53601,-0.84421,-1.8513,0.000318,0.0539,-0.0202,-0.0184
4,1,0.1448,0.0024898,0.0549,0.0568,-1.9463,-1.573,-0.78281,-0.62227,0.26407,0.00099865,0.0503,-0.0192,-0.0155
4,1,0.1988,-0.00031017,0.054,0.0512,-1.9895,-1.8694,-0.94153,-0.33692,5.1272,0.00092934,0.0619,-0.0155,-0.0146
4,1,0.2531,0.00018983,0.0543,0.0548,-2.3199,-2.2094,-0.9999,-0.013826,-0.13666,0.00078727,0.0473,-0.0231,-0.0217
4,1,0.305,0.00078983,0.0519,0.0525,-2.54,-2.2729,-0.95492,0.29687,-4.3308,0.00046715,0.0591,-0.0185,-0.0165
4,1,0.3584,-0.00011017,0.0534,0.0525,-2.1612,-2.0581,-0.81052,0.58571,2.8119,0.00048943,0.05,-0.0242,-0.0231
4,1,0.4116,0.00018983,0.0532,0.0535,-2.8368,-2.6485,-0.58258,0.81277,-6.7099,-2.0721e-05,0.0538,-0.021,-0.0196
4,1,0.4646,0.00058983,0.053,0.0534,-2.1887,-1.99,-0.2955,0.95534,2.9762,0.0012428,0.056,-0.0218,-0.02
4,1,0.5198,0.00068983,0.0552,0.0553,-2.7959,-2.5677,0.035292,0.99938,-1.3154,0.00065965,0.0548,-0.0226,-0.0207
4,1,0.5717,0.00028983,0.0519,0.0515,-3.0248,-2.8597,0.3434,0.93919,-3.7528,0.00037899,0.0568,-0.0255,-0.024
4,1,0.6275,-0.00011017,0.0558,0.0554,-2.6883,-2.5673,0.63612,0.77159,4.878,0.0010498,0.054,-0.0265,-0.0254
4,1,0.6801,0.00018983,0.0526,0.0529,3.1033,-3.0126,0.84627,0.53275,6.6034,0.00039479,0.0413,-0.0279,-0.0265
4,1,0.7354,0.00018983,0.0553,0.0553,-2.6526,-2.4003,0.97458,0.22404,8.5667,0.00056262,0.0387,-0.0139,-0.0125
4,1,0.788,-0.00021017,0.0526,0.0522,-0.018387,0.30976,0.99563,-0.093399,11.66,0.00097817,0.0353,-0.0333,-0.0323
4,1,0.8443,-0.00051017,0.0563,0.056,-2.3723,-2.237,0.90666,-0.42186,11.831,0.0011665,0.0477,-0.0123,-0.0116
4,1,0.8994,-0.00011017,0.0551,0.0555,-0.59691,-0.46576,0.71779,-0.69626,11.499,0.0016336,0.057,-0.0049,-0.0038
4,1,0.9548,-0.00081017,0.0554,0.0547,-0.6875,-0.64624,0.44764,-0.89421,9.234,0.0013057,0.0431,-0.0065,-0.0061
4,1,1.0106,-0.00061017,0.0558,0.056,1.9205,2.0258,0.12487,-0.99217,2.1499,0.0014765,0.0458,-0.0336,-0.033
4,1,1.0641,-0.00041017,0.0535,0.0537,2.3607,2.4568,-0.19843,-0.98012,-3.8594,0.00049933,0.0479,-0.0259,-0.0251
4,1,1.119,-0.00021017,0.0549,0.0551,-2.2271,-2.1052,-0.50831,-0.86118,1.8279,0.0014261,0.0544,-0.0189,-0.0179
4,1,1.1732,-0.00041017,0.0542,0.054,-2.3554,-2.2601,-0.75942,-0.6506,-3.8993,0.00029162,0.0587,-0.0191,-0.0183
4,1,1.228,-0.00041017,0.0548,0.0548,-2.3251,-2.2542,-0.93032,-0.36676,1.3832,0.00085748,0.0549,-0.023,-0.0222
4,1,1.2812,0.00028983,0.0532,0.0539,-2.9004,-2.7141,-0.99863,-0.052362,-4.44,0.00016302,0.0534,-0.0247,-0.0232
4,1,1.3369,-0.00031017,0.0557,0.0551,-2.5552,-2.447,-0.9594,0.28205,-0.14289,-0.00016715,0.0548,-0.0224,-0.0215
4,1,1.3883,0.00078983,0.0514,0.0525,3.1113,-2.9382,-0.82639,0.5631,-7.3567,0.00019452,0.0494,-0.0258,-0.0238
4,1,1.4426,0.00038983,0.0543,0.0539,-2.7392,-2.5378,-0.59948,0.80039,-10.569,-0.00075293,0.054,-0.0209,-0.0193
4,1,1.4954,-0.00011017,0.0528,0.0523,-2.3682,-2.2494,-0.3166,0.94856,-5.7036,-0.00016623,0.0544,-0.0221,-0.021
4,1,1.5495,-0.00021017,0.0541,0.054,-2.6296,-2.5118,0.0064573,0.99998,-8.4394,-0.00017209,0.0515,-0.0224,-0.0214
4,1,1.6035,-0.00031017,0.054,0.0539,-2.4835,-2.3704,0.32825,0.94459,-14.971,-0.00068263,0.0553,-0.0199,-0.019
4,1,1.6599,-0.00041017,0.0564,0.0563,-2.0605,-1.9702,0.62647,0.77944,-9.4261,-0.00074379,0.0605,-0.0188,-0.018
4,1,1.7141,-1.0169e-05,0.0542,0.0546,-2.6846,-2.5582,0.84482,0.53505,2.4218,0.001409,0.0594,-0.0251,-0.0239
4,1,1.7715,0.00068983,0.0574,0.0581,-2.9034,-2.7077,0.97678,0.21425,2.6438,0.0013076,0.0562,-0.0271,-0.0252
4,1,1.8263,0.00088983,0.0548,0.055,3.1116,-2.9401,0.99317,-0.11666,0.85564,0.00089213,0.0452,-0.0285,-0.0264
4,1,1.8827,0.00078983,0.0564,0.0563,-2.6192,-2.3202,0.89627,-0.4435,-2.5628,0.00042946,0.0631,-0.0173,-0.0153
4,1,1.939,0.00068983,0.0563,0.0562,-2.055,-1.9174,0.69566,-0.71837,-2.4227,0.0010289,0.0561,-0.0241,-0.0222
4,1,1.9945,-0.00011017,0.0555,0.0547,-2.758,-2.6327,0.4189,-0.90803,-5.0476,9.5534e-05,0.0525,-0.0247,-0.0236
4,1,2.0496,-0.00051017,0.0551,0.0547,-2.8419,-2.7562,0.0974,-0.99525,-9.2796,-0.0007235,0.0557,-0.0221,-0.0214
4,1,2.1044,0.00028983,0.0548,0.0556,-2.486,-2.3254,-0.23313,-0.97244,-7.5428,-1.239e-05,0.055,-0.023,-0.0215
4,1,2.1596,-0.00041017,0.0552,0.0545,-2.5976,-2.5056,-0.54012,-0.84159,-2.7932,0.00089407,0.0581,-0.0228,-0.022
4,1,2.2144,0.00068983,0.0548,0.0559,-2.7757,-2.574,-0.78546,-0.61892,-1.2622,0.0011718,0.0534,-0.0261,-0.0242
4,1,2.2709,0.00078983,0.0565,0.0566,-2.9373,-2.6961,-0.94791,-0.31854,-11.308,3.2417e-05,0.058,-0.023,-0.021
4,1,2.3256,-0.00031017,0.0547,0.0536,-2.8888,-2.8067,-0.99997,0.0080588,-9.4202,8.9071e-05,0.0519,-0.0263,-0.0254
4,1,2.3813,-0.00041017,0.0557,0.0556,-2.6308,-2.5337,-0.94061,0.33949,-2.6148,0.0007236,0.0595,-0.0225,-0.0217
4,1,2.436,-0.00041017,0.0547,0.0547,-2.9343,-2.8551,-0.77844,0.62772,-5.9385,0.00026136,0.051,-0.0273,-0.0265
4,1,2.4908,-0.00031017,0.0548,0.0549,-2.9643,-2.8637,-0.53061,0.84762,-7.0498,-0.00016454,0.0577,-0.0235,-0.0226
4,1,2.5444,8.9831e-05,0.0536,0.054,-3.0557,-2.9251,-0.23163,0.9728,-4.72,-7.1351e-05,0.0543,-0.0276,-0.0263
4,1,2.656,0.00038983,0.0642,0.057,-2.9448,-2.7677,0.42964,0.903,-2.7482,0.00053628,0.0552,-0.0266,-0.025
4,1,2.7128,0.00018983,0.0568,0.0566,-2.886,-2.7254,0.70972,0.70449,-2.4762,0.00034295,0.0559,-0.025,-0.0236
4,1,2.7699,0.00058983,0.0571,0.0575,-2.6142,-2.3994,0.90692,0.4213,NaN,0.00056051,0.0599,-0.0238,-0.022
4,1,2.8291,-0.00051017,0.0592,0.0581,-2.6329,-2.5538,0.99717,0.07523,9.8636,0.00088578,0.0452,-0.0245,-0.0238
4,1,2.887,-0.00041017,0.0579,0.058,-2.7258,-2.5901,0.96205,-0.27288,7.2993,0.00060972,0.0413,-0.0118,-0.011
4,1,2.944,0.00048983,0.057,0.0579,NaN,NaN,0.81237,-0.58315,NaN,0.001281,NaN,NaN,NaN
4,1,3.0626,-0.00041017,0.0583,0.0584,0.24117,0.31837,0.22586,-0.97416,6.0989,0.00090819,0.0583,0.0025,0.0033
4,1,3.1202,-0.00041017,0.0576,0.0576,0.27958,0.40766,-0.12173,-0.99256,4.5324,0.0013077,0.0504,-0.0339,-0.0331
4,1,3.1744,0.00058983,0.0542,0.0552,2.6469,2.8636,-0.43608,-0.89991,-3.9159,0.00096227,0.0527,-0.0301,-0.0283
4,1,3.2318,-0.00061017,0.0574,0.0562,-2.8824,-2.8018,-0.71727,-0.69679,0.85469,0.00092114,0.0514,-0.0254,-0.0248
4,1,3.2854,-0.00021017,0.0536,0.054,-2.7917,-2.6624,-0.90246,-0.43078,-3.0226,0.00078622,0.0565,-0.0232,-0.0222
4,1,3.341,-0.00031017,0.0556,0.0555,-2.8205,-2.719,-0.99421,-0.10743,-0.75814,0.00040321,0.0542,-0.0241,-0.0232
4,1,3.3934,-1.0169e-05,0.0524,0.0527,-2.9829,-2.8466,-0.9779,0.20908,-6.1743,-4.5769e-05,0.0536,-0.0259,-0.0247
4,1,3.4477,-0.00021017,0.0543,0.0541,-2.9879,-2.8728,-0.85748,0.51452,-8.5069,-0.00015715,0.0521,-0.0252,-0.0242
4,1,3.5006,0.00088983,0.0529,0.054,-2.7902,-2.5402,-0.6511,0.75899,-0.95911,0.0007436,0.0588,-0.0244,-0.0223
4,1,3.5551,-1.0169e-05,0.0545,0.0536,-3.134,-3.0137,-0.36907,0.9294,-9.1532,-0.00036197,0.0488,-0.0287,-0.0275
4,1,3.6094,-0.00041017,0.0543,0.0539,-3.0206,-2.9164,-0.04817,0.99884,-5.7783,0.00018192,0.0544,-0.0232,-0.0224
4,1,3.776,0.00088983,0.0528,0.0542,-2.9865,-2.7621,0.82133,0.57046,-6.3622,0.00032413,0.0516,-0.0258,-0.0237
4,1,3.8323,-0.00031017,0.0563,0.0551,NaN,NaN,0.96507,0.26201,10.176,0.0011278,NaN,NaN,NaN
4,1,3.8886,-0.00051017,0.0563,0.0561,-2.7516,-2.7155,0.99705,-0.076785,14.239,0.001158,0.0507,-0.0352,-0.0345
4,1,3.9461,8.9831e-05,0.0575,0.0581,2.026,2.134,0.91058,-0.41333,1.1078,-2.823e-05,0.0554,-0.0284,-0.0271
4,1,4.0031,-0.00031017,0.057,0.0566,-2.5349,-2.4595,0.71629,-0.6978,13.33,0.00096858,0.0432,-0.0268,-0.0259
4,1,4.0612,-0.00051017,0.0581,0.0579,NaN,NaN,0.43097,-0.90236,4.5024,0.00074872,NaN,NaN,NaN
4,1,4.1167,-0.00041017,0.0555,0.0556,-2.5523,-2.5073,0.10826,-0.99412,7.5484,0.0014763,0.0642,-0.0296,-0.0288
4,1,4.1739,-0.00011017,0.0572,0.0575,2.5704,2.6612,-0.23669,-0.97158,-1.8238,0.0010488,0.0487,-0.0366,-0.0355
4,1,4.2294,0.00048983,0.0555,0.0561,2.4829,2.7057,-0.54473,-0.83861,-5.9024,0.00097636,0.0485,-0.0298,-0.0281
4,1,4.2858,-0.00071017,0.0564,0.0552,-2.7746,-2.7077,-0.79477,-0.6069,-5.3916,0.00082861,0.0603,-0.0219,-0.0214
4,1,4.3427,-0.0011102,0.0569,0.0565,-2.4534,-2.4434,-0.95338,-0.30177,2.2548,0.0011726,0.0525,-0.0253,-0.0252
4,1,4.3975,-0.00051017,0.0548,0.0554,-3.0372,-2.9508,-0.99965,0.026297,-9.6516,0.00047618,0.0551,-0.023,-0.0223
4,1,4.4518,8.9831e-05,0.0543,0.0549,-2.4579,-2.3177,-0.93726,0.34864,1.101,0.00056133,0.0571,-0.0238,-0.0225
4,1,4.5058,0.00088983,0.054,0.0548,-3.1043,-2.8722,-0.77498,0.63198,-4.7548,0.00021193,0.0498,-0.0269,-0.0248
4,1,4.5595,0.00098983,0.0537,0.0538,-2.8972,-2.6102,-0.53162,0.84698,-7.6312,0.00040389,0.0568,-0.023,-0.0208
4,1,4.616,-0.00041017,0.0565,0.0551,-2.5941,-2.5173,-0.21563,0.97647,-2.8694,0.00056822,0.0553,-0.0233,-0.0225
4,1,4.6692,8.9831e-05,0.0532,0.0537,-2.9955,-2.8488,0.1056,0.99441,-4.2433,0.00070955,0.0627,-0.0254,-0.0241
4,1,4.725,0.00088983,0.0558,0.0566,-2.8579,-2.6547,0.43021,0.90273,3.7596,0.00041498,0.0497,-0.0323,-0.0302
4,1,4.7814,-0.00041017,0.0564,0.0551,2.9247,3.0168,0.70844,0.70577,5.08,0.00060679,0.0508,-0.0256,-0.0248
4,1,4.8381,-0.00061017,0.0567,0.0565,0.7277,0.79873,0.90513,0.42514,8.6512,0.00079565,0.0423,-0.0197,-0.0191
4,1,4.8957,-0.00061017,0.0576,0.0576,-0.76981,-0.66484,0.99602,0.089134,10.426,0.00095518,0.0377,-0.0044,-0.0038
4,1,4.9507,-0.00011017,0.055,0.0555,NaN,NaN,0.97018,-0.24238,NaN,0.0011284,NaN,NaN,NaN
4,1,5.0647,-0.00051017,0.055,0.0557,-0.5134,-0.4271,0.59201,-0.80593,17.344,0.0013415,0.0464,-0.0041,-0.0034
4,1,5.1211,-0.00091017,0.0564,0.056,0.50752,0.53152,0.28689,-0.95796,4.0402,0.0014318,0.0595,0.0059,0.0062
4,1,5.176,0.00068983,0.0549,0.0565,0.23675,0.58999,-0.042466,-0.9991,2.8993,0.00033205,0.0434,-0.0379,-0.036
4,1,5.2296,-0.00021017,0.0536,0.0527,2.4746,2.6373,-0.35979,-0.93303,-4.5899,0.00097662,0.0481,-0.0277,-0.0267
4,1,5.284,0.00048983,0.0544,0.0551,-2.5596,-2.3438,-0.64304,-0.76583,-4.7445,0.00096533,0.0494,-0.0214,-0.0197
4,1,5.3379,-1.0169e-05,0.0539,0.0534,-2.2151,-2.0534,-0.85516,-0.51837,-6.745,0.00010288,0.0622,-0.0169,-0.0157
4,1,5.3937,-0.00051017,0.0558,0.0553,-2.4159,-2.3475,-0.97885,-0.20456,3.6687,0.0011407,0.0581,-0.0233,-0.0226
4,1,5.4455,0.00058983,0.0518,0.0529,2.8852,3.0644,-0.99411,0.1084,-4.7108,5.3714e-05,0.0468,-0.0296,-0.0278
4,1,5.4992,0.0011898,0.0537,0.0543,-3.0889,-2.7619,-0.90696,0.42121,-8.4543,0.00019437,0.0551,-0.0227,-0.0203
4,1,5.5527,-0.00031017,0.0535,0.052,-2.802,-2.7041,-0.72502,0.68873,-5.4603,0.00058999,0.0541,-0.0243,-0.0234
4,1,5.6072,0.00028983,0.0545,0.0551,-2.5708,-2.3929,-0.4618,0.88698,-5.8039,-0.00016096,0.0503,-0.0239,-0.0224
4,1,5.6615,0.00048983,0.0543,0.0545,-2.7233,-2.4935,-0.14965,0.98874,-6.8887,0.00029169,0.0647,-0.0199,-0.0182
4,1,5.7168,-0.00071017,0.0553,0.0541,-2.3838,-2.3503,0.18461,0.98281,-1.039,0.00063362,0.0559,-0.0293,-0.0288
4,1,5.7728,-0.00021017,0.056,0.0565,-3.0143,-2.9087,0.50192,0.86491,6.8577,0.00063804,0.0552,-0.0292,-0.0282
4,1,5.8295,-0.00021017,0.0567,0.0567,NaN,NaN,0.76446,0.64467,8.618,0.00083296,NaN,NaN,NaN
4,1,5.8864,-0.00061017,0.0569,0.0565,-0.32702,-0.22987,0.93765,0.34757,7.8119,0.0001875,0.0513,-0.0018,-0.0012
4,1,5.9428,-0.00041017,0.0564,0.0566,0.57458,0.71765,0.99992,0.012407,9.4585,0.00027731,0.066,-0.0351,-0.0343
4,1,5.9994,-0.00051017,0.0566,0.0565,-2.7686,-2.6646,0.94559,-0.32535,13.083,0.00078382,0.0471,-0.0445,-0.0438
4,1,6.0544,-0.00031017,0.055,0.0552,1.6622,1.8156,0.78664,-0.61741,12.668,0.0012117,0.0678,-0.0366,-0.0357
4,1,6.1115,-0.00051017,0.0571,0.0569,NaN,NaN,0.52994,-0.84804,5.981,0.00080649,NaN,NaN,NaN
4,1,6.1673,-0.00081017,0.0558,0.0555,NaN,NaN,0.21784,-0.97598,-5.1194,-0.00016717,NaN,NaN,NaN
4,1,6.2222,-0.00021017,0.0549,0.0555,-2.0406,-2.0556,-0.11361,-0.99353,-0.5683,0.00050338,0.0484,-0.0333,-0.0323
4,1,6.2779,-0.00061017,0.0557,0.0553,-3.1292,-3.0499,-0.43692,-0.8995,-2.7327,0.00074115,0.0497,-0.026,-0.0254
4,1,6.3336,-0.00061017,0.0557,0.0557,-2.5203,-2.4387,-0.7107,-0.70349,-2.0029,0.0003604,0.061,-0.02,-0.0194
4,1,6.3885,0.00068983,0.0549,0.0562,-2.7901,-2.6009,-0.90182,-0.43212,-3.3221,0.00030767,0.0519,-0.0261,-0.0242
4,1,6.4419,0.00018983,0.0534,0.0529,-2.9954,-2.8249,-0.99251,-0.12219,-6.5448,4.168e-05,0.052,-0.0246,-0.0232
4,1,6.4951,-0.00051017,0.0532,0.0525,-2.929,-2.8459,-0.97994,0.1993,-9.9656,-0.00015124,0.0511,-0.0234,-0.0227
4,1,6.5492,-1.0169e-05,0.0541,0.0546,-2.2699,-2.1233,-0.86319,0.50488,-0.89911,-0.00019789,0.0571,-0.0204,-0.0192
4,1,6.6012,-0.00041017,0.052,0.0516,-3.0602,-2.9675,-0.66367,0.74803,-5.3272,0.00076662,0.0584,-0.0255,-0.0247
4,1,6.6572,-0.00021017,0.056,0.0562,-2.8656,-2.7655,-0.37609,0.92658,-5.2049,0.00016102,0.0471,-0.0279,-0.0269
4,1,6.7103,0.00078983,0.0531,0.0541,-3.0259,-2.7475,-0.063,0.99801,-8.2896,0.00019657,0.0571,-0.0219,-0.0199
4,1,6.7677,-0.00081017,0.0574,0.0558,-2.207,-2.1664,0.28174,0.95949,-0.32214,0.00094207,0.0625,-0.0216,-0.0212
4,1,6.8235,-0.00021017,0.0558,0.0564,-2.7574,-2.6596,0.58472,0.81124,6.1682,0.0013282,0.0587,-0.0283,-0.0273
4,1,6.8787,0.00078983,0.0552,0.0562,NaN,NaN,0.81908,0.57367,4.4445,0.00082244,NaN,NaN,NaN
4,1,6.9911,-0.00021017,0.0557,0.0551,-0.52118,-0.38397,0.99743,-0.071665,8.0088,0.00038199,0.0588,-0.0037,-0.0027
4,1,7.0477,-0.00061017,0.0566,0.0562,-0.68727,-0.6217,0.91491,-0.40366,13.423,0.0010186,0.0454,-0.0059,-0.0053
4,1,7.1034,-0.00071017,0.0557,0.0556,0.55751,0.62268,0.72907,-0.68444,10.931,0.00084131,0.0501,0.0044,0.0049
4,1,7.1604,-0.00041017,0.057,0.0573,0.90589,0.92771,0.45356,-0.89123,6.5662,0.0013161,0.0678,0.0113,0.0121
4,1,7.2162,-0.00091017,0.0558,0.0553,NaN,NaN,0.13144,-0.99132,3.5948,0.0016282,NaN,NaN,NaN
4,1,7.2719,-0.00041017,0.0557,0.0562,-2.735,-2.6457,-0.20503,-0.97876,2.3532,0.001315,0.058,-0.0245,-0.0237
4,1,7.3258,0.00058983,0.0539,0.0549,-3.1117,-2.9294,-0.50888,-0.86084,-0.51474,0.00088916,0.0509,-0.0286,-0.0268
4,1,7.3813,0.00098983,0.0555,0.0559,-2.8559,-2.5844,-0.76496,-0.64407,4.8336,0.0013002,0.0584,-0.024,-0.0218
4,1,7.4369,-0.00011017,0.0556,0.0545,-2.8603,-2.7464,-0.93515,-0.35424,1.2382,0.00082342,0.051,-0.0268,-0.0257
4,1,7.4915,-0.00031017,0.0546,0.0544,-3.0207,-2.9078,-0.99954,-0.030458,-4.8882,0.00069824,0.0567,-0.0232,-0.0223
4,1,7.5451,-0.00021017,0.0536,0.0537,-2.7388,-2.637,-0.95677,0.29084,-0.015747,0.00078194,0.0535,-0.0263,-0.0253
4,1,7.5983,-0.00041017,0.0532,0.053,-3.1312,-3.0362,-0.8149,0.5796,-2.0836,0.00060206,0.052,-0.0266,-0.0258
4,1,7.6509,0.00038983,0.0526,0.0534,3.0853,-3.0018,-0.59162,0.80621,-3.5197,0.00041414,0.0574,-0.026,-0.0244
4,1,7.7072,0.00058983,0.0563,0.0565,-2.8264,-2.6402,-0.28701,0.95793,-2.0645,0.00012876,0.0515,-0.0271,-0.0253
4,1,7.7599,0.00048983,0.0527,0.0526,3.0803,-2.988,0.028984,0.99958,-5.8602,0.00066982,0.0572,-0.0259,-0.0242
4,1,7.8166,-0.00071017,0.0567,0.0555,-2.831,-2.7771,0.36477,0.9311,-2.4552,9.8811e-05,0.0562,-0.0264,-0.0259
4,1,7.8709,8.9831e-05,0.0543,0.0551,3.0329,-3.1054,0.64666,0.76278,-4.9386,0.00042681,0.0585,-0.0283,-0.027
4,1,7.9284,-0.00031017,0.0575,0.0571,-2.9553,-2.8591,0.86864,0.49545,6.167,0.0010913,0.0567,-0.0293,-0.0284
4,1,7.986,0.00068983,0.0576,0.0586,NaN,NaN,0.98584,0.16769,4.2412,0.0010606,NaN,NaN,NaN
4,1,8.0432,8.9831e-05,0.0572,0.0566,3.0814,-3.0825,0.98403,-0.17799,8.8667,0.00045387,0.0392,-0.0429,-0.0416
4,1,8.1015,-0.00071017,0.0583,0.0575,1.7912,1.8497,0.86126,-0.50816,4.4906,0.00094819,0.0474,-0.0238,-0.0233
4,1,8.1575,0.00088983,0.056,0.0576,-1.3272,-1.1281,0.64238,-0.76638,NaN,0.0012485,0.0657,-0.0152,-0.0131
4,1,8.2166,0.00088983,0.0591,0.0591,-2.8811,-2.6028,0.3322,-0.94321,0.19113,0.0011233,0.0594,-0.0218,-0.0197
4,1,8.2739,-0.00081017,0.0573,0.0556,-2.0182,-1.9775,-0.0094044,-0.99996,-0.80076,0.00020629,0.0585,-0.0239,-0.0235
4,1,8.3297,8.9831e-05,0.0558,0.0567,-2.9227,-2.7814,-0.34133,-0.93994,1.8563,0.0010983,0.0579,-0.0266,-0.0253
4,1,8.3849,-0.00041017,0.0552,0.0547,-3.0321,-2.943,-0.6316,-0.7753,4.6615,0.0010935,0.0533,-0.0293,-0.0285
4,1,8.4408,0.00058983,0.0559,0.0569,2.777,2.9884,-0.85375,-0.52068,-5.4248,0.0004673,0.0481,-0.0267,-0.0249
4,1,8.4965,0.00018983,0.0557,0.0553,-2.3963,-2.2133,-0.97817,-0.20781,0.070986,0.00027043,0.0597,-0.0191,-0.0177
4,1,8.5505,8.9831e-05,0.054,0.0539,-3.0396,-2.89,-0.99297,0.11838,-2.7717,0.0013938,0.0574,-0.0248,-0.0235
4,1,8.6064,8.9831e-05,0.0559,0.0559,-2.4025,-2.2631,-0.89685,0.44233,2.6785,0.00088015,0.0492,-0.0263,-0.025
4,1,8.6582,0.00078983,0.0518,0.0525,2.9875,-3.027,-0.71594,0.69816,-3.8494,0.00046038,0.058,-0.0237,-0.0217
4,1,8.7145,-0.00021017,0.0563,0.0553,-2.1458,-2.0362,-0.44037,0.89782,-2.3596,0.00027217,0.0494,-0.0254,-0.0244
4,1,8.7682,-0.00031017,0.0537,0.0536,-2.8905,-2.7744,-0.12947,0.99158,-7.207,1.4232e-05,0.0636,-0.0211,-0.0202
4,1,8.8231,-0.00021017,0.0549,0.055,-2.6209,-2.5471,0.20222,0.97934,1.5592,0.00085376,0.0512,-0.0298,-0.0288
4,1,8.8778,-0.00051017,0.0547,0.0544,2.9931,3.0854,0.51059,0.85983,-4.3178,0.00026488,0.0542,-0.0263,-0.0256
4,1,8.9335,-0.00031017,0.0557,0.0559,-2.9483,-2.8427,0.76702,0.64162,-5.7891,8.4841e-05,0.0533,-0.0248,-0.0239
4,1,8.9899,-0.00031017,0.0564,0.0564,-2.6365,-2.53,0.93798,0.34669,-0.54919,0.00064349,0.0618,-0.0217,-0.0208
4,1,9.0457,0.00018983,0.0558,0.0563,-2.7446,-2.6187,0.99989,0.015111,2.3136,0.001235,0.0538,-0.0277,-0.0263
4,1,9.1022,0.00048983,0.0565,0.0568,-2.9593,-2.7579,0.94667,-0.32221,0.14578,0.00098298,0.0544,-0.025,-0.0233
4,1,9.16,0.00048983,0.0578,0.0578,-2.4395,-2.2446,0.77811,-0.62812,-1.2773,0.00082463,0.0572,-0.0216,-0.0199
4,1,9.2167,-0.00061017,0.0567,0.0556,-2.2877,-2.2205,0.52035,-0.85395,0.99474,0.00072701,0.0561,-0.0221,-0.0215
4,1,9.2725,0.00048983,0.0558,0.0569,-2.7473,-2.5421,0.20683,-0.97838,-2.5733,0.00082586,0.0621,-0.0224,-0.0207
4,1,9.3287,-0.00061017,0.0562,0.0551,-2.9032,-2.8466,-0.13263,-0.99117,2.2382,0.0014087,0.058,-0.0283,-0.0277
4,1,9.3827,0.00098983,0.054,0.0556,2.599,2.8102,-0.44485,-0.8956,-6.862,7.5582e-06,0.0497,-0.0323,-0.0301
4,1,9.4393,-0.00021017,0.0566,0.0554,-2.991,-2.8637,-0.72069,-0.69326,0.25808,0.00086123,0.0558,-0.0254,-0.0244
4,1,9.4944,-0.00021017,0.0551,0.0551,-3.0256,-2.9087,-0.90841,-0.41807,-0.78052,0.00058881,0.055,-0.0261,-0.0251
4,1,9.55,0.00078983,0.0556,0.0566,3.1281,-2.928,-0.99562,-0.093476,-4.1704,0.00062354,0.0508,-0.0255,-0.0235
4,1,9.6036,-0.00031017,0.0536,0.0525,-2.8108,-2.7014,-0.97322,0.22988,-4.7377,-3.864e-06,0.0584,-0.0227,-0.0218
4,1,9.6578,0.0013898,0.0542,0.0559,-2.7614,-2.4992,-0.84664,0.53217,1.1164,0.0013047,0.0512,-0.0269,-0.0243
4,1,9.7134,0.00078983,0.0556,0.055,-3.0146,-2.7442,-0.62249,0.78262,-5.6092,0.00067729,0.0589,-0.0225,-0.0205
4,1,9.7689,0.00018983,0.0555,0.0549,-2.6506,-2.5116,-0.3286,0.94447,-2.4093,0.00074401,0.0527,-0.0259,-0.0245
4,1,9.8238,-1.0169e-05,0.0549,0.0547,-3.0097,-2.8618,-0.0013623,1,-5.013,0.00030056,0.0591,-0.0237,-0.0225
4,2,0.1404,0.0005629,0.0496,0.0501,-3.0289,-2.7197,-0.95006,-0.31208,-7.9499,-0.00057986,0.0466,-0.0238,-0.0214
4,2,0.1908,0.0001629,0.0504,0.05,-2.7599,-2.4727,-0.99994,-0.011251,-8.1155,-0.00071668,0.0524,-0.02,-0.018
4,2,0.2415,0.0005629,0.0507,0.0511,-2.6873,-2.4044,-0.95631,0.29236,-7.1285,-0.00033221,0.0499,-0.0217,-0.0193
4,2,0.292,0.0004629,0.0505,0.0504,-2.6273,-2.3413,-0.82339,0.56747,-4.7417,-0.0010784,0.0516,-0.0211,-0.0188
4,2,0.3412,0.0012629,0.0492,0.05,-2.8433,-2.4705,-0.61983,0.78474,-9.5064,-0.0011224,0.0521,-0.0235,-0.0204
4,2,0.3926,0.0003629,0.0514,0.0505,-2.9083,-2.6465,-0.34883,0.93719,-6.7933,-0.00063147,0.0471,-0.0242,-0.022
4,2,0.4423,0.0003629,0.0497,0.0497,-2.926,-2.6192,-0.054423,0.99852,-7.3756,-0.00053103,0.054,-0.0216,-0.0194
4,2,0.4926,0.0013629,0.0503,0.0513,-2.9277,-2.5678,0.24844,0.96865,2.849,0.00043001,0.0432,-0.0253,-0.0221
4,2,0.5455,0.0008629,0.0529,0.0524,-2.5377,-2.1013,0.54164,0.84061,10.146,-2.1954e-05,0.0614,-0.0156,-0.0129
4,2,0.595,-0.0005371,0.0495,0.0481,1.7693,1.881,0.76629,0.6425,2.0244,0.00026496,0.0524,-0.0275,-0.0262
4,2,0.6466,-0.0003371,0.0516,0.0518,-1.561,-1.4128,0.92705,0.37495,9.5515,0.00096917,0.0412,-0.0283,-0.0268
4,2,0.6963,-0.0002371,0.0497,0.0498,-2.6307,-2.3927,0.9966,0.08237,8.9037,0.0014038,0.0427,-0.0198,-0.0182
4,2,0.7466,-0.0012371,0.0503,0.0493,-2.0364,-1.937,0.97523,-0.22121,7.3789,0.0009131,0.0452,-0.0122,-0.0116
4,2,0.7961,-0.0012371,0.0495,0.0495,-1.0981,-1.0153,0.86597,-0.5001,9.003,0.00070414,0.0478,-0.0079,-0.0073
4,2,0.8451,-0.0002371,0.049,0.05,-0.8813,-0.67317,0.68124,-0.73206,10.047,0.0012462,0.0477,-0.0067,-0.0051
4,2,0.895,-0.0015371,0.0499,0.0486,-0.58749,-0.54883,0.43169,-0.90202,17.168,0.0011687,0.044,-0.0045,-0.0042
4,2,0.9462,-0.0010371,0.0512,0.0517,0.33797,0.43725,0.13497,-0.99085,-2.3677,-0.00044832,0.0578,0.0027,0.0035
4,2,0.9961,-3.7097e-05,0.0499,0.0509,-0.51831,-0.33616,-0.16692,-0.98597,-2.0958,0.0003576,0.0668,-0.0052,-0.0034
4,2,1.0466,-0.0004371,0.0505,0.0501,-2.4625,-2.3055,-0.45684,-0.88955,4.3834,0.00064899,0.0506,-0.0215,-0.0201
4,2,1.0966,0.0001629,0.05,0.0506,-2.7857,-2.5289,-0.70196,-0.71222,-0.48012,-0.00045486,0.0486,-0.0221,-0.0201
4,2,1.1463,0.0006629,0.0497,0.0502,-2.8429,-2.5143,-0.88197,-0.47131,-7.5872,-0.0002164,0.0495,-0.021,-0.0185
4,2,1.1963,-0.0001371,0.05,0.0492,-2.5336,-2.3229,-0.98255,-0.18599,-2.6806,-0.0011117,0.051,-0.0205,-0.0188
4,2,1.2461,-3.7097e-05,0.0498,0.0499,-2.7158,-2.4951,-0.99335,0.11514,-4.1954,-0.00045818,0.0507,-0.0217,-0.0199
4,2,1.2953,0.0008629,0.0492,0.0501,-2.8622,-2.5202,-0.91542,0.40249,-2.7409,-0.00086455,0.049,-0.0232,-0.0205
4,2,1.3442,0.0001629,0.0489,0.0482,-2.9899,-2.7296,-0.75754,0.65278,-6.5035,-0.00039,0.0489,-0.0233,-0.0213
4,2,1.3948,-0.0001371,0.0506,0.0503,-2.8008,-2.58,-0.52456,0.85137,-8.1961,-0.0011329,0.0495,-0.0216,-0.0199
4,2,1.4443,0.0019629,0.0495,0.0516,-2.7405,-2.2592,-0.2489,0.96853,-11.375,-0.00015673,0.0495,-0.0216,-0.0178
4,2,1.4963,0.0008629,0.052,0.0509,-2.4832,-2.1377,0.064261,0.99793,-13.102,-0.001766,0.0523,-0.0191,-0.0164
4,2,1.5466,0.0005629,0.0503,0.05,-2.4907,-2.2145,0.36145,0.93239,-14.293,-0.0010949,0.0499,-0.0211,-0.0187
4,2,1.5984,0.0004629,0.0518,0.0517,-2.3856,-2.0953,0.63225,0.77476,-10.916,-0.00069493,0.0521,-0.0192,-0.0169
4,2,1.6498,0.0007629,0.0514,0.0517,-2.4417,-2.1296,0.83966,0.54311,-3.1612,-0.00046929,0.0476,-0.0199,-0.0173
4,2,1.7021,-0.0004371,0.0523,0.0511,-1.9721,-1.784,0.96729,0.25367,7.7729,0.0005024,0.054,-0.0152,-0.0138
4,2,1.7529,-0.0008371,0.0508,0.0504,-2.3211,-2.2093,0.99864,-0.052061,5.4319,0.00035396,0.0474,-0.0184,-0.0174
4,2,1.8035,-0.0008371,0.0506,0.0506,-1.9542,-1.8283,0.9361,-0.35174,12.44,0.00070526,0.0436,-0.0152,-0.0142
4,2,1.8537,0.0011629,0.0502,0.0522,-1.2985,-0.85604,0.78732,-0.61654,6.9232,0.0014246,0.0487,-0.0086,-0.0056
4,2,1.9037,-0.0006371,0.05,0.0482,-0.80173,-0.67082,0.56692,-0.82377,10.539,0.00084261,0.05,-0.0073,-0.0061
4,2,1.9548,-0.0011371,0.0511,0.0506,-0.66685,-0.59,0.28823,-0.95756,1.7218,9.5015e-05,0.054,-0.0062,-0.0055
4,2,2.006,0.0013629,0.0512,0.0537,-1.4605,-0.96943,-0.018603,-0.99983,-8.5291,-0.00030888,0.0597,-0.009,-0.0058
4,2,2.0575,-0.0001371,0.0515,0.05,-1.7141,-1.5537,-0.32538,-0.94558,-4.9093,-4.642e-05,0.0556,-0.0172,-0.0155
4,2,2.1093,0.0004629,0.0518,0.0524,-2.3159,-2.0594,-0.60203,-0.79847,3.6533,0.00078445,0.0519,-0.021,-0.0187
4,2,2.16,0.0004629,0.0507,0.0507,-2.8037,-2.5114,-0.81573,-0.57843,-3.9136,-0.00077843,0.0521,-0.0222,-0.0199
4,2,2.2097,0.0005629,0.0497,0.0498,-3.1046,-2.8205,-0.95082,-0.30975,-9.116,-0.00096619,0.0469,-0.0246,-0.0222
4,2,2.261,0.0005629,0.0513,0.0513,-2.7123,-2.3912,-0.99999,-0.0033357,-12.272,-0.00082864,0.0543,-0.0202,-0.0178
4,2,2.3124,-0.0010371,0.0514,0.0498,-2.5546,-2.4566,-0.95268,0.30398,-3.3029,7.631e-05,0.0509,-0.0231,-0.0223
4,2,2.3637,6.2903e-05,0.0513,0.0524,-2.8696,-2.6296,-0.81361,0.58141,-12.532,-0.00067943,0.0477,-0.0227,-0.0208
4,2,2.4147,0.0003629,0.051,0.0513,-2.5658,-2.2676,-0.59765,0.80176,-14.716,-0.0011595,0.0524,-0.0194,-0.0172
4,2,2.4675,0.0003629,0.0528,0.0528,-2.2086,-1.9365,-0.31444,0.94928,-8.8083,-0.00088865,0.0553,-0.019,-0.0168
4,2,2.52,6.2903e-05,0.0525,0.0522,-2.6039,-2.3848,-0.00097967,1,-9.0035,-0.00030546,0.0532,-0.0218,-0.0199
4,2,2.5736,0.0018629,0.0536,0.0554,-2.4177,-1.9895,0.31891,0.94778,-2.8171,0.00027277,0.0556,-0.0214,-0.0177
4,2,2.6272,-0.0006371,0.0536,0.0511,-2.6818,-2.5455,0.6053,0.79599,3.2995,0.0010357,0.0543,-0.0234,-0.0222
4,2,2.68,0.0022629,0.0528,0.0557,-2.9369,-2.4664,0.82537,0.5646,-1.1337,-0.0002473,0.0423,-0.0249,-0.0208
4,2,2.7344,0.0016629,0.0544,0.0538,-2.1075,-1.5456,0.9639,0.26627,4.8781,-0.00062282,0.0423,-0.0128,-0.0093
4,2,2.786,0.0015629,0.0516,0.0515,-0.49855,-0.017243,0.99904,-0.04388,3.1537,0.00079357,0.0636,-0.0035,-0.0001
4,2,2.8387,-0.0008371,0.0527,0.0503,-2.0607,-1.9124,0.93448,-0.35601,7.9963,0.00073909,0.0481,-0.0144,-0.0134
4,2,2.8898,0.0015629,0.0511,0.0535,-1.3155,-0.91309,0.7811,-0.62441,13.281,0.00090218,0.0495,-0.0114,-0.008
4,2,2.9434,-0.0011371,0.0536,0.0509,-1.0306,-0.9365,0.54036,-0.84143,9.4635,0.0012569,0.0455,-0.0073,-0.0066
4,2,2.9946,0.0016629,0.0512,0.054,-0.18897,0.20614,0.25696,-0.96642,6.001,0.00025595,0.0495,-0.0016,0.0019
4,2,3.0472,-3.7097e-05,0.0526,0.0509,0.21718,0.4794,-0.059577,-0.99822,-5.7109,-5.8935e-06,0.0424,-0.0341,-0.0323
4,2,3.0989,0.0025629,0.0517,0.0543,-2.3898,-2.0179,-0.365,-0.93101,-1.7878,0.00046597,0.0503,-0.0248,-0.0204
4,2,3.152,-0.0002371,0.0531,0.0503,-2.7453,-2.5386,-0.64128,-0.76731,-4.7628,0.00045932,0.0545,-0.022,-0.0204
4,2,3.2059,-0.0009371,0.0539,0.0532,-2.5989,-2.4958,-0.85396,-0.52034,-0.78269,4.9554e-05,0.0542,-0.0226,-0.0217
4,2,3.2582,0.0016629,0.0523,0.0549,-2.9117,-2.5077,-0.97376,-0.22757,-5.9165,6.2071e-05,0.0509,-0.0245,-0.021
4,2,3.3108,-0.0007371,0.0526,0.0502,-2.8687,-2.7342,-0.99596,0.089788,-8.6077,-0.00037064,0.0509,-0.0228,-0.0217
4,2,3.3636,-0.0015371,0.0528,0.052,-2.468,-2.432,-0.91688,0.39917,-8.3664,-0.00043371,0.0527,-0.0209,-0.0206
4,2,3.414,-3.7097e-05,0.0504,0.0519,-2.7058,-2.4889,-0.75395,0.65693,-3.8641,-0.000472,0.051,-0.0232,-0.0214
4,2,3.4654,0.0026629,0.0514,0.0541,-3.0062,-2.4364,-0.51573,0.85675,-12.518,-0.00023195,0.053,-0.0228,-0.0183
4,2,3.518,0.0002629,0.0526,0.0502,-2.6047,-2.3614,-0.22054,0.97538,-0.22799,-0.0001393,0.0564,-0.0232,-0.0211
4,2,3.5719,-0.0014371,0.0539,0.0522,-2.9562,-2.9116,0.10483,0.99449,3.6542,0.0012089,0.0506,-0.0257,-0.0253
4,2,3.6265,0.0028629,0.0546,0.0589,-2.5856,-1.9705,0.42291,0.90617,8.7544,0.00088896,0.0443,-0.0217,-0.017
4,2,3.6792,0.0015629,0.0527,0.0514,-2.7676,-2.2647,0.68657,0.72707,5.9346,0.00080184,0.0385,-0.0133,-0.0099
4,2,3.7313,-0.0008371,0.0521,0.0497,0.033917,0.16626,0.87874,0.47731,4.039,0.00017619,0.0576,0.0003,0.0013
4,2,3.7847,0.0013629,0.0534,0.0556,-0.47989,-0.093859,0.98503,0.17237,12.95,0.00079463,0.0459,-0.0039,-0.0007
4,2,3.8378,0.0014629,0.0531,0.0532,0.38252,0.76713,0.98888,-0.14873,9.47,0.00086976,0.0642,0.0033,0.0066
4,2,3.8908,-0.0010371,0.053,0.0505,-0.77567,-0.70259,0.89102,-0.45396,14.822,0.0014945,0.0496,-0.0079,-0.0071
4,2,3.9444,-0.0007371,0.0536,0.0539,-0.62473,-0.45241,0.69902,-0.7151,14.359,0.0018389,0.0494,-0.0039,-0.0028
4,2,3.9972,-0.0007371,0.0528,0.0528,-0.059185,0.058251,0.43795,-0.899,13.574,0.0015054,0.0495,-0.0005,0.0006
4,2,4.0521,-0.0006371,0.0549,0.055,NaN,NaN,0.11958,-0.99283,0.79799,0.00097237,NaN,NaN,NaN
4,2,4.1046,-0.0002371,0.0525,0.0529,-1.3364,-1.218,-0.19771,-0.98026,2.9584,0.00070692,0.0517,-0.0229,-0.0213
4,2,4.1582,-0.0001371,0.0536,0.0537,-2.5983,-2.3857,-0.50085,-0.86553,3.9648,0.0011506,0.0512,-0.021,-0.0193
4,2,4.2102,0.0027629,0.052,0.0549,-2.3539,-1.776,-0.74493,-0.66714,0.23115,0.00037318,0.0534,-0.0202,-0.0156
4,2,4.263,0.0017629,0.0528,0.0518,-2.6705,-2.2243,-0.91725,-0.3983,-3.7684,0.00059324,0.0561,-0.0208,-0.0172
4,2,4.3155,-0.0011371,0.0525,0.0496,-2.6019,-2.5286,-0.99588,-0.090657,0.77971,2.7234e-07,0.0505,-0.0244,-0.0237
4,2,4.3681,-0.0004371,0.0526,0.0533,-2.9149,-2.7392,-0.97396,0.22672,-10.213,0.00028486,0.0505,-0.0223,-0.0209
4,2,4.4199,0.0012629,0.0518,0.0535,-2.39,-2.0216,-0.85599,0.517,0.75877,-0.00022116,0.0524,-0.021,-0.0179
4,2,4.4706,0.0009629,0.0507,0.0504,-2.8666,-2.5186,-0.65902,0.75213,-9.0229,-0.0002497,0.0532,-0.0227,-0.0199
4,2,4.5235,-0.0001371,0.0529,0.0518,-2.6445,-2.4471,-0.38776,0.92176,-2.1529,-4.8339e-05,0.0508,-0.023,-0.0213
4,2,4.5737,0.0007629,0.0502,0.0511,-3.0492,-2.7224,-0.093149,0.99565,-11.676,-5.0393e-05,0.0542,-0.0236,-0.021
4,2,4.6291,-0.0004371,0.0554,0.0542,-2.4228,-2.2778,0.24082,0.97057,-0.85748,-0.00013333,0.0574,-0.0224,-0.021
4,2,4.6817,-0.0004371,0.0526,0.0526,-3.066,-2.9252,0.53347,0.84582,-1.7024,0.00049616,0.051,-0.0272,-0.0258
4,2,4.736,-0.0006371,0.0543,0.0541,-2.8867,-2.7465,0.77865,0.62745,2.4897,0.00050935,0.0455,-0.0239,-0.0227
4,2,4.7908,-0.0012371,0.0548,0.0542,-2.2729,-2.1738,0.94093,0.3386,4.4768,0.00060319,0.0416,-0.0146,-0.014
4,2,4.8452,-0.0011371,0.0544,0.0545,-0.37473,-0.23599,0.99989,0.015004,5.7001,4.7299e-05,0.0607,-0.0018,-0.0011
4,2,4.8997,0.0017629,0.0545,0.0574,-0.86894,-0.52829,0.95048,-0.31079,12.896,0.00066213,0.0441,-0.008,-0.0044
4,2,4.9525,-0.0005371,0.0528,0.0505,0.082614,0.24747,0.80404,-0.59457,10.648,0.0014803,0.0561,0.0007,0.002
4,2,5.006,-0.0011371,0.0535,0.0529,-0.24839,-0.1596,0.57214,-0.82016,10.349,0.0014947,0.045,-0.0019,-0.0012
4,2,5.0598,-0.0008371,0.0538,0.0541,0.85257,0.97378,0.2786,-0.96041,-0.74899,0.00050392,0.0534,-0.0352,-0.0342
4,2,5.1149,0.0002629,0.0551,0.0562,2.507,2.7258,-0.052319,-0.99863,-5.1452,1.8979e-05,0.0428,-0.0335,-0.0314
4,2,5.1674,-0.0002371,0.0525,0.052,3.1341,-2.9213,-0.36276,-0.93188,-3.3278,0.00082482,0.0532,-0.0238,-0.0222
4,2,5.2217,-0.0004371,0.0543,0.0541,-2.5967,-2.4432,-0.64501,-0.76417,-0.58496,0.00058816,0.0506,-0.0227,-0.0213
4,2,5.2743,-0.0008371,0.0526,0.0522,-2.7376,-2.6047,-0.85239,-0.52291,-9.0764,-0.00013695,0.0542,-0.0207,-0.0197
4,2,5.3279,6.2903e-05,0.0536,0.0545,-2.5239,-2.3063,-0.97486,-0.22282,-5.9448,0.00034629,0.0533,-0.0213,-0.0194
4,2,5.38,-0.0012371,0.0521,0.0508,-2.5803,-2.5105,-0.99579,0.091622,-2.6845,-0.00024068,0.0515,-0.0225,-0.0219
4,2,5.4332,-0.0003371,0.0532,0.0541,-2.6378,-2.4519,-0.91516,0.40308,-6.6077,0.00022196,0.0547,-0.0208,-0.0193
4,2,5.4855,-0.0011371,0.0523,0.0515,-2.4406,-2.3635,-0.74347,0.66877,-2.451,0.00043754,0.0548,-0.0232,-0.0225
4,2,5.5382,-0.0007371,0.0527,0.0531,-3.0431,-2.9158,-0.49527,0.86874,-7.3439,-4.028e-05,0.0493,-0.0253,-0.0242
4,2,5.5915,-0.0008371,0.0533,0.0532,-2.7553,-2.6266,-0.19318,0.98116,-8.2456,-0.00036625,0.0547,-0.0213,-0.0203
4,2,5.6454,-0.0008371,0.0539,0.0539,-2.4219,-2.3116,0.13259,0.99117,-7.7188,0.0001132,0.0557,-0.0221,-0.0211
4,2,5.6978,-0.0007371,0.0524,0.0525,-2.9255,-2.8026,0.43609,0.8999,-7.3749,-4.4807e-05,0.0483,-0.0254,-0.0243
4,2,5.7542,-0.0008371,0.0564,0.0563,-2.3042,-2.1659,0.71304,0.70112,-7.0617,-0.00038371,0.057,-0.0173,-0.0163
4,2,5.8068,-0.0001371,0.0526,0.0533,NaN,NaN,0.89717,0.44169,3.1776,0.00064152,NaN,NaN,NaN
4,2,5.8635,-0.0011371,0.0567,0.0557,NaN,NaN,0.99361,0.11285,4.319,0.00040056,NaN,NaN,NaN
4,2,5.9185,-0.0009371,0.055,0.0552,NaN,NaN,0.97568,-0.21918,10.46,0.00094266,NaN,NaN,NaN
4,2,5.975,-0.0011371,0.0565,0.0563,-0.21457,-0.11839,0.84504,-0.5347,7.3706,0.00035991,0.0641,-0.0015,-0.0008
4,2,6.0298,-0.0012371,0.0548,0.0547,-1.4072,-1.3382,0.62395,-0.78146,5.5642,0.00063924,0.0442,-0.0108,-0.0102
4,2,6.0844,-0.0005371,0.0546,0.0553,NaN,NaN,0.33551,-0.94204,-4.2532,0.00047784,NaN,NaN,NaN
4,2,6.1405,-0.0006371,0.0561,0.056,-1.4548,-1.3271,0.0014018,-1,-1.5266,0.00022043,0.0443,-0.0326,-0.0314
4,2,6.1943,-0.0009371,0.0538,0.0535,-3.1267,-2.9972,-0.31967,-0.94753,-7.7603,0.00037602,0.0547,-0.0231,-0.0222
4,2,6.2512,-0.0013371,0.0569,0.0565,-2.1935,-2.1492,-0.62176,-0.78321,2.7527,0.00042105,0.0568,-0.0209,-0.0204
4,2,6.305,-0.0013371,0.0538,0.0538,-2.9082,-2.8517,-0.84026,-0.54218,-8.1941,0.00027613,0.0544,-0.0239,-0.0234
4,2,6.3601,-3.7097e-05,0.0551,0.0564,-2.6215,-2.4195,-0.97173,-0.23611,-4.4198,0.00016495,0.0528,-0.0232,-0.0214
4,2,6.4139,-0.0013371,0.0538,0.0525,-2.6795,-2.6198,-0.99609,0.088304,-5.8881,0.0004723,0.0539,-0.0222,-0.0217
4,2,6.4668,-0.0003371,0.0529,0.0539,-2.6173,-2.4462,-0.91723,0.39836,-2.5932,0.00073861,0.0517,-0.0232,-0.0217
4,2,6.521,-0.0009371,0.0542,0.0536,-2.5831,-2.4829,-0.73918,0.6735,-5.1102,-0.00024442,0.0563,-0.0207,-0.0198
4,3,2.6351,-0.00011926,0.0557,0.0564,-0.51282,-0.51424,0.57857,-0.81564,16.195,0.00096333,0.0423,-0.0101,-0.009
4,3,2.692,-0.0012193,0.0569,0.0558,0.56795,0.56795,0.26784,-0.96346,3.6531,0.0011455,0.0542,0.0045,0.0045
4,3,2.7472,0.00058074,0.0552,0.057,0.72783,0.97789,-0.064286,-0.99793,0.67379,0.001242,0.043,-0.0344,-0.0326
4,3,2.8036,-0.00051926,0.0564,0.0553,-2.8651,-2.7666,-0.39595,-0.91827,0.084446,0.0013573,0.058,-0.021,-0.0203
4,3,2.8592,-0.00061926,0.0556,0.0555,-2.0792,-2.0217,-0.67799,-0.73507,1.3335,0.00075487,0.0499,-0.0234,-0.0228
4,3,2.9141,-0.00051926,0.0549,0.055,-2.4269,-2.3333,-0.88134,-0.47249,0.65741,0.0010398,0.0599,-0.0184,-0.0177
4,3,2.9689,0.00038074,0.0548,0.0557,-2.6614,-2.5078,-0.98738,-0.15839,-5.6582,0.00078656,0.0549,-0.0235,-0.0219
4,3,3.0223,-0.00021926,0.0534,0.0528,-2.7399,-2.6281,-0.98634,0.16473,-2.9903,-3.4154e-05,0.0531,-0.025,-0.024
4,3,3.0754,0.00058074,0.0531,0.0539,-3.0201,-2.8037,-0.88318,0.46904,-7.2971,8.7362e-05,0.0508,-0.025,-0.0232
4,3,3.1837,-0.00011926,0.0543,0.0515,-2.968,-2.8645,-0.41176,0.91129,-6.7908,-0.00010977,0.0485,-0.0282,-0.0271
4,3,3.2365,-1.9259e-05,0.0528,0.0529,3.1135,-3.0244,-0.10331,0.99465,-12.563,-0.00066074,0.0558,-0.0239,-0.0227
4,3,3.292,0.00018074,0.0555,0.0557,-2.5136,-2.3673,0.23169,0.97279,-4.8205,0.00034867,0.0534,-0.0242,-0.0228
4,3,3.3452,0.00078074,0.0532,0.0538,-2.9672,-2.7267,0.52876,0.84877,-8.4935,-9.1209e-05,0.0563,-0.0244,-0.0224
4,3,3.401,-0.00021926,0.0558,0.0548,-2.7008,-2.5923,0.78101,0.62452,0.41067,0.00058412,0.0547,-0.0249,-0.0239
4,3,3.4543,0.00078074,0.0533,0.0543,-3.0578,-2.825,0.93917,0.34345,2.6219,0.00055052,0.0434,-0.0263,-0.0243
4,3,3.5109,-1.9259e-05,0.0566,0.0558,-2.6468,-2.4741,0.99998,0.0065927,3.609,-0.00030229,0.0684,-0.0131,-0.0119
4,3,3.5649,-0.00031926,0.054,0.0537,-2.3461,-2.3225,0.94873,-0.31608,9.6841,0.0008338,0.0441,-0.0275,-0.0266
4,3,3.6211,-0.0010193,0.0562,0.0555,-2.6573,-2.6269,0.78805,-0.61561,4.1248,0.00015034,0.0478,-0.0154,-0.0152
4,3,3.6762,-1.9259e-05,0.0551,0.0561,-0.8911,-0.75612,0.54195,-0.84041,9.9737,0.001027,0.0578,-0.0081,-0.0069
4,3,3.7327,-0.00071926,0.0565,0.0558,-1.3386,-1.2591,0.22737,-0.97381,-0.10982,0.00028878,0.0473,-0.0094,-0.0089
4,3,3.7874,-0.00031926,0.0547,0.0551,NaN,NaN,-0.10289,-0.99469,3.468,0.0010053,NaN,NaN,NaN
4,3,3.843,0.00038074,0.0556,0.0563,2.747,2.9724,-0.42683,-0.90433,-2.9938,0.0013059,0.0521,-0.0284,-0.0268
4,3,3.898,0.00048074,0.055,0.0551,-3.1285,-2.9131,-0.6999,-0.71425,-0.80264,0.0010906,0.0611,-0.0255,-0.0238
4,3,3.954,-0.00031926,0.056,0.0552,2.9485,3.0217,-0.89817,-0.43964,-5.5768,0.00029838,0.0487,-0.0306,-0.0297
4,3,4.007,0.00058074,0.053,0.0539,2.9807,-3.0683,-0.99116,-0.13269,-7.4551,0.00016372,0.055,-0.0263,-0.0245
4,3,4.0627,-0.00031926,0.0557,0.0548,-2.9806,-2.8807,-0.97897,0.20399,-7.7788,0.00040333,0.0534,-0.0256,-0.0247
4,3,4.1166,-0.00041926,0.0539,0.0538,-2.7957,-2.7014,-0.86128,0.50814,-6.8215,-3.0909e-05,0.0517,-0.0251,-0.0243
4,3,4.1718,-0.00011926,0.0552,0.0555,-2.7413,-2.601,-0.64597,0.76336,-13.33,-1.9016e-05,0.0583,-0.0216,-0.0205
4,3,4.2267,-0.00061926,0.0549,0.0544,-2.6121,-2.56,-0.36034,0.93282,-4.4583,0.00015731,0.0558,-0.025,-0.0244
4,3,4.2823,8.0741e-05,0.0556,0.0563,-2.9557,-2.8065,-0.030714,0.99953,-8.6641,9.0734e-05,0.0538,-0.0252,-0.0239
4,3,4.3359,0.00088074,0.0536,0.0544,-3.0201,-2.7778,0.29078,0.95679,-12.315,-0.00023835,0.0554,-0.0254,-0.0233
4,3,4.3944,-0.00051926,0.0585,0.0571,-2.3731,-2.2951,0.60565,0.79573,10.466,0.00075554,0.0637,-0.0223,-0.0216
4,3,4.451,-0.00021926,0.0566,0.0569,3.0928,-3.082,0.83853,0.54486,6.8641,0.0001709,0.0628,-0.0294,-0.0284
4,3,4.5083,-1.9259e-05,0.0573,0.0575,2.0527,2.1357,0.97413,0.22601,4.515,-0.00028892,0.0617,-0.0349,-0.0337
4,3,4.5651,-0.00021926,0.0568,0.0566,-3.1085,-2.9951,0.99314,-0.11696,8.09,0.00034032,0.0395,-0.0398,-0.0388
4,3,4.6194,0.00098074,0.0543,0.0555,-2.9144,-2.6482,0.90164,-0.43248,15.37,0.0010831,0.0682,-0.025,-0.0228
4,3,4.6745,-0.00011926,0.0551,0.054,NaN,NaN,0.70942,-0.70479,10.185,0.0001514,NaN,NaN,NaN
4,3,4.7318,-0.00051926,0.0573,0.0569,-1.1954,-1.0933,0.42633,-0.90457,6.1516,9.3856e-05,0.0553,-0.0089,-0.0082
4,3,4.7875,8.0741e-05,0.0557,0.0563,NaN,NaN,0.10173,-0.99481,8.1526,0.00093982,NaN,NaN,NaN
4,3,4.8441,-1.9259e-05,0.0566,0.0565,-1.1974,-1.1152,-0.23973,-0.97084,6.0799,0.001153,0.069,-0.0279,-0.0267
4,3,4.8996,0.00088074,0.0555,0.0564,2.9322,-3.1296,-0.54752,-0.83679,-2.1409,0.00034887,0.0444,-0.0414,-0.0393
4,3,4.9559,0.00018074,0.0563,0.0556,2.2964,2.5175,-0.79655,-0.60458,-2.7692,0.00095343,0.0456,-0.0295,-0.0281
4,3,5.0125,0.00018074,0.0566,0.0566,-2.7364,-2.5437,-0.95377,-0.30052,-9.3297,-0.00023525,0.0562,-0.0185,-0.0171
4,3,5.0674,-0.00051926,0.0549,0.0542,-2.1476,-2.0707,-0.9996,0.028415,-1.3728,0.0009001,0.0613,-0.0198,-0.0191
4,3,5.1218,0.00058074,0.0544,0.0555,-2.9112,-2.7295,-0.93623,0.35138,-6.2049,0.00069315,0.0516,-0.0267,-0.0249
4,3,5.175,0.00018074,0.0532,0.0528,-2.9841,-2.8094,-0.77608,0.63063,-7.6994,0.00028374,0.0545,-0.0251,-0.0237
4,3,5.2311,8.0741e-05,0.0561,0.056,-2.6785,-2.5257,-0.52053,0.85384,-5.4194,8.482e-05,0.0556,-0.0235,-0.0222
4,3,5.285,-0.00031926,0.0539,0.0535,-3.0112,-2.9078,-0.21812,0.97592,-4.2986,0.00065533,0.057,-0.0252,-0.0243
4,3,5.3395,0.00078074,0.0545,0.0556,-2.8441,-2.6264,0.11111,0.99381,-1.0548,-1.1091e-05,0.0548,-0.0277,-0.0257
4,3,5.3939,-0.00041926,0.0544,0.0532,3.0549,-3.1341,0.42771,0.90392,3.036,0.00058893,0.0403,-0.0281,-0.0273
4,3,5.4524,-0.00041926,0.0585,0.0585,-2.6134,-2.4697,0.71561,0.6985,-0.49076,-0.0011237,0.0584,-0.0099,-0.0091
4,3,5.5076,-1.9259e-05,0.0552,0.0556,-1.3327,-1.2171,0.90568,0.42396,9.9984,-1.1292e-05,0.0525,-0.0131,-0.0119
4,3,5.5656,-0.00031926,0.058,0.0577,-0.99047,-0.88767,0.99636,0.085208,9.783,-0.00010397,0.0486,-0.0076,-0.0067
4,3,5.6209,0.00018074,0.0553,0.0558,-0.12538,0.056312,0.96872,-0.24816,10.877,7.2119e-05,0.0542,-0.0009,0.0005
4,3,5.6757,-0.00051926,0.0548,0.0541,-0.045171,0.034952,0.83436,-0.55123,7.8936,-0.00026008,0.0643,-0.0003,0.0004
4,3,5.732,-0.00061926,0.0563,0.0562,-0.69991,-0.66335,0.60103,-0.79922,9.2882,0.00061879,0.0484,-0.0083,-0.0077
4,3,5.787,0.00048074,0.055,0.0561,-0.20531,-0.010999,0.30556,-0.95217,5.2082,0.00072223,0.0512,-0.0017,0
4,3,5.8433,0.00048074,0.0563,0.0563,0.55973,0.843,-0.031637,-0.9995,-4.5469,0.00067798,0.0448,-0.0342,-0.0325
4,3,5.8994,0.00058074,0.0561,0.0562,-2.7196,-2.4926,-0.36403,-0.93139,-1.8932,0.0010627,0.0539,-0.0229,-0.0211
4,3,5.9549,-0.00031926,0.0555,0.0546,-2.4382,-2.332,-0.65176,-0.75843,-0.7614,0.00093493,0.0526,-0.0213,-0.0204
4,3,6.0103,-0.00041926,0.0554,0.0553,-2.3316,-2.23,-0.86573,-0.50052,-7.6089,0.00016799,0.0605,-0.0185,-0.0177
4,3,6.0653,-1.9259e-05,0.055,0.0554,-2.4621,-2.3521,-0.98202,-0.18879,-0.85475,0.00043368,0.0568,-0.024,-0.0228
4,3,6.1194,-1.9259e-05,0.0541,0.0541,-2.9895,-2.8672,-0.99037,0.13843,-4.8464,0.00063671,0.0529,-0.0267,-0.0255
4,3,6.1727,0.00068074,0.0533,0.054,3.092,-2.9636,-0.8948,0.44646,-9.0663,7.7926e-05,0.0503,-0.0263,-0.0244
4,3,6.228,-0.00011926,0.0553,0.0545,-2.6694,-2.5292,-0.6975,0.71659,-8.7326,-0.00023839,0.0569,-0.0213,-0.0202
4,3,6.2813,0.00068074,0.0533,0.0541,-2.7059,-2.5022,-0.43313,0.90133,-4.9621,8.598e-05,0.0493,-0.0249,-0.023
4,3,6.3341,0.00068074,0.0528,0.0528,-2.8743,-2.6219,-0.12672,0.99194,-11.956,-0.00018219,0.0564,-0.0214,-0.0195
4,3,6.3894,-0.00071926,0.0553,0.0539,-2.2517,-2.1997,0.20751,0.97823,2.0651,0.0008674,0.0546,-0.0225,-0.022
4,3,6.4425,8.0741e-05,0.0531,0.0539,-2.8443,-2.6885,0.50704,0.86192,0.34769,0.00078395,0.0555,-0.024,-0.0227
4,3,6.4975,-0.00061926,0.055,0.0543,NaN,NaN,0.76175,0.64787,3.5718,0.0010212,NaN,NaN,NaN
4,3,6.5515,-0.00061926,0.054,0.054,-0.95796,-0.81781,0.92992,0.36775,5.3015,6.659e-05,0.0508,-0.0047,-0.0041
4,3,6.6064,0.00038074,0.0549,0.0559,-0.068995,0.098593,0.99908,0.042915,4.4416,-0.00060942,0.0663,-0.0006,0.001
4,3,6.6608,0.00038074,0.0544,0.0544,-1.3474,-1.1833,0.9589,-0.28374,6.8874,0.00036782,0.0562,-0.0125,-0.0109
4,3,6.7168,-0.00061926,0.056,0.055,-1.5632,-1.4936,0.80918,-0.58756,9.9959,0.00066378,0.0467,-0.0127,-0.0121
4,3,6.7705,0.00048074,0.0537,0.0548,-0.76302,-0.53944,0.57809,-0.81597,13.049,0.0008124,0.037,-0.0057,-0.004
4,3,6.8264,-0.00041926,0.0559,0.055,NaN,NaN,0.27314,-0.96198,-4.7534,4.725e-05,NaN,NaN,NaN
4,3,6.8804,0.00098074,0.054,0.0554,NaN,NaN,-0.051516,-0.99867,-1.5431,0.00040004,NaN,NaN,NaN
4,3,6.9348,-1.9259e-05,0.0544,0.0534,-2.2167,-2.1503,-0.37293,-0.92786,-4.2527,0.00039541,0.0488,-0.0241,-0.0229
4,3,6.9885,0.00078074,0.0537,0.0545,-2.1123,-1.8716,-0.65072,-0.75932,2.928,0.0011626,0.0561,-0.0192,-0.0172
4,3,7.0419,0.00088074,0.0534,0.0535,-2.9618,-2.7181,-0.85888,-0.51218,-9.8792,1.1357e-05,0.0571,-0.0219,-0.0198
4,3,7.0956,0.00068074,0.0537,0.0535,-2.5276,-2.3313,-0.97775,-0.20979,1.3008,0.00095329,0.0542,-0.0253,-0.0234
4,3,7.1489,0.00068074,0.0533,0.0533,3.0102,-3.0502,-0.99367,0.11234,-9.1781,-1.5553e-05,0.0512,-0.0262,-0.0243
4,3,7.2015,-1.9259e-05,0.0526,0.0519,-2.9403,-2.7978,-0.90802,0.41893,-6.9375,0.00034618,0.0466,-0.0248,-0.0236
4,3,7.2534,0.00028074,0.0519,0.0522,-2.574,-2.3583,-0.73326,0.67995,-7.4968,-0.00025717,0.0579,-0.0195,-0.018
4,3,7.3063,0.00058074,0.0529,0.0532,-2.6139,-2.4238,-0.48083,0.87681,-7.2018,-0.00012779,0.05,-0.0245,-0.0227
4,3,7.3587,0.00048074,0.0524,0.0523,-2.9813,-2.7629,-0.18211,0.98328,-15.013,-0.00023287,0.0587,-0.0221,-0.0204
4,3,7.4142,-0.00011926,0.0555,0.0549,-2.1978,-2.0901,0.15356,0.98814,1.6693,0.00017818,0.0528,-0.0253,-0.0242
4,3,7.4671,-0.00021926,0.0529,0.0528,3.0484,-3.1094,0.45794,0.88898,-7.7407,0.00044232,0.0564,-0.0252,-0.0242
4,3,7.5226,0.00028074,0.0555,0.056,-2.8942,-2.734,0.72634,0.68733,3.5405,0.0010854,0.0612,-0.0261,-0.0246
4,3,7.5766,-0.00041926,0.054,0.0533,-3.1397,-3.0606,0.90912,0.41653,2.8172,-0.00023469,0.0408,-0.0333,-0.0325
4,3,7.6349,-0.00081926,0.0583,0.0579,-2.8201,-2.7551,0.99717,0.075227,7.1687,0.00048986,0.0379,-0.0158,-0.0154
4,3,7.6889,-0.00051926,0.054,0.0543,NaN,NaN,0.96819,-0.25021,9.2455,0.00054538,NaN,NaN,NaN
4,3,7.7437,-0.00051926,0.0548,0.0548,2.5208,2.6364,0.83319,-0.55299,6.0826,0.00024784,0.0425,-0.0153,-0.0146
4,3,7.7972,-0.00021926,0.0535,0.0538,-0.55053,-0.42308,0.61288,-0.79018,10.084,0.00079107,0.0436,-0.0043,-0.0033
4,3,7.8534,-0.00081926,0.0562,0.0556,-1.0406,-1.0175,0.3128,-0.94982,2.8692,0.00085651,0.0438,-0.0096,-0.0092
4,3,7.9081,-0.00061926,0.0547,0.0549,0.29268,0.43999,-0.014306,-0.9999,2.5057,0.0011874,0.0353,-0.0355,-0.0349
4,3,7.9605,0.00068074,0.0524,0.0537,2.4828,2.8328,-0.32667,-0.94514,-10.346,0.00020803,0.0611,-0.0184,-0.0165
4,3,8.0158,0.00068074,0.0553,0.0553,-2.177,-2.0119,-0.6201,-0.78453,1.3207,0.0011027,0.0533,-0.0242,-0.0223
4,3,8.07,-0.00021926,0.0542,0.0533,-2.9216,-2.7972,-0.84054,-0.54176,-7.0974,0.00044351,0.0561,-0.0233,-0.0223
4,3,8.1236,0.00098074,0.0536,0.0548,-2.8405,-2.5983,-0.96971,-0.24427,-1.6119,0.00082175,0.0531,-0.0258,-0.0236
4,3,8.1771,0.00048074,0.0535,0.053,3.0374,-3.0463,-0.99693,0.078306,-6.2395,-0.00023749,0.0541,-0.0254,-0.0237
4,3,8.231,0.00028074,0.0539,0.0537,-2.9271,-2.76,-0.91872,0.39491,-7.1784,0.00053528,0.0495,-0.0256,-0.0241
4,3,8.2831,0.00058074,0.0521,0.0524,-2.8195,-2.5774,-0.75008,0.66135,-4.1913,0.0002822,0.057,-0.023,-0.0212
4,3,8.3364,0.00098074,0.0533,0.0537,-2.8504,-2.6159,-0.50056,0.8657,-4.6958,0.00045365,0.046,-0.0267,-0.0245
4,3,8.3904,0.00088074,0.054,0.0539,-2.8692,-2.5598,-0.1948,0.98084,-10.336,-0.00050781,0.0626,-0.0187,-0.0166
4,3,8.4441,0.00098074,0.0537,0.0538,-2.3983,-2.2153,0.12994,0.99152,1.103,0.00062607,0.0552,-0.0276,-0.0254
4,3,8.5003,-0.00041926,0.0562,0.0548,-3.0363,-2.9549,0.45455,0.89072,3.4916,0.00077856,0.058,-0.0266,-0.0258
4,3,8.5556,-1.9259e-05,0.0553,0.0557,-3.0331,-2.901,0.72288,0.69097,4.7614,0.00041583,0.0459,-0.0293,-0.0281
4,3,8.6136,-0.00051926,0.058,0.0575,-2.85,-2.7497,0.91699,0.39891,7.87,2.8769e-05,0.0381,-0.0172,-0.0165
4,3,8.6694,-0.00061926,0.0558,0.0557,0.085419,0.2024,0.99747,0.071143,8.6183,0.00038452,0.0621,0.0005,0.0011
4,3,8.7251,-0.00061926,0.0557,0.0557,-0.80193,-0.72119,0.96448,-0.26415,11.281,0.00039578,0.0685,-0.0059,-0.0053
4,3,8.7811,-0.00051926,0.056,0.0561,NaN,NaN,0.82098,-0.57095,13.736,0.00064974,NaN,NaN,NaN
4,3,8.8385,-0.00051926,0.0574,0.0574,0.54351,0.60565,0.57637,-0.81719,11.356,0.00033969,0.0584,0.0063,0.007
4,3,8.8937,-0.00031926,0.0552,0.0554,0.34573,0.44648,0.2752,-0.96139,3.0932,0.001245,0.0479,0.0031,0.004
4,3,8.9493,0.00038074,0.0556,0.0563,1.6814,1.8988,-0.059088,-0.99825,-2.165,0.00067137,0.0505,-0.0356,-0.034
4,3,9.0036,0.00018074,0.0543,0.0541,2.528,2.7034,-0.37939,-0.92524,-8.4219,0.00044897,0.0446,-0.0318,-0.0304
4,3,9.0582,-0.00031926,0.0546,0.0541,-1.7301,-1.656,-0.66012,-0.75116,-3.7396,0.0007082,0.0546,-0.0218,-0.0209
4,3,9.1126,-0.00051926,0.0544,0.0542,-2.6787,-2.5917,-0.86822,-0.49619,-3.2478,0.00052944,0.0567,-0.022,-0.0213
4,3,9.1658,8.0741e-05,0.0532,0.0538,-3.0008,-2.8627,-0.98088,-0.19462,-7.2775,0.00037304,0.0515,-0.0255,-0.0242
4,3,9.2188,-0.00021926,0.053,0.0527,-2.8322,-2.7106,-0.99204,0.1259,-2.1452,0.00013795,0.0578,-0.024,-0.023
4,3,9.2727,-0.00021926,0.0539,0.0539,3.1044,-3.0784,-0.89878,0.4384,-7.4594,-3.9265e-06,0.0456,-0.0279,-0.0269
4,3,9.3255,-0.00051926,0.0528,0.0525,-2.8105,-2.7118,-0.71462,0.69952,-7.4107,9.6618e-05,0.0566,-0.0207,-0.02
4,3,9.3783,-0.00011926,0.0528,0.0532,-2.5946,-2.4849,-0.4575,0.88921,-8.5905,3.4945e-05,0.0523,-0.0245,-0.0234
4,3,9.4329,8.0741e-05,0.0546,0.0548,-2.5666,-2.4093,-0.14285,0.98974,-4.4499,0.00011948,0.0529,-0.0222,-0.0209
4,3,9.4865,-0.00071926,0.0536,0.0528,-2.7078,-2.6455,0.18141,0.98341,-7.822,9.1599e-05,0.0604,-0.0215,-0.021
4,3,9.5409,-0.00061926,0.0544,0.0545,-2.6973,-2.6485,0.49083,0.87126,-3.293,-0.00014027,0.0521,-0.0275,-0.0269
4,3,9.5941,0.00028074,0.0532,0.0541,3.04,-3.0601,0.74221,0.67016,-6.5145,0.00079102,0.0562,-0.0264,-0.0249
4,3,9.6493,-1.9259e-05,0.0552,0.0549,-2.8426,-2.7261,0.92147,0.38845,-0.64426,0.00055801,0.0449,-0.0274,-0.0262
4,3,9.7055,8.0741e-05,0.0562,0.0563,NaN,NaN,0.99835,0.057352,4.3691,0.00022295,NaN,NaN,NaN
4,3,9.7615,-0.00031926,0.056,0.0556,0.87064,0.98956,0.96023,-0.2792,1.6435,-0.00025287,0.0354,-0.0403,-0.0394
4,3,9.8179,-0.00061926,0.0564,0.0561,-3.1337,-3.0332,0.81053,-0.5857,-1.557,0.00048036,0.0573,-0.0193,-0.0187
