3,2,0.083,0.0010067,0.0472,0.0478,-2.6919,-2.4315,0.0023783,1,-13.804,-0.0020912,0.0438,-0.0209,-0.0188
3,2,0.1292,0.0014067,0.0462,0.0466,-2.5907,-2.2303,0.27708,0.96085,-9.8575,-0.0019907,0.0474,-0.0185,-0.016
3,2,0.1771,0.00080667,0.0479,0.0473,-2.3359,-2.0849,0.5391,0.84224,-9.2313,-0.0013847,0.05,-0.018,-0.0161
3,2,0.2256,-0.00019333,0.0485,0.0475,-2.447,-2.3336,0.75888,0.65123,-3.6155,-0.00027348,0.0471,-0.0195,-0.0186
3,2,0.2739,-0.0015933,0.0483,0.0469,-2.5667,-2.6358,0.91383,0.40609,-7.9046,-0.00055506,0.0494,-0.0183,-0.0188
3,2,0.3221,-0.00059333,0.0482,0.0492,-2.5032,-2.4414,0.99185,0.1274,-3.4142,-0.0014925,0.0476,-0.0195,-0.019
3,2,0.37,0.00020667,0.0479,0.0487,-2.5071,-2.3391,0.98709,-0.16017,-7.2128,-0.00069689,0.046,-0.0192,-0.0179
3,2,0.4172,-0.00059333,0.0472,0.0464,-2.4276,-2.3582,0.9025,-0.4307,-3.6938,-0.0013718,0.0515,-0.018,-0.0175
3,2,0.4643,0.00030667,0.0471,0.048,-2.732,-2.568,0.7458,-0.66617,-6.6933,-0.00099546,0.0464,-0.0224,-0.021
3,2,0.5111,-0.00039333,0.0468,0.0461,-2.9476,-2.8507,0.53097,-0.84739,-3.5013,-0.00058634,0.0468,-0.022,-0.0213
3,2,0.5573,0.00090667,0.0462,0.0475,-3.1415,-2.8728,0.27768,-0.96067,-7.5098,-0.0019326,0.0472,-0.0226,-0.0206
3,2,0.6053,0.0011067,0.048,0.0482,-2.9037,-2.6025,-0.007841,-0.99997,-9.4208,-0.00060631,0.0467,-0.0218,-0.0196
3,2,0.6542,-0.0014933,0.0489,0.0463,-2.6303,-2.6846,-0.29789,-0.9546,-4.583,-0.0022284,0.0477,-0.0196,-0.02
3,2,0.7001,6.6667e-06,0.0459,0.0474,-2.9582,-2.8045,-0.54723,-0.83698,-13.297,-0.0018727,0.0455,-0.0214,-0.0203
3,2,0.7464,0.00090667,0.0463,0.0472,-2.6269,-2.3597,-0.75655,-0.65394,-8.049,-0.0013857,0.0478,-0.0206,-0.0186
3,2,0.7937,0.0012067,0.0473,0.0476,-2.8507,-2.5399,-0.90989,-0.41485,-7.9198,-0.0015902,0.0455,-0.0211,-0.0188
3,2,0.8401,0.0015067,0.0464,0.0467,-2.8389,-2.4723,-0.98904,-0.14765,-10.994,-0.0012737,0.0471,-0.0202,-0.0176
3,2,0.8892,-0.00079333,0.0491,0.0468,-2.5063,-2.4666,-0.98912,0.14711,-9.0376,-0.0019422,0.046,-0.0182,-0.0179
3,2,0.934,0.0010067,0.0448,0.0466,-2.6987,-2.4181,-0.91407,0.40556,-12.46,-0.0022054,0.0485,-0.0194,-0.0173
3,2,0.9806,0.0015067,0.0466,0.0471,-2.4938,-2.1754,-0.76589,0.64297,-5.8205,-0.00176,0.0465,-0.0213,-0.0187
3,2,1.0277,0.00090667,0.0471,0.0465,-2.9285,-2.6437,-0.55522,0.8317,-10.544,-0.0018591,0.0457,-0.0207,-0.0187
3,2,1.0743,0.0014067,0.0466,0.0471,-2.7483,-2.4011,-0.30301,0.95299,-8.153,-0.0019243,0.0472,-0.0198,-0.0173
3,2,1.1226,-0.00059333,0.0483,0.0463,-2.5649,-2.4988,-0.016822,0.99986,-8.6174,-0.0018565,0.0492,-0.0187,-0.0182
3,2,1.1697,-0.00039333,0.0471,0.0473,-2.6106,-2.5255,0.26381,0.96457,-8.4978,-0.0010546,0.0463,-0.0208,-0.0201
3,2,1.2172,-0.00019333,0.0475,0.0477,-2.6212,-2.4993,0.52539,0.85086,-4.3565,-3.5533e-06,0.046,-0.0196,-0.0187
3,2,1.2657,-0.00099333,0.0485,0.0477,-2.3233,-2.3091,0.74824,0.66343,-4.0018,-0.0014561,0.051,-0.0171,-0.017
3,2,1.3134,-0.00059333,0.0477,0.0481,-2.6853,-2.6109,0.90561,0.42411,-4.3023,-0.00050907,0.0448,-0.0204,-0.0199
3,2,1.3608,-0.00069333,0.0474,0.0473,-2.563,-2.5061,0.98841,0.15179,-4.7171,-0.0014932,0.0516,-0.0178,-0.0174
3,2,1.409,-0.00039333,0.0482,0.0485,-2.5475,-2.4677,0.99049,-0.13761,-1.3673,-6.2973e-05,0.0467,-0.0212,-0.0205
3,2,1.4558,-0.00059333,0.0468,0.0466,-2.8074,-2.7377,0.91307,-0.40779,-1.3041,-0.0010519,0.0491,-0.0211,-0.0206
3,2,1.5028,0.00020667,0.047,0.0478,-3.0771,-2.9108,0.76276,-0.64668,-2.9778,-0.00096466,0.0435,-0.0232,-0.0219
3,2,1.5502,-0.00029333,0.0474,0.0469,-2.8586,-2.7407,0.54967,-0.83538,-6.191,-0.0012011,0.0505,-0.0193,-0.0185
3,2,1.5969,0.00010667,0.0467,0.0471,-2.7849,-2.6475,0.29607,-0.95517,-8.8302,-0.0016048,0.0448,-0.0231,-0.0219
3,2,1.6445,-0.00049333,0.0476,0.047,-2.8551,-2.7706,0.01377,-0.99991,-10.533,-0.0012838,0.0452,-0.0203,-0.0197
3,2,1.6923,0.00090667,0.0478,0.0492,-2.3806,-2.0995,-0.27082,-0.96263,-4.6783,-0.001742,0.0511,-0.0177,-0.0157
3,2,1.7384,0.0010067,0.0461,0.0462,-2.9944,-2.7431,-0.5244,-0.85147,-9.0872,-0.0021296,0.045,-0.0227,-0.0206
3,2,1.7842,0.0014067,0.0458,0.0462,-3.044,-2.6975,-0.73656,-0.67637,-6.5873,-0.001687,0.0452,-0.0219,-0.0194
3,2,1.8312,6.6667e-06,0.047,0.0456,-2.7639,-2.6105,-0.89622,-0.44362,-7.2918,-0.0010006,0.0459,-0.0201,-0.019
3,2,1.8792,-0.00079333,0.048,0.0472,-2.4992,-2.4578,-0.98552,-0.16959,-3.8911,-0.0011402,0.0471,-0.018,-0.0177
3,2,1.925,-9.3333e-05,0.0458,0.0465,-2.543,-2.4112,-0.99443,0.10536,-5.968,-0.0019711,0.0483,-0.0193,-0.0183
3,2,1.9713,0.00020667,0.0463,0.0466,-2.7911,-2.6241,-0.92698,0.37512,-7.0513,-0.0014244,0.0439,-0.0213,-0.02
3,2,2.0176,0.00080667,0.0463,0.0469,-2.7779,-2.5002,-0.78784,0.61588,-9.9241,-0.0018376,0.0481,-0.0189,-0.017
3,2,2.0627,0.0014067,0.0451,0.0457,-2.6821,-2.3618,-0.59362,0.80475,-4.8936,-0.0024289,0.0478,-0.0219,-0.0194
3,2,2.1103,0.00070667,0.0476,0.0469,-3.0855,-2.8441,-0.34172,0.9398,-10.314,-0.0016178,0.0431,-0.0221,-0.0203
3,2,2.1572,6.6667e-06,0.0469,0.0462,-2.6319,-2.4696,-0.066103,0.99781,-5.7897,-0.00074483,0.0499,-0.0183,-0.0172
3,2,2.2056,6.6667e-06,0.0484,0.0484,-2.3436,-2.2073,0.22357,0.97469,-5.3339,-0.0015667,0.0493,-0.0198,-0.0187
3,2,2.2538,-0.00029333,0.0482,0.0479,-2.8034,-2.6991,0.49332,0.86985,-4.5959,4.5363e-05,0.0431,-0.0209,-0.0201
3,2,2.3022,-0.0011933,0.0484,0.0475,-2.2534,-2.2835,0.72258,0.69129,-1.5664,-0.00083785,0.0534,-0.0156,-0.0157
3,2,2.35,-0.00049333,0.0478,0.0485,-2.5286,-2.4635,0.88918,0.45756,-3.2092,-0.00071614,0.0451,-0.0212,-0.0206
3,2,2.3983,-0.00079333,0.0483,0.048,-2.4754,-2.4328,0.98308,0.18319,0.96716,-0.00038561,0.0521,-0.018,-0.0177
3,2,2.4462,-0.00069333,0.0479,0.048,-2.6825,-2.6371,0.99456,-0.1042,-1.7533,-0.0011883,0.0452,-0.0222,-0.0218
3,2,2.4926,6.6667e-06,0.0464,0.0471,-2.9594,-2.8055,0.92719,-0.3746,-5.1215,-0.00038188,0.0487,-0.021,-0.0199
3,2,2.5401,-9.3333e-05,0.0475,0.0474,-2.754,-2.6154,0.78372,-0.62112,-1.0581,-0.0014911,0.046,-0.0222,-0.0212
3,2,2.5863,-0.00019333,0.0462,0.0461,-3.0044,-2.877,0.58287,-0.81257,-1.9546,-0.00053173,0.0455,-0.022,-0.0211
3,2,2.6333,0.00010667,0.047,0.0473,-2.9559,-2.7895,0.3326,-0.94307,-8.6151,-0.0013904,0.0498,-0.0205,-0.0193
3,2,2.6807,0.00070667,0.0474,0.048,-2.8171,-2.6052,0.053433,-0.99857,-6.3568,-0.0017482,0.0453,-0.0229,-0.0211
3,2,2.7286,-0.00019333,0.0479,0.047,-2.8269,-2.7143,-0.233,-0.97248,-7.5667,-0.0013379,0.0465,-0.0203,-0.0194
3,2,2.7744,-9.3333e-05,0.0458,0.0459,-2.8132,-2.6788,-0.48915,-0.8722,-6.5813,-0.0016144,0.0461,-0.021,-0.02
3,2,2.8208,0.00080667,0.0464,0.0473,-2.8272,-2.5654,-0.71084,-0.70335,-7.1923,-0.0010994,0.0475,-0.0207,-0.0188
3,2,2.8677,0.00030667,0.0469,0.0464,-2.8373,-2.6536,-0.87877,-0.47724,-5.9515,-0.0019116,0.0459,-0.0213,-0.0199
3,2,2.9142,0.0012067,0.0465,0.0474,-2.8458,-2.5287,-0.97648,-0.21562,-4.535,-0.0012064,0.0474,-0.0207,-0.0184
3,2,2.9605,0.0011067,0.0463,0.0462,-2.8964,-2.6089,-0.9981,0.061608,-5.9194,-0.0019373,0.0471,-0.0218,-0.0196
3,2,3.0077,0.00020667,0.0472,0.0463,-2.8734,-2.7028,-0.94072,0.33918,1.8781,-0.0013632,0.045,-0.0217,-0.0204
3,2,3.1023,-0.0012933,0.0529,0.0466,-2.5126,-2.5397,-0.60896,0.7932,-1.6538,-0.0017518,0.0467,-0.0186,-0.0188
3,2,3.1476,0.00020667,0.0453,0.0468,-2.7715,-2.6107,-0.37259,0.928,-7.0808,-0.0016319,0.0486,-0.02,-0.0187
3,2,3.1961,-0.00049333,0.0485,0.0478,-2.5451,-2.4707,-0.089451,0.99599,-4.3993,-0.00044514,0.0463,-0.0201,-0.0195
3,2,3.2432,-9.3333e-05,0.0471,0.0475,-2.5773,-2.44,0.19301,0.9812,0.097956,-0.00075312,0.0475,-0.0193,-0.0183
3,2,3.2911,-0.00019333,0.0479,0.0478,-2.5432,-2.4227,0.4643,0.88568,-3.0735,-0.00057041,0.0483,-0.0189,-0.018
3,2,3.3387,-0.00039333,0.0476,0.0474,-2.5292,-2.439,0.69588,0.71816,0.053313,-0.00090072,0.0477,-0.0196,-0.0189
3,2,3.3856,-0.00049333,0.0469,0.0468,-2.7486,-2.6694,0.86854,0.49563,-3.2366,-0.00063475,0.0469,-0.0204,-0.0198
3,2,3.4329,-0.00049333,0.0473,0.0473,-2.625,-2.5452,0.97285,0.23144,0.62796,-0.00071767,0.0472,-0.02,-0.0194
3,2,3.4795,-0.00049333,0.0466,0.0466,-2.7955,-2.7151,0.99889,-0.047208,-0.31997,-0.00075902,0.0473,-0.0206,-0.02
3,2,3.5281,-0.0016933,0.0486,0.0474,-2.5096,-2.5891,0.94273,-0.33354,2.1225,-0.00053143,0.048,-0.0193,-0.0199
3,2,3.5745,-0.0011933,0.0464,0.0469,-2.8186,-2.8317,0.81409,-0.58074,-0.61361,-0.00089925,0.0459,-0.0209,-0.021
3,2,3.62,0.00060667,0.0455,0.0473,-2.8996,-2.6665,0.62646,-0.77945,-1.9856,-0.00056792,0.0466,-0.0213,-0.0196
3,2,3.667,-0.00059333,0.047,0.0458,-2.831,-2.7635,0.38371,-0.92345,-2.2608,-0.00094436,0.0475,-0.0209,-0.0204
3,2,3.7151,-0.00019333,0.0481,0.0485,-2.6792,-2.561,0.1038,-0.9946,-2.5937,-0.0015165,0.0479,-0.0203,-0.0194
3,2,3.7644,-0.0020933,0.0493,0.0474,-2.5077,-2.6379,-0.19186,-0.98142,-3.0411,-0.00061128,0.0466,-0.0189,-0.0199
3,2,3.8084,-0.00019333,0.044,0.0459,-2.8884,-2.7669,-0.44231,-0.89686,-0.024824,-0.0011808,0.0462,-0.0215,-0.0206
3,2,3.8561,0.00020667,0.0477,0.0481,-2.7286,-2.5488,-0.6784,-0.73469,-2.5896,-0.00053673,0.0483,-0.02,-0.0187
3,2,3.9054,-0.00059333,0.0493,0.0485,-2.4938,-2.429,-0.86374,-0.50394,0.37941,-0.00054422,0.0475,-0.019,-0.0185
3,2,3.9521,-0.00019333,0.0467,0.0471,-2.6338,-2.5152,-0.96971,-0.24428,-0.98277,-0.00087245,0.0474,-0.0198,-0.0189
3,2,3.9995,-0.00049333,0.0474,0.0471,-2.6351,-2.5561,-0.99925,0.03882,-4.2511,-0.00098703,0.0466,-0.0198,-0.0192
3,2,4.048,-0.0011933,0.0485,0.0478,-2.3686,-2.382,-0.9457,0.32505,1.7376,-0.00048367,0.0473,-0.0179,-0.018
3,2,4.0929,0.00030667,0.0449,0.0464,-2.765,-2.5912,-0.82443,0.56596,-6.21,-0.0019228,0.0476,-0.0203,-0.0189
3,2,4.14,0.00010667,0.0471,0.0469,-2.7697,-2.6135,-0.63298,0.77417,-5.6442,-0.00064799,0.0448,-0.0208,-0.0196
3,2,4.1866,0.00040667,0.0466,0.0469,-2.6672,-2.4541,-0.39367,0.91925,-2.2099,-0.0015227,0.0492,-0.019,-0.0175
3,2,4.2339,0.00030667,0.0473,0.0472,-2.6304,-2.4706,-0.11933,0.99285,-4.348,-0.001308,0.0455,-0.0209,-0.0195
3,2,4.2811,0.00020667,0.0472,0.0471,-2.7012,-2.5193,0.16404,0.98645,-6.6742,-0.00050043,0.0468,-0.0192,-0.0179
3,3,0.1146,-0.001491,0.0428,0.0422,-2.1143,-2.3312,-0.020022,0.9998,0.49315,0.0010802,0.043,-0.0151,-0.0166
3,3,0.1621,-0.00069098,0.0475,0.0483,-1.6217,-1.7416,0.26605,0.96396,7.4093,0.00070168,0.0421,-0.0106,-0.0113
3,3,0.2054,0.001809,0.0433,0.0458,-1.3307,-1.0702,0.50814,0.86128,8.9951,0.0007264,0.0476,-0.0094,-0.0076
3,3,0.2544,-0.004091,0.049,0.0431,-1.1368,-1.7006,0.73892,0.67379,8.2398,0.0011004,0.0478,-0.008,-0.0121
3,3,0.2987,-0.002391,0.0443,0.046,-1.5059,-1.807,0.89179,0.45244,8.4445,0.0015317,0.0455,-0.0115,-0.0139
3,3,0.343,-0.00019098,0.0443,0.0465,-1.6533,-1.679,0.98013,0.19836,10.758,0.0014045,0.0425,-0.0127,-0.0129
3,3,0.389,-9.0984e-05,0.046,0.0461,-1.3833,-1.3988,0.99676,-0.080409,7.3654,0.0011973,0.0462,-0.0092,-0.0093
3,3,0.4338,-0.002291,0.0448,0.0426,-1.4844,-1.7972,0.93821,-0.34606,10.873,0.0012767,0.0425,-0.0106,-0.0129
3,3,0.4789,-0.001391,0.0451,0.046,-1.2449,-1.4611,0.80917,-0.58758,7.1819,0.00078721,0.0463,-0.008,-0.0094
3,3,0.5253,-0.002591,0.0464,0.0452,-1.0326,-1.3655,0.61322,-0.78992,10.969,0.0013354,0.0457,-0.0079,-0.0105
3,3,0.5718,-0.001291,0.0465,0.0478,-0.91742,-1.0843,0.36804,-0.92981,9.574,0.00094502,0.0403,-0.0071,-0.0084
3,3,0.6155,-0.001791,0.0437,0.0432,-0.61825,-0.92512,0.11051,-0.99388,8.9884,0.00045061,0.0393,-0.0037,-0.0055
3,3,0.6618,-0.002991,0.0463,0.0451,NaN,NaN,-0.17043,-0.98537,2.2036,0.00041277,NaN,NaN,NaN
3,3,0.7084,-0.002491,0.0466,0.0471,-1.7525,-2.0623,-0.43955,-0.89822,3.0541,0.00025896,0.0471,-0.013,-0.0155
3,3,0.7538,9.0164e-06,0.0454,0.0479,-1.877,-1.877,-0.66808,-0.74409,4.218,0.00066896,0.0394,-0.0147,-0.0147
3,3,0.7991,-0.002191,0.0453,0.0431,-1.5669,-1.9737,-0.84552,-0.53394,1.0799,-0.00025935,0.0679,-0.0088,-0.011
3,3,0.844,0.00010902,0.0449,0.0472,NaN,NaN,-0.95831,-0.28574,5.7301,0.00012181,NaN,NaN,NaN
3,3,0.8913,0.00030902,0.0473,0.0475,2.5436,2.6264,-1,-0.0016875,3.0842,-9.4065e-05,0.0591,-0.0176,-0.0173
3,3,0.9343,0.003209,0.043,0.0459,2.9314,-3.0699,-0.96633,0.25729,2.4241,-0.0003738,0.0417,-0.0337,-0.0305
3,3,0.9806,0.002009,0.0463,0.0451,1.883,2.182,-0.85656,0.51604,-0.35542,-0.00035009,0.0397,-0.0291,-0.0271
3,3,1.0272,-0.001291,0.0466,0.0433,2.7414,2.5486,-0.67778,0.73526,NaN,-0.00063977,0.046,-0.0222,-0.0235
3,3,1.1625,0.00040902,0.0462,0.0457,-2.9198,-2.8524,0.079258,0.99685,2.7154,0.00069937,0.0397,-0.0185,-0.0181
3,3,1.2103,-0.00069098,0.0478,0.0467,-1.8034,-1.9242,0.36206,0.93215,7.3994,0.00052681,0.0359,-0.0104,-0.0111
3,3,1.2581,-0.00049098,0.0478,0.048,0.25405,0.16608,0.6144,0.789,5.3127,0.00072666,0.0489,0.0015,0.001
3,3,1.3041,-0.00069098,0.046,0.0458,NaN,NaN,0.80862,0.58833,7.595,0.001346,NaN,NaN,NaN
3,3,1.3516,-0.00069098,0.0475,0.0475,-1.8039,-1.9111,0.94286,0.33319,9.027,0.0014393,0.0412,-0.0123,-0.013
3,3,1.3986,-0.001091,0.047,0.0466,-1.2036,-1.3821,0.99857,0.053391,11.24,0.0015286,0.051,-0.0065,-0.0076
3,3,1.4457,-0.002491,0.0471,0.0457,-0.94994,-1.0757,0.97287,-0.23135,10.176,0.0015771,0.0415,-0.0104,-0.0129
3,3,1.4922,-0.003191,0.0465,0.0458,-1.028,-1.6135,0.86946,-0.494,12.777,0.0013887,0.0389,-0.0054,-0.0086
3,3,1.5375,-0.001391,0.0453,0.0471,0.12681,-0.06135,0.702,-0.71218,6.1073,0.0018373,0.052,0.001,-0.0004
3,3,1.5833,-0.001991,0.0458,0.0452,-0.81465,-1.1227,0.47876,-0.87795,9.8476,0.0010186,0.0409,-0.0052,-0.0072
3,3,1.6289,-0.001391,0.0456,0.0462,-0.094092,-0.31762,0.21969,-0.97557,8.2864,0.0008458,0.0578,-0.0005,-0.0019
3,3,1.6781,-0.003491,0.0492,0.0471,-0.9356,-0.98505,-0.078086,-0.99695,5.8997,0.00024612,0.0403,-0.0091,-0.0126
3,3,1.7232,-0.00049098,0.0451,0.0481,NaN,NaN,-0.34558,-0.93839,5.5914,-0.00015826,NaN,NaN,NaN
3,3,1.7703,0.00010902,0.0471,0.0477,2.7399,2.7561,-0.59699,-0.80225,-0.065846,0.00022048,0.0415,-0.0226,-0.0225
3,3,1.8167,9.0164e-06,0.0464,0.0463,-2.7547,-2.7547,-0.79702,-0.60395,-1.0352,-0.00069226,0.0534,-0.0177,-0.0177
3,3,1.8628,0.00060902,0.0461,0.0467,-3.0162,-2.9518,-0.93317,-0.35943,-1.1223,-0.00079172,0.0498,-0.025,-0.0244
3,3,1.9073,0.001609,0.0445,0.0455,2.4287,2.6207,-0.99534,-0.096469,-1.9754,-0.001302,0.0417,-0.0303,-0.0287
3,3,1.952,0.004209,0.0447,0.0473,2.1857,2.8399,-0.98461,0.17474,-4.6411,-0.00066654,0.0441,-0.0273,-0.0231
3,3,2.0001,0.00040902,0.0481,0.0443,2.9819,3.0395,-0.8922,0.45164,-0.32297,-0.0014304,0.0452,-0.0233,-0.0229
3,3,2.0444,0.00020902,0.0443,0.0441,2.7623,2.7886,-0.73953,0.67313,-8.7073,-0.001543,0.0418,-0.0242,-0.024
3,3,2.087,0.003009,0.0426,0.0454,2.9652,-2.8649,-0.54207,0.84033,-3.4665,-0.00083803,0.0451,-0.0234,-0.0204
3,3,2.1331,0.001809,0.0461,0.0449,3.0189,-3.0188,-0.28798,0.95764,-5.3994,-0.0028669,0.0477,-0.0224,-0.0206
3,3,2.179,0.001109,0.0459,0.0452,2.8794,3.0146,-0.012544,0.99992,-9.4212,-0.0012602,0.0431,-0.0242,-0.0231
3,3,2.2252,0.00060902,0.0462,0.0457,-2.969,-2.8827,0.26562,0.96408,-3.9842,-0.00063891,0.0475,-0.0211,-0.0205
3,3,2.2727,-0.001191,0.0475,0.0457,-2.5906,-2.7528,0.52963,0.84823,2.3443,-0.00051148,0.0474,-0.0211,-0.0223
3,3,2.3179,0.00020902,0.0452,0.0466,2.877,2.9048,0.74027,0.67231,-0.84131,-0.00018134,0.0443,-0.0233,-0.0231
3,3,2.3661,9.0164e-06,0.0482,0.048,-2.8387,-2.8387,0.90315,0.42933,1.7415,0.00029497,0.045,-0.0194,-0.0194
3,3,2.4142,-0.00029098,0.0481,0.0478,-2.1738,-2.214,0.98865,0.15021,5.8754,0.00050632,0.0512,-0.0163,-0.0166
3,3,2.4618,-0.00049098,0.0476,0.0474,-2.4123,-2.47,0.99034,-0.13869,6.9034,0.00050271,0.0456,-0.0199,-0.0204
3,3,2.5097,-0.00019098,0.0479,0.0482,-2.359,-2.3864,0.9086,-0.41768,NaN,0.0010656,0.0397,-0.0176,-0.0178
3,3,2.6504,-0.00039098,0.0469,0.0469,-1.0372,-1.1029,0.27917,-0.96024,2.0517,7.6654e-05,0.0692,-0.0067,-0.0071
3,3,2.6994,-0.001291,0.049,0.0481,-2.9065,-2.8931,-0.015515,-0.99988,0.71343,-0.00038323,0.04,-0.0269,-0.0282
3,3,2.7444,0.001709,0.045,0.048,3.1351,-2.8634,-0.28557,-0.95836,1.1966,-0.00035323,0.0473,-0.0219,-0.0202
3,3,2.7914,0.00060902,0.047,0.0459,-3.0198,-2.9523,-0.54456,-0.83872,-3.0679,-0.0010907,0.0486,-0.0222,-0.0216
3,3,2.8382,0.001209,0.0468,0.0474,-3.1349,-2.9826,-0.75844,-0.65174,-5.222,-0.0013113,0.047,-0.024,-0.0228
3,3,2.8854,-0.00099098,0.0472,0.045,3.0095,2.8799,-0.91211,-0.40994,-8.1869,-0.00118,0.0423,-0.0238,-0.0248
3,3,2.9302,0.00080902,0.0448,0.0466,-3.1115,-2.9909,-0.98884,-0.14897,-6.7351,-0.0011367,0.0439,-0.0213,-0.0205
3,3,2.9778,0.00040902,0.0476,0.0472,-2.6086,-2.5363,-0.99016,0.13994,-8.7551,-0.001788,0.0519,-0.0176,-0.0172
3,3,3.0234,0.001909,0.0456,0.0471,-2.8712,-2.6555,-0.91385,0.40606,-3.4686,-0.00096849,0.0433,-0.0239,-0.022
3,3,3.0685,0.003509,0.0451,0.0467,2.9202,-2.8201,-0.76944,0.63872,-8.8836,-0.0020992,0.0465,-0.0221,-0.0186
3,3,3.1158,0.001709,0.0473,0.0455,-2.9162,-2.695,-0.55625,0.83101,-9.7977,-0.0021227,0.0461,-0.0213,-0.0196
3,3,3.1611,0.001409,0.0453,0.045,-2.9465,-2.7438,-0.30882,0.95112,-5.8415,-0.0014528,0.047,-0.0221,-0.0207
3,3,3.208,0.00090902,0.0469,0.0464,-3.1096,-2.9929,-0.028292,0.9996,-11.185,-0.0022602,0.0445,-0.0222,-0.0213
3,3,3.2547,0.00090902,0.0467,0.0467,-2.7618,-2.6367,0.25335,0.96737,-5.2469,-0.00060479,0.0446,-0.02,-0.0191
3,3,3.3008,0.00060902,0.0461,0.0458,-2.6088,-2.5229,0.5115,0.85928,-3.7682,-0.0011923,0.0516,-0.0185,-0.0179
3,3,3.3489,0.00040902,0.0481,0.0479,-2.747,-2.7004,0.73786,0.67495,-2.6167,0.00010095,0.043,-0.022,-0.0216
3,3,3.3959,-0.00039098,0.047,0.0462,-2.7836,-2.8436,0.89842,0.43913,-4.0211,-0.0011609,0.0529,-0.018,-0.0184
3,3,3.443,0.00040902,0.0471,0.0479,-2.7381,-2.6972,0.98596,0.16697,-1.8065,-0.00022327,0.0423,-0.0238,-0.0234
3,3,3.4912,-9.0984e-05,0.0482,0.0477,-2.6466,-2.6619,0.99209,-0.12549,0.0092491,0.00011803,0.0427,-0.0179,-0.018
3,3,3.5394,-0.00029098,0.0482,0.048,-1.7748,-1.8196,0.91333,-0.40721,3.0261,0.00030742,0.0423,-0.0124,-0.0127
3,3,3.5878,-0.00069098,0.0484,0.048,-1.0659,-1.1855,0.75562,-0.65501,1.2707,1.6989e-05,0.063,-0.0063,-0.007
3,3,3.6355,-0.00019098,0.0477,0.0482,-2.4557,-2.4687,0.53632,-0.84401,3.6441,0.00069852,0.0392,-0.0216,-0.0218
3,3,3.6842,-0.00039098,0.0487,0.0485,-1.9443,-2.0112,0.2662,-0.96392,3.9759,-0.00036346,0.0596,-0.0121,-0.0125
3,3,3.7323,0.00080902,0.0481,0.0493,-2.9988,-2.9083,-0.023517,-0.99972,-0.67483,2.5474e-05,0.0417,-0.0236,-0.0228
3,3,3.7796,0.00090902,0.0473,0.0474,-2.7198,-2.5717,-0.3066,-0.95184,-1.7982,-0.0011221,0.0521,-0.018,-0.0171
3,3,3.8273,0.001009,0.0477,0.0478,-2.9933,-2.8793,-0.56641,-0.82412,-9.301,-0.0015023,0.0464,-0.0224,-0.0214
3,3,3.8748,0.00040902,0.0475,0.0469,-2.7784,-2.7263,-0.77799,-0.62828,-7.7429,-0.0011259,0.0467,-0.0213,-0.0209
3,3,3.921,0.001209,0.0462,0.047,-2.9116,-2.7498,-0.92186,-0.38752,-4.9862,-0.0015819,0.0452,-0.0218,-0.0206
3,3,3.9666,0.001509,0.0456,0.0459,-3.015,-2.8014,-0.99278,-0.11991,-7.4505,-0.0011206,0.0508,-0.0214,-0.0199
3,3,4.0136,0.001109,0.047,0.0466,-3.1214,-2.9954,-0.98624,0.1653,-4.9611,-0.0024248,0.0444,-0.0252,-0.0241
3,3,4.0617,-0.00049098,0.0481,0.0465,-3.0357,-3.1061,-0.89648,0.44308,-7.8404,-0.0005214,0.0442,-0.0215,-0.022
3,3,4.1068,0.00040902,0.0451,0.046,-2.9102,-2.8527,-0.74268,0.66964,-5.7475,-0.00096073,0.0461,-0.0206,-0.0202
3,3,4.155,0.00030902,0.0482,0.0481,-2.5397,-2.4986,-0.51713,0.85591,-5.4911,-0.00046975,0.0504,-0.0185,-0.0182
3,3,4.2032,-9.0984e-05,0.0482,0.0478,-2.5106,-2.5225,-0.24732,0.96893,-1.3402,-0.00040438,0.0429,-0.0207,-0.0208
3,3,4.2511,-0.00029098,0.0479,0.0477,-2.285,-2.3306,0.041822,0.99913,0.63346,-8.4548e-06,0.0536,-0.0157,-0.016
3,3,4.2999,-0.00019098,0.0488,0.0489,-2.1251,-2.1576,0.33261,0.94307,3.0326,0.00028848,0.0455,-0.0205,-0.0207
3,3,4.3464,-0.00019098,0.0465,0.0465,-2.8956,-2.9391,0.5829,0.81255,2.5472,0.00032632,0.0444,-0.0195,-0.0197
3,3,4.3939,9.0164e-06,0.0475,0.0477,-2.2347,-2.2347,0.79048,0.61248,5.145,0.00033673,0.0497,-0.0164,-0.0164
3,3,4.442,-0.00039098,0.0481,0.0477,-2.3696,-2.4194,0.93368,0.3581,4.6675,0.0005974,0.0471,-0.018,-0.0184
3,3,4.4897,-0.00029098,0.0477,0.0478,-2.0981,-2.1364,0.99714,0.075625,4.5868,0.0007394,0.0452,-0.0174,-0.0177
3,3,4.5361,-0.00039098,0.0464,0.0463,-2.3443,-2.4023,0.97867,-0.20544,5.0337,0.00077798,0.0391,-0.0162,-0.0166
3,3,4.5835,-0.00029098,0.0474,0.0475,-1.334,-1.3861,0.87967,-0.47558,3.5643,0.00053896,0.0636,-0.0079,-0.0082
3,3,4.6312,-0.001191,0.0477,0.0468,-2.9886,-3.0541,0.70657,-0.70764,3.5557,0.00020383,0.0406,-0.0238,-0.025
3,3,4.6776,-0.00039098,0.0464,0.0472,-2.4676,-2.5284,0.48121,-0.87661,1.2199,0.00024879,0.0519,-0.018,-0.0184
3,3,4.7252,0.00050902,0.0476,0.0485,-2.754,-2.6956,0.21052,-0.97759,-0.33545,-0.00061085,0.0446,-0.0223,-0.0218
3,3,4.7716,0.001209,0.0464,0.0471,-2.8741,-2.6996,-0.070445,-0.99752,-2.5065,-0.00094314,0.0491,-0.0205,-0.0193
3,3,4.8196,0.00040902,0.048,0.0472,-2.8231,-2.7731,-0.35495,-0.93488,-6.7973,-0.00092727,0.0471,-0.0216,-0.0212
3,3,4.8674,0.00090902,0.0478,0.0483,-2.7475,-2.642,-0.60837,-0.79366,-5.2292,-0.00091379,0.0471,-0.0209,-0.02
3,3,4.9144,0.00090902,0.047,0.047,-2.7924,-2.672,-0.80772,-0.58957,-6.5375,-0.0011115,0.0452,-0.021,-0.0201
3,3,4.961,0.001209,0.0466,0.0469,-2.7843,-2.6139,-0.9405,-0.33979,-7.8784,-0.0016191,0.0482,-0.0196,-0.0184
3,3,5.0081,0.00070902,0.0471,0.0466,-2.6561,-2.5667,-0.99821,-0.059783,-6.0291,-0.0013956,0.0474,-0.0207,-0.02
3,3,5.0547,0.001009,0.0466,0.0469,-2.8595,-2.7264,-0.97501,0.22214,-7.5842,-0.0014009,0.0461,-0.0215,-0.0205
3,3,5.1016,0.001109,0.0469,0.047,-2.8776,-2.7399,-0.8729,0.48789,-8.4921,-0.0016186,0.0461,-0.0207,-0.0196
3,3,5.1498,-0.00039098,0.0482,0.0467,-2.5535,-2.6077,-0.69437,0.71962,-9.6036,-0.0013901,0.0475,-0.0186,-0.019
3,3,5.1951,0.00040902,0.0453,0.0461,-2.7834,-2.7316,-0.47207,0.88156,-9.263,-0.0011298,0.0466,-0.0208,-0.0204
3,3,5.2419,0.001609,0.0468,0.048,-2.6447,-2.4288,-0.20512,0.97874,-2.527,-0.0015558,0.0479,-0.0206,-0.019
3,3,5.29,0.00070902,0.0481,0.0472,-2.7684,-2.6736,0.086274,0.99627,-5.3051,-0.00061625,0.0468,-0.0204,-0.0197
3,3,5.3387,0.00030902,0.0487,0.0483,-2.5126,-2.472,0.37371,0.92755,-1.6256,-0.00025467,0.0512,-0.0185,-0.0182
3,3,5.388,9.0164e-06,0.0493,0.049,-2.5689,-2.5689,0.63134,0.77551,-2.4644,-0.00020127,0.0449,-0.0204,-0.0204
3,3,5.436,-0.00019098,0.048,0.0478,NaN,NaN,0.82806,0.56064,1.4417,0.0001258,NaN,NaN,NaN
3,3,5.4848,-0.00029098,0.0488,0.0487,NaN,NaN,0.95595,0.29354,2.1878,0.00011017,NaN,NaN,NaN
3,3,5.5323,-0.00019098,0.0475,0.0476,2.5611,2.5169,0.99996,0.0086132,-1.2404,0.0002727,0.043,-0.0177,-0.0179
3,3,5.5806,-0.00039098,0.0483,0.0481,-1.9364,-1.9963,0.9595,-0.28171,NaN,0.00051757,0.0367,-0.0124,-0.0128
3,3,5.7242,-0.00089098,0.049,0.0482,-2.0313,-2.1648,0.39915,-0.91689,3.1059,-0.00044685,0.0578,-0.0139,-0.0148
3,3,5.7708,0.00030902,0.0466,0.0478,-2.6846,-2.6609,0.12641,-0.99198,0.85423,-0.00024794,0.0437,-0.0251,-0.0248
3,3,5.8205,0.00030902,0.0497,0.0497,-2.7115,-2.6661,-0.17505,-0.98456,-1.8496,-0.0005294,0.0487,-0.0191,-0.0188
3,3,5.8671,0.001609,0.0466,0.0479,-2.859,-2.6696,-0.44376,-0.89615,-8.9746,-0.0010928,0.0473,-0.0212,-0.0196
3,4,5.1602,-0.00067327,0.0466,0.0469,-1.4511,-1.4627,-0.52306,-0.85229,2.0845,-0.00023312,0.0496,-0.0154,-0.0155
3,4,5.2083,-0.00087327,0.0481,0.0479,-2.4202,-2.4621,-0.74473,-0.66737,-0.10184,0.00016922,0.0441,-0.0169,-0.0172
3,4,5.2566,-0.00067327,0.0483,0.0485,NaN,NaN,-0.90485,-0.42574,3.9826,-4.5781e-05,NaN,NaN,NaN
3,4,5.304,-0.00037327,0.0474,0.0477,0.50476,0.59083,-0.98812,-0.15369,-0.73769,-0.00033961,0.0413,-0.025,-0.0248
3,4,5.352,-0.00027327,0.048,0.0481,-2.5611,-2.5317,-0.99093,0.13437,0.8511,-0.00010888,0.0479,-0.0183,-0.018
3,4,5.3996,-0.00047327,0.0476,0.0474,-2.4285,-2.4153,-0.91249,0.40909,-0.43419,-0.00072602,0.0505,-0.0186,-0.0185
3,4,5.4459,0.00022673,0.0463,0.047,-2.8427,-2.7443,-0.76465,0.64445,4.5745,-0.00084773,0.0492,-0.0228,-0.022
3,4,5.4929,0.00052673,0.047,0.0473,3.0414,-3.1024,-0.55423,0.83237,2.1374,-0.00026255,0.0454,-0.025,-0.0239
3,4,5.5411,-7.3267e-05,0.0482,0.0476,-3.1186,-3.0486,-0.29279,0.95618,2.997,-0.0004414,0.0475,-0.0222,-0.0217
3,4,5.589,-0.00017327,0.0479,0.0478,-2.8541,-2.8018,-0.0086591,0.99996,3.747,0.00015157,0.0483,-0.0218,-0.0214
3,4,5.6366,-7.3267e-05,0.0476,0.0477,-2.9409,-2.8639,0.27445,0.9616,4.4412,-7.5527e-06,0.0441,-0.0225,-0.022
3,4,5.6846,-0.00087327,0.048,0.0472,-2.5288,-2.5743,0.53719,0.84346,6.3143,3.817e-05,0.0495,-0.0186,-0.0189
3,4,5.7327,-0.00057327,0.0481,0.0484,-2.7528,-2.7528,0.75574,0.65487,4.1274,0.00048366,0.0558,-0.02,-0.02
3,4,5.7806,-0.00087327,0.0479,0.0476,-2.6474,-2.682,0.91082,0.4128,5.8609,1.4753e-05,0.0425,-0.0279,-0.0282
3,4,5.8279,-0.00037327,0.0473,0.0478,2.9668,2.997,0.99012,0.14019,4.943,0.000379,0.041,-0.0231,-0.0229
3,4,5.8749,-0.00077327,0.047,0.0466,-2.5744,-2.6066,0.98988,-0.14193,4.2589,3.0569e-05,0.0493,-0.0171,-0.0173
3,4,5.9232,-0.00077327,0.0483,0.0483,-2.3841,-2.3965,0.90759,-0.41987,2.0531,7.1912e-05,0.0487,-0.0181,-0.0183
3,4,5.9711,-0.00027327,0.0479,0.0484,-2.3446,-2.3067,0.75063,-0.66072,4.7469,0.00031459,0.0456,-0.0189,-0.0186
3,4,6.0184,-0.00037327,0.0473,0.0472,-2.5477,-2.5181,0.53469,-0.84505,-0.16962,-2.2214e-05,0.0563,-0.0172,-0.017
3,4,6.0675,-0.00017327,0.0491,0.0493,-2.7116,-2.6732,0.26522,-0.96419,1.4641,-0.00065267,0.0442,-0.0244,-0.024
3,4,6.1156,2.6733e-05,0.0481,0.0483,-2.8533,-2.7666,-0.021251,-0.99977,-0.4703,-0.00019175,0.0482,-0.0205,-0.0199
3,4,6.164,0.00012673,0.0484,0.0485,-2.5841,-2.4933,-0.30767,-0.95149,-0.78437,-0.0006981,0.0487,-0.0203,-0.0196
3,4,6.2118,0.00012673,0.0478,0.0478,-2.7928,-2.7018,-0.56516,-0.82498,-1.3526,-0.00052287,0.0464,-0.0212,-0.0205
3,4,6.2607,-0.00017327,0.0489,0.0486,-2.5039,-2.449,-0.78029,-0.62542,-1.5293,-0.00075016,0.0473,-0.0187,-0.0183
3,4,6.3082,-0.00027327,0.0475,0.0474,-2.6135,-2.5736,-0.92507,-0.37981,-7.2862,-0.0011137,0.0481,-0.0185,-0.0182
3,4,6.3563,2.6733e-05,0.0481,0.0484,-2.3618,-2.2873,-0.99501,-0.099736,-6.2457,-0.00099616,0.0459,-0.0185,-0.0179
3,4,6.4035,0.00032673,0.0472,0.0475,-2.3388,-2.215,-0.98305,0.18332,-6.3169,-0.001387,0.0452,-0.0172,-0.0163
3,4,6.4505,2.6733e-05,0.047,0.0467,-2.1695,-2.0844,-0.89273,0.45059,-8.0194,-0.0018502,0.0465,-0.0154,-0.0148
3,4,6.4976,0.00062673,0.0471,0.0477,-1.9658,-1.8036,-0.73094,0.68244,-9.0628,-0.0020819,0.0503,-0.0148,-0.0136
3,4,6.5442,0.00042673,0.0466,0.0464,-2.4131,-2.2886,-0.51332,0.8582,-10.024,-0.0015663,0.0458,-0.0185,-0.0175
3,4,6.5909,0.00052673,0.0467,0.0468,-2.3711,-2.2196,-0.25495,0.96695,-9.4561,-0.0020007,0.0491,-0.0176,-0.0165
3,4,6.6378,0.00052673,0.0469,0.0469,-2.6169,-2.477,0.024663,0.9997,-8.5752,-0.0010955,0.0451,-0.0198,-0.0187
3,4,6.6856,0.00072673,0.0478,0.048,-2.3758,-2.1933,0.30748,0.95155,-3.754,-0.0010553,0.0516,-0.0171,-0.0158
3,4,6.7335,0.00012673,0.0479,0.0473,-2.3794,-2.2998,0.56549,0.82475,-3.4831,-4.9144e-05,0.0473,-0.0208,-0.0201
3,4,6.7831,0.00022673,0.0496,0.0497,-2.6176,-2.5066,0.78317,0.62181,-3.4655,-0.00077086,0.0511,-0.0185,-0.0177
3,4,6.8314,-0.00017327,0.0483,0.0479,-2.6736,-2.6275,0.92861,0.37106,-3.4042,-0.00081967,0.0475,-0.0213,-0.0209
3,4,6.8808,2.6733e-05,0.0494,0.0496,-2.4528,-2.3757,0.99659,0.082544,1.7156,1.0285e-06,0.0482,-0.0194,-0.0188
3,4,6.9289,-0.00037327,0.0481,0.0477,-2.5078,-2.4806,0.97864,-0.20557,-0.9403,-0.00033145,0.0497,-0.0195,-0.0193
3,4,6.9782,-0.00017327,0.0493,0.0495,-2.6354,-2.583,0.87568,-0.4829,0.1284,-0.00013831,0.0459,-0.0199,-0.0195
3,4,7.0262,-0.00027327,0.048,0.0479,-2.521,-2.479,0.70168,-0.7125,-1.3045,-0.0004227,0.0536,-0.0178,-0.0175
3,4,7.0756,-0.00037327,0.0494,0.0493,-2.6451,-2.6231,0.46198,-0.88689,-2.0369,1.9201e-05,0.0462,-0.022,-0.0218
3,4,7.1256,-0.00037327,0.05,0.05,-2.4824,-2.4552,0.17814,-0.984,-1.8095,-0.0006995,0.0483,-0.0182,-0.018
3,4,7.1731,0.00022673,0.0475,0.0481,-2.2992,-2.1968,-0.10677,-0.99428,-0.87392,-0.00072766,0.0493,-0.019,-0.0182
3,4,7.2218,-0.00027327,0.0487,0.0482,-2.6911,-2.6512,-0.38967,-0.92095,-7.1099,-0.00090467,0.0484,-0.0196,-0.0193
3,4,7.2706,-7.3267e-05,0.0488,0.049,-2.4607,-2.3972,-0.63975,-0.76858,-2.856,-0.00072925,0.045,-0.0192,-0.0187
3,4,7.3181,2.6733e-05,0.0475,0.0476,-2.3804,-2.2945,-0.83064,-0.55681,-5.3175,-0.00042053,0.047,-0.0167,-0.0161
3,4,7.3674,-7.3267e-05,0.0493,0.0492,-1.8175,-1.7507,-0.9572,-0.28943,-3.1201,-0.0014607,0.0525,-0.0144,-0.0139
3,4,7.4141,0.00042673,0.0467,0.0472,-2.7322,-2.6062,-0.99992,-0.012374,-7.6392,-0.00076443,0.0448,-0.0202,-0.0192
3,4,7.4622,-7.3267e-05,0.0481,0.0476,-2.2788,-2.2094,-0.96179,0.27377,-2.7567,-0.0011342,0.0503,-0.0169,-0.0164
3,4,7.5092,0.00032673,0.047,0.0474,-2.5306,-2.4194,-0.84706,0.5315,-3.5628,-0.0010406,0.0462,-0.0202,-0.0193
3,4,7.5559,0.00022673,0.0467,0.0466,-2.8243,-2.7137,-0.66625,0.74573,-5.9901,-0.002301,0.0469,-0.0197,-0.0189
3,4,7.6021,0.00092673,0.0462,0.0469,-2.7679,-2.5737,-0.43579,0.90005,-11.975,-0.00098571,0.046,-0.0204,-0.0189
3,4,7.6507,0.00062673,0.0486,0.0483,-2.3438,-2.1824,-0.15756,0.98751,-2.9135,-0.0010007,0.0496,-0.0178,-0.0166
3,4,7.6986,0.00092673,0.0479,0.0482,-2.4542,-2.2644,0.12989,0.99153,-5.012,-0.0012589,0.0489,-0.0195,-0.018
3,4,7.7474,0.00072673,0.0488,0.0486,-2.6057,-2.4372,0.41156,0.91138,-6.5002,-0.0010276,0.0473,-0.0196,-0.0183
3,4,7.7957,-0.00017327,0.0483,0.0474,-2.4513,-2.3986,0.65566,0.75506,-3.4336,-0.00025144,0.0463,-0.0186,-0.0182
3,4,7.8447,-0.00037327,0.049,0.0488,-2.1704,-2.1429,0.84692,0.53172,-0.83738,-0.00035137,0.0514,-0.0159,-0.0157
3,4,7.8926,-0.00027327,0.0479,0.048,-2.2474,-2.2121,0.9632,0.2688,0.38821,-0.00044132,0.0492,-0.0194,-0.0191
3,4,7.9408,-0.00027327,0.0482,0.0482,-2.7142,-2.675,0.99984,-0.018139,-0.15839,-0.00024116,0.0458,-0.0204,-0.0201
3,4,7.9892,-0.00027327,0.0484,0.0484,-2.4654,-2.4236,0.95245,-0.30471,-1.3278,-7.3694e-05,0.0531,-0.0178,-0.0175
3,4,8.0374,-0.00027327,0.0482,0.0482,-2.532,-2.5099,0.82538,-0.56458,-0.46775,-0.00065291,0.047,-0.0227,-0.0224
3,4,8.0855,0.00022673,0.0481,0.0486,-2.93,-2.8217,0.62971,-0.77683,-1.3758,-0.00074019,0.0446,-0.0216,-0.0208
3,4,8.1341,-7.3267e-05,0.0486,0.0483,-2.427,-2.3553,0.37879,-0.92548,-1.7337,-0.0005571,0.0504,-0.0176,-0.0171
3,4,8.1829,0.00012673,0.0488,0.049,-2.3728,-2.2867,0.094442,-0.99553,-1.2933,-0.00023324,0.0502,-0.0192,-0.0185
3,4,8.2316,0.00032673,0.0487,0.0489,-2.6519,-2.5394,-0.19741,-0.98032,-3.1148,-0.00047584,0.0465,-0.0207,-0.0198
3,4,8.2805,0.00022673,0.0489,0.0488,-2.5171,-2.4079,-0.47347,-0.88081,-4.4027,-0.0006858,0.0478,-0.0183,-0.0175
3,4,8.3287,0.00072673,0.0482,0.0487,-2.2986,-2.1313,-0.70577,-0.70844,-2.3622,-0.00068395,0.049,-0.0179,-0.0166
3,4,8.3774,0.00022673,0.0487,0.0482,-2.37,-2.2675,-0.88045,-0.47414,-3.9211,-0.00052236,0.0475,-0.0182,-0.0174
3,4,8.426,0.00022673,0.0486,0.0486,-2.2192,-2.1127,-0.97981,-0.19993,-3.1138,-0.0010517,0.05,-0.0171,-0.0163
3,4,8.4737,0.00062673,0.0477,0.0481,-2.5187,-2.3555,-0.9963,0.085888,-5.5956,-0.0010863,0.0474,-0.0194,-0.0182
3,4,8.5224,0.00032673,0.0487,0.0484,-2.4141,-2.2949,-0.92893,0.37027,-4.4795,-0.00063175,0.0472,-0.0181,-0.0172
3,4,8.5697,0.00012673,0.0473,0.0471,-2.3988,-2.2916,-0.78743,0.6164,-4.1275,-0.0014526,0.0487,-0.018,-0.0173
3,4,8.6166,0.00052673,0.0469,0.0473,-2.6168,-2.4883,-0.58443,0.81145,-5.5083,-0.0012274,0.0468,-0.0198,-0.0187
3,4,8.6638,0.00022673,0.0472,0.0469,-2.5579,-2.4512,-0.3334,0.94279,-3.1098,-0.0012222,0.0473,-0.0194,-0.0186
3,4,8.7118,-7.3267e-05,0.048,0.0477,-2.4905,-2.4237,-0.050797,0.99871,-3.9459,-0.00088379,0.0468,-0.0187,-0.0182
3,4,8.7597,0.00012673,0.0479,0.0481,-2.3821,-2.2876,0.23543,0.97189,-4.6809,-0.0011472,0.0487,-0.0176,-0.0169
3,4,8.808,2.6733e-05,0.0483,0.0482,-2.2627,-2.1859,0.50429,0.86354,-3.5975,-0.00053224,0.0503,-0.018,-0.0174
3,4,8.857,0.00022673,0.049,0.0492,-2.5088,-2.4216,0.73364,0.67954,-4.6099,-0.00092585,0.0481,-0.0193,-0.0185
3,4,8.905,-0.00037327,0.048,0.0474,-2.483,-2.4573,0.89692,0.4422,-2.1336,-0.00050908,0.0484,-0.0194,-0.0192
3,4,8.9544,-7.3267e-05,0.0494,0.0497,-2.3946,-2.3299,0.98714,0.15984,-3.3647,-0.00039551,0.0474,-0.0184,-0.0179
3,4,9.0032,-0.00087327,0.0488,0.048,-2.2296,-2.2695,0.99112,-0.13298,-2.3968,-0.00031926,0.0485,-0.017,-0.0173
3,4,9.0511,-7.3267e-05,0.0479,0.0487,-2.2963,-2.2307,0.91233,-0.40945,-3.4468,-0.00071636,0.0492,-0.0176,-0.0171
3,4,9.1003,-0.00047327,0.0492,0.0488,-2.2838,-2.2709,0.75301,-0.65801,-2.7752,-0.00056941,0.0499,-0.0176,-0.0175
3,4,9.1488,-0.00017327,0.0485,0.0488,-2.3976,-2.3481,0.53164,-0.84697,-3.8007,-0.00046936,0.0479,-0.019,-0.0186
3,4,9.1976,0.00022673,0.0488,0.0492,-2.4177,-2.3123,0.26348,-0.96466,-2.792,-0.00043949,0.0492,-0.0181,-0.0173
3,4,9.2462,0.00012673,0.0486,0.0485,-2.3351,-2.2488,-0.026066,-0.99966,-4.3671,-0.00067591,0.0458,-0.0187,-0.018
3,4,9.2943,0.00012673,0.0481,0.0481,-2.2921,-2.1948,-0.31054,-0.95056,-3.8194,-0.00076488,0.054,-0.0164,-0.0157
3,4,9.3424,0.00052673,0.0481,0.0485,-2.1838,-2.0657,-0.56913,-0.82225,-0.23651,-0.00063066,0.0441,-0.0223,-0.0212
3,4,9.3909,0.00042673,0.0485,0.0484,-2.7454,-2.591,-0.7818,-0.62353,-5.6283,-0.00030391,0.0449,-0.0179,-0.0169
3,4,9.4399,-0.00017327,0.049,0.0484,-1.8566,-1.8,-0.92935,-0.3692,-1.0532,-0.0012097,0.0534,-0.0138,-0.0134
3,4,9.4878,0.00072673,0.0479,0.0488,-2.6964,-2.5237,-0.99598,-0.089546,-5.9008,-0.00034916,0.0486,-0.0193,-0.018
3,4,9.537,0.00042673,0.0492,0.0489,-2.1551,-2.0302,-0.97872,0.20518,1.3564,-0.00044336,0.0483,-0.0187,-0.0177
3,4,9.5854,0.0011267,0.0484,0.0491,-2.7511,-2.5088,-0.87847,0.47779,-8.35,-0.00091279,0.0449,-0.0186,-0.0169
3,4,9.6345,2.6733e-05,0.0491,0.048,-1.8834,-1.7881,-0.7011,0.71306,-3.7765,-0.00071427,0.0546,-0.0144,-0.0138
3,4,9.6833,0.00042673,0.0488,0.0492,-2.6033,-2.4747,-0.46448,0.88559,-7.7019,-0.0010397,0.0451,-0.0202,-0.0192
3,4,9.7323,-0.00037327,0.049,0.0482,-2.2987,-2.2704,-0.18683,0.98239,-2.9946,-0.00038031,0.0475,-0.0163,-0.0161
3,4,9.7821,-0.00027327,0.0498,0.0499,-1.85,-1.8109,0.11176,0.99374,-5.2878,-0.00098918,0.0534,-0.014,-0.0137
3,4,9.8308,2.6733e-05,0.0487,0.049,-2.2356,-2.168,0.39429,0.91899,-4.2214,-0.00056497,0.0471,-0.0187,-0.0181
