2,1,3.7119,0.0025658,0.0496,0.0523,-2.3899,-2.7144,-0.97923,0.20277,-1.5655,0.00018096,0.0556,-0.0178,-0.0201
2,1,3.764,0.00086583,0.0521,0.0504,-2.3004,-2.7265,-0.86735,0.4977,4.5441,5.1024e-05,0.0463,-0.0213,-0.0253
2,1,3.8129,0.0025658,0.0489,0.0506,-2.7244,-3.0528,-0.6835,0.72995,-3.119,3.8358e-05,0.0549,-0.0187,-0.021
2,1,3.8642,0.0023658,0.0513,0.0511,-2.1581,-2.4351,-0.42653,0.90447,NaN,6.4974e-05,0.0486,-0.0223,-0.0248
2,1,4.0175,-0.00073417,0.0512,0.0518,-2.6391,3.0398,0.47184,0.88168,-0.77388,-7.5163e-05,0.0474,-0.0219,-0.0275
2,1,4.0673,-0.00093417,0.0498,0.0496,-2.14,-2.8941,0.71327,0.70089,2.0916,0.00032341,0.0561,-0.0195,-0.0253
2,1,4.1168,-0.00063417,0.0495,0.0498,-2.9659,2.7032,0.88897,0.45796,1.7416,-0.00010911,0.0494,-0.0261,-0.0316
2,1,4.1691,-0.0010342,0.0523,0.0519,3.0829,2.3376,0.98759,0.15707,-3.0719,-0.00025288,0.0463,-0.0232,-0.0291
2,1,4.2191,-3.4167e-05,0.05,0.051,-2.5493,3.0662,0.98932,-0.14575,-1.3204,-9.8305e-06,0.05,-0.0195,-0.0244
2,1,4.2703,6.5833e-05,0.0512,0.0513,-2.3798,-2.979,0.89714,-0.44176,-2.5678,-0.00018092,0.0507,-0.0183,-0.0231
2,1,4.3214,-0.00013417,0.0511,0.0509,-2.0801,-2.6892,0.71914,-0.69487,-1.3455,-0.00012825,0.0545,-0.0179,-0.0229
2,1,4.3723,0.00016583,0.0509,0.0512,-2.5326,-3.0792,0.47336,-0.88087,1.09,-0.0001547,0.0548,-0.0215,-0.0262
2,1,4.424,-0.00053417,0.0517,0.051,-2.8886,2.8008,0.17783,-0.98406,0.64138,-0.00016612,0.0476,-0.0246,-0.03
2,1,4.4739,0.00016583,0.0499,0.0506,-2.9429,2.7011,-0.12428,-0.99225,-2.1084,0.00023231,0.0549,-0.0223,-0.027
2,1,4.5268,-0.00073417,0.0529,0.052,-2.8551,2.8258,-0.43156,-0.90208,1.0826,4.1667e-05,0.054,-0.0243,-0.0299
2,1,4.5752,-3.4167e-05,0.0484,0.0491,2.9141,2.3212,-0.67465,-0.73814,-2.4284,-0.00032919,0.0452,-0.0299,-0.0348
2,1,4.629,-0.0010342,0.0538,0.0528,3.015,2.2099,-0.87604,-0.48224,NaN,-0.00045849,0.0472,-0.0213,-0.0272
2,1,4.7819,-0.00023417,0.0518,0.0517,-2.3482,-3.1099,-0.91047,0.41358,0.10456,0.00010393,0.0547,-0.0167,-0.0218
2,1,4.8316,0.0022658,0.0497,0.0522,-2.4431,-2.7252,-0.74614,0.66579,-0.65323,-9.8e-05,0.0523,-0.0217,-0.0243
2,1,4.8825,-0.00043417,0.0509,0.0482,-2.7101,2.9466,-0.50793,0.8614,2.1961,0.00013289,0.0466,-0.0231,-0.0284
2,1,4.9317,-0.00093417,0.0492,0.0487,-2.8159,2.6458,-0.23154,0.97283,-0.40912,3.5777e-05,0.0499,-0.0205,-0.0263
2,1,4.9815,-0.0013342,0.0498,0.0494,-2.572,2.9414,0.069064,0.99761,-1.0269,0.00015456,0.0518,-0.0206,-0.0268
2,1,5.0313,0.0019658,0.0498,0.0531,-2.8039,3.1305,0.36338,0.93164,1.4267,-1.1756e-05,0.0479,-0.0226,-0.0255
2,1,5.0801,-0.0022342,0.0488,0.0446,-2.8798,2.4647,0.61988,0.7847,1.9947,8.6522e-05,0.0484,-0.0217,-0.0288
2,1,5.1268,-0.00023417,0.0467,0.0487,-3.052,2.572,0.81487,0.57964,-1.0279,0.00024444,0.0524,-0.0234,-0.0285
2,1,5.177,-0.0035342,0.0502,0.0469,-3.0315,2.2819,0.95139,0.30799,1.8779,0.00028823,0.0485,-0.0256,-0.034
2,1,5.2262,-0.0012342,0.0492,0.0515,3.0929,2.2704,0.9999,0.01395,5.2344,0.00048707,0.0448,-0.0249,-0.031
2,1,5.2736,-0.0017342,0.0474,0.0469,2.7611,1.9248,0.96263,-0.27081,-6.1038,-0.0002529,0.0491,-0.0223,-0.0289
2,1,5.3223,-0.0026342,0.0487,0.0478,-2.6187,2.7551,0.84173,-0.5399,3.1985,0.00060914,0.0504,-0.0227,-0.0302
2,1,5.3715,-0.0024342,0.0492,0.0494,-3.0482,2.3023,0.64525,-0.76397,3.7361,0.00042597,0.0503,-0.0239,-0.0312
2,1,5.4199,-0.0032342,0.0484,0.0476,3.0051,2.0087,0.39594,-0.91828,-0.74272,-0.00037837,0.046,-0.0258,-0.0339
2,1,5.4706,0.00016583,0.0507,0.0541,-3.0327,2.6305,0.098683,-0.99512,-3.2881,4.9874e-07,0.0463,-0.0211,-0.0258
2,1,5.5194,-3.4167e-05,0.0488,0.0486,-2.2998,-2.944,-0.19656,-0.98049,2.682,0.0002842,0.0505,-0.0186,-0.0235
2,1,5.5691,-0.0040342,0.0497,0.0457,-2.4653,2.6929,-0.47944,-0.87757,1.5926,0.00051468,0.0503,-0.0194,-0.0283
2,1,5.6176,-0.0019342,0.0485,0.0506,-2.675,2.7578,-0.71378,-0.70037,-0.058111,-8.9883e-05,0.0546,-0.0212,-0.028
2,1,5.6696,-0.0015342,0.052,0.0524,-2.7463,2.8254,-0.89616,-0.44373,3.4465,0.00022533,0.049,-0.0238,-0.0302
2,1,5.7178,0.00036583,0.0482,0.0501,3.0827,2.4973,-0.98614,-0.16594,-0.60766,0.00013976,0.0458,-0.0246,-0.0291
2,1,5.7685,-0.00033417,0.0507,0.05,-2.8061,2.7598,-0.99,0.14106,-1.1913,-0.00014491,0.0475,-0.0197,-0.0249
2,1,5.8167,0.0030658,0.0482,0.0516,-2.4285,-2.6632,-0.90705,0.42103,-0.76278,0.00029222,0.0524,-0.019,-0.0208
2,1,5.8673,-0.00053417,0.0506,0.047,-2.4689,-3.1083,-0.73697,0.67592,3.3349,0.00017164,0.0483,-0.0208,-0.0262
2,1,5.9153,-0.00063417,0.048,0.0479,-2.8467,2.7129,-0.51135,0.85937,-0.49986,8.5371e-05,0.0514,-0.0211,-0.0266
2,1,5.9645,-0.0036342,0.0492,0.0462,-2.7706,2.4992,-0.23539,0.9719,3.1654,0.00036595,0.0476,-0.0233,-0.0318
2,1,6.0135,-0.00073417,0.049,0.0519,-3.0201,2.5356,0.060249,0.99818,-0.50909,0.00013366,0.05,-0.0219,-0.0275
2,1,6.0627,-0.0018342,0.0492,0.0481,-2.7573,2.7074,0.35172,0.9361,2.2142,0.00040638,0.0461,-0.0227,-0.0294
2,1,6.1107,-0.0029342,0.048,0.0469,-2.809,2.3788,0.60617,0.79533,3.9682,0.00056549,0.0502,-0.0208,-0.0286
2,1,6.1591,-0.0012342,0.0484,0.0501,-2.8852,2.6454,0.81079,0.58533,2.0052,0.00022018,0.0516,-0.0226,-0.0287
2,1,6.2074,0.0062658,0.0483,0.0558,3.1324,-2.9854,0.94551,0.32559,3.0732,0.00042558,0.0468,-0.0259,-0.0245
2,1,6.2548,-0.00053417,0.0474,0.0406,2.8388,2.0957,0.99906,0.043441,0.30411,0.00041602,0.0492,-0.0253,-0.0307
2,1,6.302,-0.0014342,0.0472,0.0463,2.8299,2.0432,0.9705,-0.24111,-0.71968,9.2651e-05,0.0472,-0.0273,-0.0336
2,1,6.3521,-0.00063417,0.0501,0.0509,3.061,2.3008,0.85351,-0.52107,0.97509,0.00039542,0.0443,-0.0244,-0.0299
2,1,6.401,-0.00013417,0.0489,0.0494,-2.9474,2.6135,0.66342,-0.74824,-1.1868,0.00021971,0.0548,-0.0198,-0.0248
2,1,6.4489,0.0022658,0.0479,0.0503,-2.911,3.0908,0.42065,-0.90722,1.6314,-8.2598e-05,0.0461,-0.0267,-0.0293
2,1,6.4992,-0.0026342,0.0503,0.0454,3.0733,2.0636,0.128,-0.99177,-2.0754,0.00024767,0.0477,-0.0225,-0.03
2,1,6.549,6.5833e-05,0.0498,0.0525,-2.1891,-2.7943,-0.17354,-0.98483,6.127,0.0004511,0.057,-0.0204,-0.0252
2,1,6.5984,-0.0018342,0.0494,0.0475,2.9541,2.2273,-0.45713,-0.8894,-0.43486,3.124e-06,0.0516,-0.028,-0.0347
2,1,6.6508,-0.00023417,0.0524,0.054,2.8804,2.2894,-0.71271,-0.70146,-2.6545,-0.00044388,0.0492,-0.0272,-0.0323
2,1,6.7011,-0.00073417,0.0503,0.0498,-3.0371,2.495,-0.89083,-0.45434,0.74858,-8.2309e-05,0.0468,-0.0261,-0.0317
2,1,6.7514,0.0020658,0.0503,0.0531,2.9145,2.542,-0.98628,-0.16506,-5.7448,-0.00016722,0.0459,-0.0226,-0.0254
2,1,6.8023,0.0021658,0.0509,0.051,-2.2212,-2.5798,-0.9897,0.14315,NaN,-3.0795e-05,0.0533,-0.0176,-0.0203
2,1,6.9535,0.0014658,0.05,0.0514,-2.4045,-2.8711,-0.48633,0.87377,-0.39892,2.0599e-06,0.0513,-0.0175,-0.0209
2,1,7.0034,-0.0011342,0.0499,0.0473,-2.2725,-2.9773,-0.20308,0.97916,-1.2894,-0.00015581,0.049,-0.0189,-0.0249
2,1,7.0527,0.0060658,0.0493,0.0565,-2.3494,-2.1945,0.095084,0.99547,1.0033,6.3183e-05,0.0563,-0.0186,-0.0174
2,1,7.1026,-0.0024342,0.0499,0.0414,-2.8083,2.7096,0.38814,0.9216,2.9432,0.00036544,0.049,-0.025,-0.0323
2,1,7.1516,-0.00053417,0.049,0.0509,3.014,2.3199,0.64155,0.76708,-1.2138,0.000136,0.0464,-0.025,-0.0304
2,1,7.2013,-0.00013417,0.0497,0.0501,-2.9374,2.6518,0.84076,0.54141,-0.072053,4.2768e-05,0.0505,-0.0217,-0.0267
2,1,7.2501,-0.0010342,0.0488,0.0479,-2.8767,2.6738,0.96231,0.27195,1.4435,-1.8145e-05,0.0508,-0.0234,-0.0293
2,1,7.2994,-0.00033417,0.0493,0.05,3.1101,2.4762,0.9997,-0.024315,-1.0439,9.8057e-05,0.0475,-0.0249,-0.0301
2,1,7.3491,-0.00083417,0.0497,0.0492,-3.0228,2.5153,0.94718,-0.32071,-2.9511,-1.2854e-06,0.0468,-0.0227,-0.0284
2,1,7.3985,-0.00093417,0.0494,0.0493,-2.6037,2.8942,0.80989,-0.58658,1.7118,0.0002353,0.047,-0.0201,-0.0259
2,1,7.4475,-0.00043417,0.049,0.0495,-2.4417,3.1038,0.60205,-0.79846,-0.83948,-6.2395e-05,0.0571,-0.0181,-0.0234
2,1,7.4978,0.0023658,0.0503,0.0531,-2.7102,-2.9707,0.33372,-0.94267,2.2427,0.00037665,0.0479,-0.0249,-0.0274
2,1,7.5499,-0.00083417,0.0521,0.0489,-2.9092,2.6229,0.023487,-0.99972,-1.3144,-0.00045625,0.0532,-0.0207,-0.0264
2,1,7.5995,0.0023658,0.0496,0.0528,-2.6158,-2.8933,-0.2745,-0.96159,NaN,5.1245e-05,0.0499,-0.0243,-0.0268
2,1,7.7541,-0.00013417,0.0522,0.0518,2.8023,2.2276,-0.93841,-0.34552,-4.3946,-0.00035367,0.046,-0.0277,-0.0327
2,1,7.805,0.00076583,0.0509,0.0518,-2.9477,2.7755,-0.99906,-0.043315,-0.16842,0.00010659,0.0467,-0.0228,-0.0269
2,1,7.8555,0.0010658,0.0505,0.0508,-2.5706,-3.0899,-0.96543,0.26066,-0.82185,-0.00014868,0.0475,-0.019,-0.0228
2,1,7.9086,-0.0011342,0.0531,0.0509,-1.6988,-2.4969,-0.83286,0.55348,-0.43386,-0.0004161,0.0535,-0.0134,-0.0194
2,1,7.9584,0.00086583,0.0498,0.0518,-2.002,-2.4681,-0.62995,0.77664,-0.30846,-1.6099e-05,0.0521,-0.0171,-0.0211
2,1,8.0097,0.00056583,0.0513,0.051,-2.235,-2.7621,-0.36123,0.93248,-1.0115,8.1258e-05,0.0592,-0.0179,-0.0222
2,1,8.0631,-0.0020342,0.0534,0.0508,-2.3287,-3.0109,-0.044914,0.99899,3.424,2.1042e-05,0.0479,-0.0237,-0.0306
2,1,8.1137,-0.00043417,0.0506,0.0522,-2.9275,2.636,0.2597,0.96569,-1.2997,-0.00012817,0.0527,-0.021,-0.0263
2,1,8.1637,-0.00033417,0.05,0.0501,-2.6115,3.0562,0.53685,0.84368,1.2346,4.4972e-05,0.0506,-0.0237,-0.0289
2,1,8.2147,-0.0010342,0.051,0.0503,-3.0521,2.4773,0.76868,0.63964,0.47698,2.4756e-05,0.0477,-0.0233,-0.0292
2,1,8.2639,0.0015658,0.0492,0.0518,-2.9531,2.9005,0.92303,0.38472,-4.6271,-0.00035824,0.0546,-0.0218,-0.0251
2,1,8.3166,-0.0019342,0.0527,0.0492,-2.6719,2.8879,0.99723,0.074427,2.9706,-7.6868e-05,0.0461,-0.0237,-0.0305
2,1,8.3645,0.0022658,0.0479,0.0521,3.1345,2.7776,0.97661,-0.21503,-5.6959,9.2379e-05,0.0496,-0.0219,-0.0245
2,1,8.4148,0.0015658,0.0503,0.0496,-2.4003,-2.8139,0.86655,-0.49908,1.8406,0.00010971,0.0519,-0.0212,-0.0245
2,1,8.4662,-0.00073417,0.0514,0.0491,-2.8549,2.7364,0.67115,-0.74132,-0.16132,0.00025472,0.0449,-0.0217,-0.0273
2,1,8.5167,0.00036583,0.0505,0.0516,-2.2757,-2.9223,0.41571,-0.9095,-2.1352,-0.00042333,0.0588,-0.0161,-0.0206
2,1,8.5686,0.00046583,0.0519,0.052,-2.6557,-3.1199,0.11294,-0.9936,0.84167,-6.9288e-05,0.0506,-0.023,-0.0274
2,1,8.6206,0.0010658,0.052,0.0526,-2.6465,-3.1317,-0.20158,-0.97947,-3.1787,-0.00032176,0.0532,-0.0216,-0.0254
2,1,8.6749,0.00056583,0.0543,0.0538,-2.4672,-2.9711,-0.50821,-0.86124,1.6147,-7.509e-05,0.055,-0.0205,-0.0248
2,1,8.7273,0.0014658,0.0524,0.0533,-2.7659,-3.1401,-0.75239,-0.65872,-2.619,-0.00011135,0.0534,-0.0231,-0.0265
2,1,8.7803,0.0018658,0.053,0.0534,-2.6903,-3.034,-0.92227,-0.38655,2.5765,-0.00016245,0.0519,-0.0235,-0.0265
2,1,8.8318,0.0011658,0.0515,0.0508,-2.9236,2.8933,-0.99649,-0.083678,1.4306,0.00010646,0.0505,-0.0239,-0.0276
2,1,8.8842,0.00076583,0.0524,0.052,-2.8194,2.9529,-0.97256,0.23265,-0.10946,-0.00016834,0.0466,-0.022,-0.0261
2,1,8.936,0.00016583,0.0518,0.0512,-2.3938,-3.0375,-0.85266,0.52246,-2.7957,-0.00033388,0.0611,-0.0168,-0.0215
2,1,8.9892,0.00016583,0.0532,0.0532,-2.7517,3.0965,-0.64239,0.76638,0.58184,-0.00016346,0.0467,-0.0247,-0.0294
2,1,9.041,0.00056583,0.0518,0.0522,-2.6075,3.0655,-0.37341,0.92767,-2.1687,0.00010666,0.0531,-0.0196,-0.0239
2,1,9.0958,-0.0017342,0.0548,0.0525,-2.1272,-2.9063,-0.049485,0.99877,0.53404,-0.00044602,0.0591,-0.0179,-0.0245
2,1,9.1455,-3.4167e-05,0.0497,0.0514,-2.9539,2.813,0.24998,0.96825,2.4951,0.0002541,0.0484,-0.0273,-0.0322
2,1,9.1974,-0.00073417,0.0519,0.0512,3.0142,2.2761,0.53812,0.84287,-3.078,4.5874e-05,0.0496,-0.0238,-0.0294
2,1,9.2485,-0.00073417,0.0511,0.0511,-2.801,2.774,0.77002,0.63801,0.69012,0.00024024,0.0483,-0.0223,-0.0279
2,1,9.3022,-0.00063417,0.0537,0.0538,-2.4052,-3.1092,0.93397,0.35735,-3.5151,-0.00041139,0.0531,-0.0169,-0.0224
2,1,9.3535,0.00036583,0.0513,0.0523,-2.0779,-2.579,0.99857,0.053512,0.6305,-2.6105e-05,0.0545,-0.0187,-0.0232
2,1,9.4057,0.00026583,0.0522,0.0521,-2.4236,-2.9595,0.9654,-0.26078,0.9027,-1.3498e-05,0.0542,-0.021,-0.0256
2,1,9.4578,-0.00033417,0.0521,0.0515,-2.7459,2.9351,0.83614,-0.54851,0.43654,6.2713e-05,0.0465,-0.0231,-0.0283
2,1,9.5092,-0.00063417,0.0514,0.0511,-2.6307,2.8932,0.62701,-0.77901,-3.4291,-0.00041792,0.0509,-0.0182,-0.0237
2,1,9.56,0.00076583,0.0508,0.0522,-2.0989,-2.5944,0.36055,-0.93274,0.86485,0.00022247,0.0595,-0.0183,-0.0224
2,1,9.6141,0.00026583,0.0541,0.0536,-2.7166,3.1004,0.039928,-0.9992,1.2491,0.00011985,0.0521,-0.0237,-0.0283
2,1,9.6644,0.0033658,0.0503,0.0534,-2.9325,-3.1167,-0.26275,-0.96486,4.4677,0.00020471,0.0552,-0.0255,-0.027
2,1,9.7172,0.0040658,0.0528,0.0535,2.9211,2.8317,-0.55377,-0.83267,-3.0044,-0.00045869,0.052,-0.0279,-0.0287
2,1,9.7703,0.0021658,0.0531,0.0512,3.139,2.8034,-0.78934,-0.61396,1.115,-9.1532e-05,0.0554,-0.0268,-0.0295
2,1,9.8251,0.0039658,0.0548,0.0566,2.9321,2.8341,-0.94672,-0.32205,-4.0377,-0.00039257,0.0501,-0.0274,-0.0283
2,2,1.6463,-0.002492,0.0533,0.0537,-3.0348,2.9685,0.83756,-0.54635,3.5865,-8.6438e-05,0.0518,-0.0285,-0.031
2,2,1.6995,-0.00099196,0.0532,0.0547,2.7708,2.6514,0.62029,-0.78437,-6.8523,-0.00056493,0.0538,-0.0271,-0.0281
2,2,1.7547,-0.001092,0.0552,0.0551,-2.7462,-2.8739,0.32713,-0.94498,0.23594,-0.00025532,0.059,-0.0257,-0.0268
2,2,1.8122,-0.00059196,0.0575,0.058,-3.0931,3.1241,-0.016574,-0.99986,0.47982,-2.0445e-05,0.0603,-0.0272,-0.0278
2,2,1.8687,-0.00099196,0.0565,0.0561,2.9721,2.8746,-0.35258,-0.93578,0.23873,-9.0209e-05,0.0539,-0.031,-0.032
2,2,1.9254,-0.001192,0.0567,0.0565,3.077,2.9326,-0.64827,-0.76141,3.528,5.3229e-05,0.0608,-0.0282,-0.0294
2,2,1.9827,0.002708,0.0573,0.0612,2.9975,-3.0128,-0.86937,-0.49416,-0.89358,-0.00035359,0.057,-0.0317,-0.029
2,2,2.0405,0.001608,0.0578,0.0567,2.8182,2.9932,-0.98639,-0.16445,NaN,-0.00080895,0.0549,-0.0309,-0.0293
2,2,2.2103,0.00080804,0.0571,0.0575,-3.0597,-2.9739,-0.64643,0.76297,-1.322,-0.00028327,0.0586,-0.0272,-0.0264
2,2,2.2671,-0.00079196,0.0568,0.0552,-2.9435,-3.0305,-0.34976,0.93684,-0.17015,-0.00044564,0.0547,-0.029,-0.0298
2,2,2.3238,-0.003092,0.0567,0.0544,2.956,2.5959,-0.012344,0.99992,-5.483,-0.00048988,0.0509,-0.027,-0.0301
2,2,2.3783,-0.00019196,0.0545,0.0574,-2.7494,-2.7746,0.31385,0.94947,NaN,-0.00041192,0.0585,-0.0234,-0.0236
2,2,2.5968,-0.001392,0.0551,0.0551,-3.0521,3.0571,0.99697,-0.077766,0.078334,0.00013269,0.0557,-0.0248,-0.0262
2,2,2.652,-0.00089196,0.0552,0.0557,-2.7623,-2.8597,0.91564,-0.40199,-2.9794,-8.3162e-05,0.0546,-0.0253,-0.0262
2,2,2.7079,-0.002792,0.0559,0.054,-2.6642,-2.9941,0.72909,-0.68441,NaN,9.6669e-05,0.0562,-0.024,-0.0268
2,2,3.0937,0.001408,0.0558,0.0562,3.023,-3.1059,-0.99918,-0.0405,1.6512,1.742e-05,0.052,-0.0292,-0.0278
2,2,3.1516,-0.00099196,0.0579,0.0555,-2.9097,-3.0318,-0.95179,0.30674,-1.3698,-0.00034309,0.0575,-0.0233,-0.0243
2,2,3.2074,0.002008,0.0558,0.0588,-2.505,-2.2846,-0.79532,0.60619,NaN,0.0002653,0.0593,-0.025,-0.023
2,2,3.3767,0.00010804,0.0553,0.0565,2.9041,2.9127,0.11029,0.9939,-0.87597,-0.00047617,0.0501,-0.0316,-0.0315
2,2,3.4308,0.00090804,0.0541,0.0549,2.8842,2.9983,0.42565,0.90489,0.55499,-7.0005e-05,0.0496,-0.0276,-0.0267
2,2,3.4856,0.00010804,0.0548,0.054,-2.8869,-2.8737,0.69835,0.71576,-2.0005,-0.00032681,0.0628,-0.0224,-0.0223
2,2,3.5428,-0.00029196,0.0572,0.0568,-2.818,-2.8473,0.90058,0.43469,4.0914,5.6514e-05,0.0558,-0.028,-0.0283
2,2,3.5992,-9.1964e-05,0.0564,0.0566,3.074,3.0625,0.99433,0.10634,1.0299,0.00014858,0.0535,-0.0274,-0.0275
2,2,3.655,-0.001392,0.0558,0.0545,-3.0472,3.0773,0.97299,-0.23085,-3.1637,-0.00015132,0.05,-0.0251,-0.0265
2,2,3.7103,-0.002392,0.0553,0.0543,-2.4023,-2.6968,0.84222,-0.53914,-0.58805,-5.123e-05,0.0528,-0.0198,-0.0222
2,2,3.764,-0.00089196,0.0537,0.0552,-2.1588,-2.265,0.62464,-0.78092,2.0781,-0.00012317,0.0603,-0.0189,-0.0198
2,2,3.8177,0.001008,0.0537,0.0556,-2.4355,-2.3274,0.34096,-0.94008,NaN,0.00025506,0.061,-0.0255,-0.0245
2,2,3.8777,8.0357e-06,0.06,0.059,-2.9855,-2.9855,-0.017108,-0.99985,3.3372,0.0001089,0.0605,-0.0265,-0.0265
2,2,3.9326,-0.00069196,0.0549,0.0542,2.7952,2.7258,-0.34396,-0.93898,2.6166,1.1981e-05,0.0528,-0.0321,-0.0328
2,2,3.987,0.00010804,0.0544,0.0552,2.5693,2.5811,-0.63043,-0.77624,NaN,-0.0003277,0.0556,-0.0305,-0.0304
2,2,4.3936,-0.00089196,0.0572,0.0558,-2.8921,-3.0056,0.014352,0.9999,1.3754,-0.00023402,0.0584,-0.026,-0.0269
2,2,4.4484,0.00030804,0.0548,0.056,3.0466,3.0786,0.3408,0.94014,1.9465,-8.165e-05,0.0546,-0.0296,-0.0293
2,2,4.5031,0.001308,0.0547,0.0557,2.7437,2.8898,0.62924,0.77721,-3.3786,-0.00018488,0.0555,-0.0295,-0.0282
2,2,4.559,-0.001292,0.0559,0.0533,-2.997,3.1355,0.85246,0.52279,1.3212,-0.00017329,0.0514,-0.0291,-0.0304
2,2,4.6153,-0.00029196,0.0563,0.0573,-3.0687,-3.1066,0.97853,0.20609,NaN,8.4891e-05,0.0559,-0.0242,-0.0245
2,2,4.9472,0.00030804,0.0547,0.0558,3.0379,3.0828,-0.23864,-0.97111,-1.4291,-0.00014121,0.0511,-0.0269,-0.0266
2,2,5.0039,0.00020804,0.0567,0.0566,-2.5748,-2.5497,-0.55299,-0.83319,1.4185,-0.00040058,0.0614,-0.0213,-0.0211
2,2,5.0591,-0.00029196,0.0552,0.0547,-3.1046,-3.1357,-0.79669,-0.60439,1.5206,-3.5106e-05,0.0546,-0.0275,-0.0278
2,2,5.1151,-0.00059196,0.056,0.0557,-2.9169,-2.9974,-0.95285,-0.30343,1.3544,-0.0001221,0.0573,-0.0261,-0.0267
2,2,5.1704,0.00030804,0.0553,0.0562,-3.047,-3.0141,-0.9996,0.028162,-0.41368,-0.00030298,0.0543,-0.0281,-0.0278
2,2,5.2269,0.00080804,0.0565,0.057,-3.0335,-2.9502,-0.93163,0.36341,NaN,-0.00018523,0.0586,-0.0259,-0.0251
2,2,5.3964,-0.00049196,0.056,0.0568,-2.5029,-2.5531,-0.16682,0.98599,2.9146,3.3101e-05,0.0592,-0.0252,-0.0257
2,2,5.4528,-0.00059196,0.0564,0.0563,2.9824,2.9177,0.17465,0.98463,-0.90453,-0.00031379,0.0527,-0.028,-0.0286
2,2,5.5073,-9.1964e-05,0.0545,0.055,-3.0782,-3.0901,0.48567,0.87414,-2.5577,-0.00015774,0.0527,-0.0262,-0.0263
2,2,5.5647,-9.1964e-05,0.0574,0.0574,-2.4124,-2.4248,0.75547,0.65519,0.90796,-0.0002064,0.0613,-0.0215,-0.0216
2,2,5.6221,0.002008,0.0574,0.0595,-2.9445,-2.7138,0.93405,0.35713,3.0996,0.00024149,0.0607,-0.0254,-0.0234
2,2,5.6804,-0.00049196,0.0583,0.0558,-3.1179,3.1199,0.99995,0.010487,-2.7855,-0.00013111,0.0468,-0.0278,-0.0283
2,2,5.7356,-0.00059196,0.0552,0.0551,-2.2771,-2.3566,0.94754,-0.31965,1.2653,-4.3843e-05,0.0608,-0.0194,-0.02
2,2,5.7914,-9.1964e-05,0.0558,0.0563,-2.6588,-2.669,0.787,-0.61695,-2.1192,-0.00024546,0.0517,-0.0244,-0.0245
2,2,5.8478,-0.001092,0.0564,0.0554,-2.4039,-2.539,0.53355,-0.84577,-0.50811,-0.00017587,0.0641,-0.0197,-0.0208
2,2,5.9033,0.001308,0.0555,0.0579,-2.6397,-2.5327,0.22322,-0.97477,NaN,-3.1813e-05,0.0539,-0.0283,-0.027
2,2,6.0739,-0.00069196,0.0561,0.0565,-3.1271,3.07,-0.72625,-0.68743,NaN,-0.00020389,0.0595,-0.0252,-0.0259
2,2,6.4168,8.0357e-06,0.056,0.0536,-2.7029,-2.7029,-0.24011,0.97075,2.435,0.00020247,0.0596,-0.0255,-0.0255
2,2,6.4748,-0.00049196,0.058,0.0575,-3.0894,-3.1391,0.11018,0.99391,1.0069,0.00017719,0.0544,-0.0271,-0.0276
2,2,6.531,-0.00039196,0.0562,0.0563,-2.8336,-2.8788,0.43707,0.89943,-1.6996,-0.00015347,0.0539,-0.0253,-0.0257
2,2,6.5862,0.00020804,0.0552,0.0558,-2.7278,-2.7043,0.70908,0.70513,4.8265,0.00027567,0.0563,-0.024,-0.0238
2,2,6.6419,0.00010804,0.0557,0.0556,-2.916,-2.905,0.90316,0.4293,0.32047,7.8379e-05,0.0607,-0.0246,-0.0245
2,2,6.6991,-0.001092,0.0572,0.056,-2.4611,-2.5749,0.99542,0.095557,1.725,-0.0001098,0.0509,-0.0281,-0.0292
2,2,6.7545,-0.001192,0.0554,0.0553,-3.0316,3.0995,0.97101,-0.23902,-1.4454,-0.00012815,0.0528,-0.0236,-0.0248
2,2,6.8115,-0.001892,0.057,0.0563,-2.1317,-2.3514,0.83196,-0.55483,-0.92288,-0.00056369,0.0532,-0.0194,-0.0213
2,2,6.8651,0.00060804,0.0536,0.0561,-2.2269,-2.1544,0.61037,-0.79212,1.4819,-0.00012019,0.0631,-0.019,-0.0184
2,2,6.9214,0.002308,0.0563,0.058,-2.6911,-2.4743,0.30885,-0.95111,0.59527,-0.00026405,0.056,-0.0258,-0.0235
2,2,6.9786,0.001708,0.0572,0.0566,-2.7269,-2.5365,-0.034027,-0.99942,NaN,9.224e-05,0.0622,-0.0246,-0.0229
2,2,7.4465,0.001408,0.0583,0.0588,-2.7465,-2.5893,-0.25782,0.96619,NaN,0.00032291,0.0642,-0.0235,-0.0221
2,2,7.6206,0.001308,0.0585,0.0566,-2.7079,-2.5547,0.71631,0.69779,2.5994,4.9316e-05,0.0578,-0.0237,-0.0224
2,2,7.6769,-0.00099196,0.0563,0.054,-2.7274,-2.8359,0.90906,0.41665,NaN,6.8192e-05,0.0573,-0.0252,-0.0262
2,2,7.8477,0.00020804,0.0556,0.0555,3.1133,3.1349,0.81998,-0.57239,0.075498,5.0632e-05,0.0513,-0.0291,-0.0289
2,2,7.9052,-0.00069196,0.0575,0.0566,-2.8403,-2.9303,0.57413,-0.81877,-1.0669,-0.00021332,0.0587,-0.0229,-0.0236
2,2,7.9606,0.002408,0.0554,0.0585,-2.8951,-2.6455,0.27104,-0.96257,0.48076,-0.00018662,0.055,-0.0262,-0.0238
2,2,8.0183,0.001108,0.0577,0.0564,-2.4538,-2.3383,-0.076511,-0.99707,NaN,-0.00031687,0.0564,-0.0235,-0.0224
2,2,8.538,0.002908,0.0569,0.0586,3.0604,-2.9328,0.096797,0.9953,-1.005,-0.00024121,0.0554,-0.0281,-0.0252
2,2,8.5953,0.001908,0.0573,0.0563,-2.6453,-2.4458,0.43098,0.90236,3.1943,0.0001451,0.0599,-0.0262,-0.0243
2,2,8.6512,0.00060804,0.0559,0.0546,3.0649,3.1261,0.70731,0.70691,NaN,-0.00016309,0.0519,-0.0302,-0.0296
2,2,8.7104,-0.00039196,0.0592,0.0582,-2.835,-2.8837,0.91107,0.41226,NaN,-0.00061656,0.0606,-0.0229,-0.0233
2,2,8.8821,-0.00039196,0.0578,0.0582,-2.5371,-2.5798,0.81404,-0.58081,1.866,0.00032084,0.0529,-0.0222,-0.0226
2,2,8.9379,-9.1964e-05,0.0558,0.0561,-2.2388,-2.2504,0.57416,-0.81875,-1.7252,-0.00025185,0.0577,-0.0193,-0.0194
2,2,8.9948,0.00020804,0.0569,0.0572,-1.9362,-1.9254,0.26228,-0.96499,3.0566,-4.7253e-05,0.0609,-0.0201,-0.0199
2,2,9.0513,-0.001292,0.0565,0.055,-2.7891,-2.933,-0.078294,-0.99693,0.91761,-0.00018839,0.0555,-0.0245,-0.0258
2,2,9.1077,0.00050804,0.0564,0.0582,-2.6733,-2.6168,-0.40915,-0.91247,2.2683,7.0067e-05,0.062,-0.0236,-0.0231
2,2,9.1636,-0.001392,0.0559,0.054,-2.9123,-3.0454,-0.6901,-0.72371,0.1892,-0.00030261,0.0548,-0.0297,-0.0311
2,2,9.2206,0.002308,0.057,0.0607,-3.1186,-2.856,-0.895,-0.44607,1.4688,-0.00014475,0.0533,-0.0275,-0.0252
2,2,9.2775,0.001608,0.0569,0.0562,-2.6831,-2.485,-0.99326,-0.11592,NaN,-8.7882e-05,0.0612,-0.0239,-0.0223
2,2,9.5103,0.002208,0.0577,0.0602,-2.1024,-1.9388,-0.26728,0.96362,2.2426,-2.0738e-05,0.0591,-0.0228,-0.0206
2,2,9.5679,0.001008,0.0576,0.0564,-2.3994,-2.2977,0.079791,0.99681,1.0872,-0.00013358,0.0588,-0.0243,-0.0233
2,2,9.6234,-0.001492,0.0555,0.053,-3.0254,3.0973,0.40552,0.91409,2.9477,7.9338e-05,0.0567,-0.0276,-0.0291
2,2,9.6791,0.00010804,0.0557,0.0573,-3.092,-3.0808,0.68634,0.72728,1.1593,-0.00020627,0.056,-0.0286,-0.0285
2,2,9.7365,0.00040804,0.0574,0.0577,3.108,-3.1312,0.89377,0.44853,NaN,-0.00021603,0.0536,-0.0272,-0.0268
2,3,0.1097,-0.00043514,0.0507,0.0507,-2.4115,-2.8636,-0.34953,-0.93692,-3.1861,-0.00035229,0.0534,-0.0178,-0.0218
2,3,0.1617,-0.0012351,0.052,0.0512,-2.4348,-2.9591,-0.62375,-0.78163,NaN,-0.000611,0.0504,-0.0192,-0.024
2,3,0.311,0.0015649,0.0496,0.0524,-2.7028,-2.9341,-0.99994,0.01132,-2.4164,-0.00016949,0.0457,-0.0224,-0.0244
2,3,0.3614,-0.00033514,0.0504,0.0485,-2.5757,-3.1366,-0.94985,0.3127,NaN,-0.0001839,0.0541,-0.0177,-0.0216
2,3,0.513,0.00026486,0.0503,0.0506,-1.6939,-2.1618,-0.32421,0.94599,-2.2104,-0.00013486,0.0517,-0.0119,-0.0152
2,3,0.5632,0.00056486,0.0502,0.0505,-1.4018,-1.722,-0.024669,0.9997,1.28,0.0001316,0.0481,-0.0134,-0.0164
2,3,0.6132,6.4865e-05,0.05,0.0495,-1.6853,-2.2144,0.27598,0.96116,0.32891,5.5763e-06,0.039,-0.0115,-0.015
2,3,0.6609,0.0021649,0.0477,0.0498,-0.54094,-0.83019,0.53955,0.84196,-3.7861,-0.00051167,0.0566,-0.0028,-0.0042
2,3,0.7097,6.4865e-05,0.0488,0.0467,-1.1186,-1.4606,0.76231,0.64721,-0.26256,0.00019712,0.0399,-0.0106,-0.0141
2,3,0.7555,0.00076486,0.0458,0.0465,NaN,NaN,0.91096,0.4125,-3.3564,-0.00061289,NaN,NaN,NaN
2,3,0.8045,-0.00033514,0.049,0.0479,NaN,NaN,0.99195,0.12666,0.25584,-4.1511e-05,NaN,NaN,NaN
2,3,0.8484,-0.00043514,0.0439,0.0438,NaN,NaN,0.99019,-0.1397,-10.333,-0.00093079,NaN,NaN,NaN
2,3,0.8991,-0.0033351,0.0507,0.0478,-1.7448,-2.5103,0.90101,-0.4338,1.6687,-7.3056e-06,0.0494,-0.0165,-0.0234
2,3,0.9462,-0.0013351,0.0471,0.0491,-2.6523,2.9417,0.7416,-0.67084,-4.0971,-0.00037266,0.0493,-0.0188,-0.0237
2,3,0.9956,-0.0029351,0.0494,0.0478,-2.3699,3.0831,0.50969,-0.86036,0.12055,-0.00019799,0.0561,-0.0187,-0.0252
2,3,1.0438,-0.0026351,0.0482,0.0485,3.1057,2.4837,0.23915,-0.97098,-5.6375,-0.00071398,0.0451,-0.0266,-0.0328
2,3,1.0944,-0.0025351,0.0506,0.0507,-2.648,2.7745,-0.06639,-0.99779,-1.3199,9.4766e-05,0.0496,-0.0211,-0.0272
2,3,1.1432,-0.0021351,0.0488,0.0492,-2.837,2.7147,-0.35547,-0.93469,NaN,-0.00052008,0.0489,-0.0219,-0.0276
2,3,1.3978,-0.00053514,0.0512,0.0516,-2.2284,-2.7544,-0.94207,0.3354,-2.0352,-0.00018256,0.0557,-0.017,-0.0211
2,3,1.4501,0.00026486,0.0523,0.0531,-2.2035,-2.5369,-0.7898,0.61336,-1.2492,5.4256e-05,0.0462,-0.0204,-0.0237
2,3,1.5022,-0.00083514,0.0521,0.051,-1.9116,-2.5269,-0.5592,0.82903,2.3336,0.00023727,0.0474,-0.0145,-0.0189
2,3,1.5527,0.00056486,0.0505,0.0519,-1.7007,-2.1176,-0.28221,0.95935,-1.4491,-0.00025955,0.0543,-0.0114,-0.0144
2,3,1.6044,-0.00023514,0.0517,0.0509,-1.7819,-2.2266,0.02853,0.99959,-0.46595,0.00017029,0.0484,-0.014,-0.0178
2,3,1.6555,0.00046486,0.0511,0.0518,-1.4382,-1.832,0.33303,0.94292,0.23208,9.7952e-06,0.0518,-0.0113,-0.0144
2,3,1.708,-0.00013514,0.0525,0.0519,-1.2603,-1.6939,0.61233,0.7906,0.14789,2.2429e-05,0.0483,-0.0106,-0.0143
2,3,1.7583,0.00076486,0.0503,0.0512,-1.1484,-1.5282,0.82212,0.56932,-0.64416,-0.00023846,0.0596,-0.0086,-0.0114
2,3,1.8104,0.00046486,0.0521,0.0518,-1.5112,-1.7827,0.95864,0.28463,0.0059524,0.00015876,0.0447,-0.0161,-0.0192
2,3,1.8637,0.00056486,0.0533,0.0534,-0.88624,-1.259,0.99936,-0.035742,-1.8698,2.6217e-05,0.0531,-0.0075,-0.0105
2,3,1.9151,0.00056486,0.0514,0.0514,-1.2982,-1.7,0.93987,-0.34154,-4.303,-0.00032308,0.054,-0.0092,-0.0122
2,3,1.9689,-3.5135e-05,0.0538,0.0532,-0.98264,-1.3638,0.78011,-0.62565,0.069986,-3.2725e-05,0.0561,-0.0094,-0.013
2,3,2.0221,6.4865e-05,0.0532,0.0533,-1.4847,-1.904,0.54054,-0.84132,-2.1394,-0.00013468,0.0554,-0.0123,-0.0158
2,3,2.0746,-0.00033514,0.0525,0.0521,-1.688,-2.1168,0.24893,-0.96852,-0.26427,8.5311e-05,0.0531,-0.0152,-0.0191
2,3,2.1263,0.00026486,0.0517,0.0523,-2.0259,-2.4258,-0.063007,-0.99801,-0.50123,-1.0129e-05,0.0546,-0.0166,-0.0199
2,3,2.1791,-0.00013514,0.0528,0.0524,-2.1011,-2.5304,-0.37498,-0.92703,-1.2448,-0.00019132,0.0509,-0.0184,-0.0221
2,3,2.2321,-0.00053514,0.053,0.0526,-2.1078,-2.6247,-0.64949,-0.76037,-1.574,-7.9014e-05,0.0591,-0.0163,-0.0204
2,3,2.2861,0.00026486,0.054,0.0548,-1.9388,-2.236,-0.86014,-0.51006,-0.53035,-3.3625e-05,0.0504,-0.0214,-0.0247
2,3,2.3394,-0.00033514,0.0533,0.0527,-2.4139,-2.9239,-0.97784,-0.20933,-1.7697,1.3489e-05,0.0484,-0.0185,-0.0224
2,3,2.3942,0.00026486,0.0548,0.0554,-1.5312,-1.9803,-0.99249,0.12229,-1.681,-0.00037819,0.0574,-0.0121,-0.0154
2,3,2.4496,-0.00043514,0.0554,0.0547,-1.6363,-2.0719,-0.89617,0.44372,-0.91537,-8.7429e-05,0.0535,-0.0141,-0.0181
2,3,2.5038,-0.00033514,0.0542,0.0543,-1.5002,-1.9604,-0.70414,0.71006,-0.0092239,3.0945e-05,0.0586,-0.0134,-0.0173
2,3,2.5569,0.00026486,0.0531,0.0537,-2.1568,-2.5084,-0.44221,0.89691,0.95922,0.00011582,0.0472,-0.0189,-0.0222
2,3,2.6106,0.00036486,0.0537,0.0538,-1.6072,-2.0283,-0.13088,0.9914,0.94299,-3.769e-05,0.0568,-0.0124,-0.0156
2,3,2.6651,0.00056486,0.0545,0.0547,-1.734,-2.043,0.19907,0.97998,1.3799,0.00028053,0.0419,-0.0147,-0.0177
2,3,2.7184,0.00086486,0.0533,0.0536,-0.53728,-0.99217,0.50102,0.86544,-1.3763,-0.00029203,0.0603,-0.0033,-0.006
2,3,2.7718,0.00016486,0.0534,0.0527,-1.024,-1.3237,0.75112,0.66017,2.022,0.00024914,0.0477,-0.0102,-0.0136
2,3,2.8246,0.00086486,0.0528,0.0535,-0.73073,-1.1133,0.92117,0.38916,1.538,-7.1819e-05,0.0473,-0.0051,-0.0078
2,3,2.8781,0.00026486,0.0535,0.0529,0.12142,-0.25748,0.99725,0.074072,-1.7162,0.00020392,0.0637,0.0011,-0.0022
2,3,2.931,-0.00013514,0.0529,0.0525,-1.0469,-1.4584,0.96946,-0.24526,-3.5947,-0.00021348,0.0575,-0.0097,-0.0134
2,3,2.9845,-0.00053514,0.0535,0.0531,-1.5887,-2.047,0.84008,-0.54247,-2.522,-0.00020669,0.0532,-0.0137,-0.0178
2,3,3.0377,-0.00033514,0.0532,0.0534,-1.6052,-2.0615,0.62385,-0.78154,NaN,-0.00019912,0.0582,-0.0137,-0.0176
2,3,3.1921,-0.00093514,0.0511,0.0506,-2.2791,-2.85,-0.26284,-0.96484,-0.077691,0.00033311,0.0492,-0.0188,-0.0233
2,3,3.2444,-0.00073514,0.0523,0.0525,-2.2266,-2.799,-0.55157,-0.83413,-4.6371,-0.0005989,0.0542,-0.0157,-0.02
2,3,3.2945,0.00086486,0.0501,0.0517,-2.2258,-2.522,-0.77653,-0.63009,-1.6929,-0.00010763,0.0548,-0.0198,-0.0225
2,3,3.3471,-0.0011351,0.0526,0.0506,-2.4673,-2.9993,-0.93535,-0.35373,2.6063,4.7434e-05,0.047,-0.022,-0.0267
2,3,3.3952,-0.0025351,0.0481,0.0467,-3.1043,2.3803,-0.99763,-0.068783,NaN,-0.00023413,0.0507,-0.0209,-0.027
2,3,3.5467,0.0012649,0.0514,0.0515,-1.9889,-2.2651,-0.65762,0.75335,1.9167,0.00019582,0.0497,-0.0168,-0.0191
2,3,3.5961,-0.0010351,0.0494,0.0471,-2.4257,-2.993,-0.40504,0.9143,-0.43066,-0.00013505,0.0461,-0.0171,-0.0217
2,3,3.645,-0.0011351,0.0489,0.0488,-1.7624,-2.3295,-0.11915,0.99288,2.2634,0.0004338,0.0399,-0.0143,-0.019
2,3,3.693,0.00036486,0.048,0.0495,-0.76933,-1.1924,0.17182,0.98513,-2.5885,8.4827e-05,0.0547,-0.0062,-0.0094
2,3,3.7405,0.00056486,0.0475,0.0477,-1.6377,-1.989,0.44551,0.89528,3.2644,0.0005431,0.0448,-0.0134,-0.0164
2,3,3.7896,0.00086486,0.0491,0.0494,-1.3509,-1.7485,0.68932,0.72446,3.5648,0.00010754,0.0439,-0.0091,-0.0118
2,3,3.839,0.00066486,0.0494,0.0492,-0.50228,-0.91035,0.87293,0.48784,1.1135,0.00010155,0.0481,-0.0036,-0.0065
2,3,3.8886,0.00076486,0.0496,0.0497,-0.28575,-0.66344,0.97849,0.20627,-0.22841,-0.0001794,0.0501,-0.0021,-0.0049
2,3,3.94,0.00056486,0.0514,0.0512,-0.09374,-0.4315,0.99449,-0.10485,-0.84456,0.00013061,0.0589,-0.0008,-0.0038
2,3,3.9926,6.4865e-05,0.0526,0.0521,-0.86928,-1.2967,0.91098,-0.41245,-1.087,-0.00032567,0.0568,-0.0071,-0.0106
2,3,4.0453,-3.5135e-05,0.0527,0.0526,-1.1707,-1.5571,0.73451,-0.6786,1.1224,0.00032179,0.0531,-0.0112,-0.0148
2,3,4.0994,0.00056486,0.0541,0.0547,-1.2406,-1.61,0.47565,-0.87963,0.13268,-3.8988e-05,0.0549,-0.0102,-0.0132
2,3,4.1526,-0.00053514,0.0532,0.0521,-1.3015,-1.7521,0.1711,-0.98525,-2.2258,7.8904e-05,0.0566,-0.0119,-0.016
2,3,4.2062,-0.00083514,0.0536,0.0533,-1.7962,-2.3079,-0.15363,-0.98813,1.1517,0.00025583,0.0526,-0.0149,-0.0193
2,3,4.2601,6.4865e-05,0.0539,0.0548,-1.5207,-1.9301,-0.46379,-0.88595,1.6538,-0.00013114,0.0551,-0.0136,-0.0171
2,3,4.3123,-0.00013514,0.0522,0.052,-2.0542,-2.4815,-0.71731,-0.69675,-1.0291,3.824e-05,0.0536,-0.0165,-0.0202
2,3,4.3664,0.00016486,0.0541,0.0544,-1.7486,-2.1214,-0.90406,-0.42741,-0.22559,-3.7629e-05,0.0522,-0.016,-0.0194
2,3,4.4197,-0.00013514,0.0533,0.053,-1.9326,-2.4046,-0.99313,-0.11699,-1.7027,-0.00012744,0.0555,-0.0149,-0.0186
2,3,4.4725,-3.5135e-05,0.0528,0.0529,-2.0617,-2.4489,-0.97925,0.20265,-0.69271,-1.7238e-05,0.0537,-0.0176,-0.0212
2,3,4.5269,0.00026486,0.0544,0.0547,-1.7236,-2.1007,-0.86021,0.50995,1.0062,0.00013968,0.055,-0.0169,-0.0202
2,3,4.5807,-0.00013514,0.0538,0.0534,-2.3658,-2.821,-0.65052,0.75949,1.5263,2.0839e-05,0.0454,-0.0181,-0.0218
2,3,4.6342,-0.00043514,0.0535,0.0532,-1.3589,-1.916,-0.37341,0.92767,0.99187,8.2275e-05,0.0527,-0.01,-0.014
2,3,4.6863,0.00016486,0.0521,0.0527,-1.2285,-1.6187,-0.065574,0.99785,1.5192,0.00017502,0.05,-0.0106,-0.014
2,3,4.7385,0.00026486,0.0522,0.0523,-1.1836,-1.6364,0.24939,0.9684,-0.54609,2.6161e-06,0.0514,-0.0084,-0.0117
2,3,4.7904,0.00066486,0.0519,0.0523,-0.99915,-1.3549,0.53786,0.84303,0.81023,-5.9844e-05,0.0485,-0.0079,-0.0108
2,3,4.8414,0.00026486,0.051,0.0506,-0.66997,-1.0808,0.76963,0.63849,3.0196,0.00024184,0.0458,-0.0054,-0.0087
2,3,4.8924,0.00086486,0.051,0.0516,-0.035809,-0.44271,0.92786,0.37293,-1.2707,-5.5777e-05,0.0615,-0.0002,-0.0029
2,3,4.944,0.00036486,0.0516,0.0511,-0.87278,-1.1598,0.99768,0.068089,1.2905,0.00020252,0.0525,-0.0101,-0.0133
2,3,4.995,0.00046486,0.051,0.0511,-1.6841,-2.125,0.97081,-0.23987,-0.54912,2.2256e-05,0.0546,-0.0116,-0.0147
2,3,5.0486,0.00026486,0.0536,0.0534,-1.2573,-1.5939,0.84275,-0.5383,0.89366,0.00019258,0.0519,-0.0126,-0.0159
2,3,5.1021,0.00056486,0.0535,0.0538,-1.405,-1.791,0.6263,-0.77958,1.9387,0.00010546,0.0538,-0.011,-0.014
2,3,5.1545,0.00096486,0.0524,0.0528,-1.1785,-1.4664,0.35031,-0.93663,-2.3402,-6.5316e-05,0.0583,-0.0124,-0.015
2,3,5.209,-0.00043514,0.0545,0.0531,-1.9467,-2.3964,0.026235,-0.99966,0.34201,5.4262e-06,0.0543,-0.0162,-0.0202
2,3,5.2622,-0.00013514,0.0532,0.0535,-1.8585,-2.2736,-0.29315,-0.95607,1.1401,0.00022828,0.0514,-0.0173,-0.021
2,3,5.3161,-0.00023514,0.0539,0.0538,-2.0088,-2.519,-0.58553,-0.81065,-1.553,-0.00011421,0.0586,-0.0148,-0.0186
2,3,5.3692,-0.00023514,0.0531,0.0531,-2.0216,-2.3893,-0.81265,-0.58275,-0.93152,0.0001563,0.0497,-0.0203,-0.0241
2,3,5.4259,-3.5135e-05,0.0567,0.0569,-1.7215,-2.1975,-0.96187,-0.27352,0.92246,1.1246e-06,0.0567,-0.0133,-0.0169
2,3,5.4797,0.00026486,0.0538,0.0541,-1.7168,-2.0611,-0.99873,0.050333,0.71897,-4.8338e-05,0.054,-0.0162,-0.0195
2,3,5.5347,0.00046486,0.055,0.0552,-1.8767,-2.2488,-0.92677,0.37562,0.38242,0.00014537,0.0574,-0.0152,-0.0183
2,3,5.5909,0.0015649,0.0562,0.0573,-1.356,-1.5624,-0.74712,0.66469,-0.1529,0.00022133,0.061,-0.0164,-0.0184
2,3,5.6462,0.0013649,0.0553,0.0551,-2.181,-2.4263,-0.48571,0.87412,3.5205,0.00020143,0.0518,-0.0221,-0.0243
2,3,5.7013,0.00066486,0.0551,0.0544,-2.8312,3.0727,-0.17101,0.98527,1.8662,0.00011555,0.0367,-0.0188,-0.0217
2,3,5.7557,0.0011649,0.0544,0.0549,-0.14733,-0.4752,0.15853,0.98735,0.22433,-0.00011095,0.057,-0.0011,-0.0035
2,3,5.8102,0.00016486,0.0545,0.0535,-0.42953,-0.82142,0.47139,0.88192,1.5828,0.0001635,0.0554,-0.0036,-0.007
2,3,5.8631,0.00086486,0.0529,0.0536,-0.63626,-0.91739,0.72622,0.68747,3.2005,0.00029479,0.056,-0.0061,-0.0088
2,3,5.9147,0.00066486,0.0516,0.0514,-1.4569,-1.8101,0.90305,0.42953,1.146,0.00019751,0.0473,-0.0105,-0.0134
2,3,5.9647,-3.5135e-05,0.05,0.0493,-0.9152,-1.3382,0.99026,0.13924,2.2804,0.00015163,0.0526,-0.0078,-0.0114
2,3,6.0128,0.0024649,0.0481,0.0506,-1.5334,-1.6699,0.98831,-0.15243,0.17267,0.00014109,0.0483,-0.0123,-0.0134
2,3,6.0668,0.00046486,0.054,0.052,-0.95644,-1.3857,0.88623,-0.46325,2.472,3.6924e-05,0.0491,-0.0066,-0.0097
2,3,6.12,6.4865e-05,0.0532,0.0528,-0.25088,-0.60622,0.69281,-0.72112,-1.4615,3.2029e-05,0.0639,-0.0025,-0.006
2,4,0.129,0.00055379,0.0551,0.0566,2.5151,2.495,0.6263,0.77958,-3.4453,-0.00051439,0.0476,-0.0335,-0.0336
2,4,0.1843,-0.00054621,0.0553,0.0542,2.8942,2.7315,0.84836,0.52941,-2.0139,7.8798e-05,0.0591,-0.0258,-0.027
2,4,0.2405,-0.0024462,0.0562,0.0543,-2.9131,3.0611,0.97669,0.21466,3.941,-1.6897e-05,0.0548,-0.0287,-0.0318
2,4,0.2943,-0.0013462,0.0538,0.0549,2.6941,2.4729,0.99389,-0.1104,-5.7385,-0.0003646,0.048,-0.0297,-0.0317
2,4,0.3491,-0.0018462,0.0548,0.0543,-2.8377,3.1068,0.90318,-0.42927,1.092,-9.4749e-05,0.0605,-0.0229,-0.0254
2,4,0.4051,-0.0010462,0.056,0.0568,-3.0941,3.0195,0.70808,-0.70614,1.1087,-0.00010588,0.0545,-0.0274,-0.0291
2,4,0.4591,0.00035379,0.054,0.0554,3.1236,3.0889,0.44268,-0.89668,-0.58203,3.0148e-06,0.0562,-0.0279,-0.0282
2,4,0.5155,-0.00054621,0.0564,0.0555,-3.1213,3.0277,0.11555,-0.9933,-0.47185,-6.1119e-05,0.058,-0.0277,-0.0289
2,4,0.5713,0.0016538,0.0558,0.058,3.0125,3.1178,-0.22147,-0.97517,-0.12637,0.00011112,0.0561,-0.0299,-0.0289
2,4,0.6288,0.00095379,0.0575,0.0568,3.1282,-3.1213,-0.54198,-0.84039,-3.0077,-0.00032451,0.0556,-0.0285,-0.0282
2,4,0.6869,0.0013538,0.0581,0.0585,-2.8809,-2.7997,-0.79916,-0.60112,1.995,-4.0743e-05,0.0565,-0.026,-0.0253
2,4,0.7439,0.0014538,0.057,0.0571,-3.0521,-2.9615,-0.95579,-0.29406,-0.80877,6.9213e-05,0.0632,-0.0255,-0.0247
2,4,0.8016,0.0015538,0.0577,0.0578,-3.0294,-2.9581,-0.99864,0.052178,-0.22448,-0.0001263,0.0503,-0.031,-0.0301
2,4,0.86,0.0013538,0.0584,0.0582,-2.7616,-2.6698,-0.91826,0.39598,1.7256,0.00010196,0.0649,-0.0229,-0.0222
2,4,0.918,-0.00014621,0.058,0.0565,3.0646,2.9879,-0.72509,0.68866,-0.35757,-0.00012133,0.0575,-0.0298,-0.0306
2,4,0.9742,-0.0010462,0.0562,0.0553,2.978,2.7954,-0.45253,0.89175,-0.54377,-0.00016719,0.0479,-0.0311,-0.0328
2,4,1.0306,-0.0010462,0.0564,0.0564,-3.0922,2.9579,-0.12648,0.99197,-3.3436,-0.00026083,0.0643,-0.0226,-0.0243
2,4,1.0879,-0.0025462,0.0573,0.0558,-2.8954,3.1318,0.21962,0.97559,5.1202,0.00010789,0.0533,-0.0296,-0.0328
2,4,1.1413,0.00025379,0.0534,0.0562,2.7691,2.7211,0.51925,0.85463,-0.37882,9.2715e-06,0.0554,-0.0295,-0.0299
2,4,1.1974,-0.0010462,0.0561,0.0548,3.1257,2.9257,0.77513,0.6318,3.3021,0.00013528,0.0591,-0.0288,-0.0305
2,4,1.2531,-0.00024621,0.0557,0.0565,2.4856,2.3918,0.94096,0.33853,-1.2655,-0.00025904,0.0472,-0.0322,-0.0331
2,4,1.3083,-0.00054621,0.0552,0.0549,3.077,2.9103,0.99995,0.0098689,-5.2722,-0.00033971,0.0539,-0.0242,-0.0254
2,4,1.3651,-0.0043462,0.0568,0.053,-2.4614,-3.0444,0.9443,-0.32909,3.1498,0.00014935,0.0603,-0.0213,-0.0263
2,4,1.4186,-0.0010462,0.0535,0.0568,-2.9299,-3.0946,0.78969,-0.6135,1.6832,-0.00021608,0.0515,-0.0281,-0.0298
2,4,1.473,5.3793e-05,0.0544,0.0555,-3.0755,3.1323,0.54776,-0.83664,-0.18929,-2.2288e-05,0.0607,-0.0252,-0.0258
2,4,1.5303,0.0011538,0.0573,0.0584,2.9228,2.9723,0.22938,-0.97334,-1.6424,-9.9402e-05,0.054,-0.0286,-0.0281
2,4,1.5863,-0.00054621,0.056,0.0543,-2.8947,-3.0365,-0.10869,-0.99408,3.2698,0.00021862,0.0599,-0.0266,-0.0278
2,4,1.644,0.0017538,0.0577,0.06,3.0948,-3.0754,-0.44358,-0.89624,-1.4973,-0.00032568,0.0531,-0.0288,-0.0277
2,4,1.7005,0.0013538,0.0565,0.0561,-2.9325,-2.8489,-0.71942,-0.69457,-0.35899,9.2494e-05,0.061,-0.0254,-0.0247
2,4,1.7593,0.00075379,0.0588,0.0582,-2.8675,-2.8576,-0.91694,-0.39903,4.9939,0.00023096,0.0561,-0.0276,-0.0275
2,4,1.8147,5.3793e-05,0.0554,0.0547,2.9998,2.9334,-0.99728,-0.073696,-2.1972,-4.4085e-05,0.0556,-0.0283,-0.0289
2,4,1.8727,0.00075379,0.058,0.0587,-2.682,-2.6706,-0.9614,0.27514,1.3633,-3.7283e-05,0.0574,-0.0259,-0.0258
2,4,1.9291,-0.00044621,0.0564,0.0552,-2.9347,-3.058,-0.813,0.58227,-0.17878,0.00021431,0.0579,-0.0269,-0.028
2,4,1.987,-0.00094621,0.0579,0.0574,-2.968,3.139,-0.56249,0.82681,2.4132,0.00016394,0.0566,-0.0269,-0.0285
2,4,2.0438,-0.00034621,0.0568,0.0574,-3.083,3.0898,-0.24952,0.96837,-0.43776,-0.00017496,0.0606,-0.0267,-0.0277
2,4,2.0999,-0.0010462,0.0561,0.0554,3.008,2.8446,0.088656,0.99606,1.549,-9.0535e-05,0.0527,-0.0312,-0.0329
2,4,2.1548,-0.0012462,0.0549,0.0547,2.803,2.5602,0.40998,0.91209,-0.96191,-0.00014204,0.0521,-0.029,-0.0309
2,4,2.2094,-0.00064621,0.0546,0.0552,2.9869,2.8326,0.68476,0.72877,-3.9109,-0.0001666,0.0537,-0.0265,-0.0278
2,4,2.2655,-0.0026462,0.0561,0.0541,-2.5861,-2.975,0.88903,0.45785,3.0111,2.2995e-05,0.057,-0.0241,-0.0274
2,4,2.3207,-4.6207e-05,0.0552,0.0578,-3.0185,-3.0976,0.9902,0.13963,-0.37672,7.9677e-05,0.0553,-0.0259,-0.0266
2,4,2.3768,-0.00084621,0.0561,0.0553,-2.7864,-2.9465,0.97989,-0.19952,1.062,-0.00013522,0.0586,-0.0251,-0.0266
2,4,2.4321,-0.0019462,0.0553,0.0542,3.1413,2.864,0.85927,-0.51152,0.30164,-0.00026231,0.0568,-0.0284,-0.031
2,4,2.4876,0.00045379,0.0555,0.0579,2.9483,2.927,0.64156,-0.76707,-1.9141,-0.00042217,0.0516,-0.0297,-0.0299
2,4,2.5429,0.00075379,0.0553,0.0556,-3.0599,-3.0472,0.35269,-0.93574,-1.8626,-0.00025833,0.0591,-0.026,-0.0259
2,4,2.6006,-0.0012462,0.0577,0.0557,-3.0719,3.0042,0.0097638,-0.99995,NaN,0.00018394,0.0631,-0.0274,-0.0293
2,4,2.662,0.0012538,0.0614,0.0639,-2.9735,-2.9141,-0.35546,-0.93469,NaN,0.0004909,0.0611,-0.0291,-0.0285
2,4,2.721,0.0022538,0.059,0.06,2.8068,2.9637,-0.66087,-0.7505,-3.9789,-0.00018211,0.0561,-0.0312,-0.0296
2,4,2.7794,0.0029538,0.0584,0.0591,-2.9666,-2.7009,-0.8805,-0.47405,1.9329,8.8408e-05,0.0588,-0.0289,-0.0266
2,4,2.8373,0.0015538,0.0579,0.0565,3.0046,3.1038,-0.98994,-0.14151,NaN,0.00013485,0.0579,-0.0298,-0.0289
2,4,2.8963,0.0024538,0.059,0.0599,-3.1094,-2.9107,-0.97664,0.2149,2.9593,0.00026162,0.0591,-0.0287,-0.0269
2,4,2.9544,0.0024538,0.0581,0.0581,2.9125,3.0983,-0.84207,0.53938,NaN,-8.2981e-05,0.058,-0.0297,-0.0279
2,4,3.0137,-0.00054621,0.0593,0.0563,-2.7603,-2.8931,-0.59776,0.80168,-0.029445,-7.9866e-05,0.0556,-0.0284,-0.0296
2,4,3.071,0.0018538,0.0573,0.0597,3.0828,-3.0605,-0.2883,0.95754,-2.1597,-0.00013374,0.0548,-0.0267,-0.0255
2,4,3.1293,0.00085379,0.0583,0.0573,-2.5744,-2.5516,0.061833,0.99809,-1.7806,-0.00015163,0.0645,-0.0232,-0.023
2,4,3.1874,-0.00024621,0.0581,0.057,-2.8657,-2.9389,0.40317,0.91512,2.3242,1.9965e-05,0.0507,-0.0296,-0.0305
2,4,3.2441,-0.00054621,0.0567,0.0564,-3.0329,3.0944,0.68862,0.72512,0.17268,-6.5408e-06,0.06,-0.0236,-0.0248
2,4,3.3,0.00075379,0.0559,0.0572,-2.9781,-2.9688,0.8909,0.4542,-1.2397,-0.00018271,0.0525,-0.0277,-0.0276
2,4,3.3558,-0.00084621,0.0558,0.0542,-2.9029,-3.0799,0.99125,0.13196,-2.2647,-9.0708e-05,0.0518,-0.0244,-0.0259
2,4,3.4122,-0.00084621,0.0564,0.0564,-2.301,-2.4869,0.97794,-0.20888,0.10252,-0.00036062,0.0604,-0.0198,-0.0213
2,4,3.4675,-0.00084621,0.0553,0.0553,-2.7579,-2.9126,0.85434,-0.51972,-0.79379,0.00013642,0.055,-0.0249,-0.0264
2,4,3.5234,-0.0021462,0.0559,0.0546,-2.5704,-2.9034,0.63231,-0.77471,0.4855,-0.00015064,0.0591,-0.024,-0.0268
2,4,3.5814,-0.0014462,0.058,0.0587,-3.0112,3.0362,0.32597,-0.94538,-2.1136,-0.00026259,0.0553,-0.0251,-0.0272
2,4,3.6375,-0.00074621,0.0561,0.0568,-2.6964,-2.8491,-0.0089175,-0.99996,-1.6769,-0.00026445,0.0584,-0.0243,-0.0257
2,4,3.6934,0.00045379,0.0559,0.0571,-2.7383,-2.7599,-0.34163,-0.93983,1.5839,-8.493e-05,0.0608,-0.0268,-0.027
2,4,3.7509,0.0042538,0.0575,0.0613,3.0298,-2.8812,-0.64278,-0.76605,-1.4236,-0.00016847,0.056,-0.0301,-0.0265
2,4,3.8093,0.0025538,0.0584,0.0567,-3.036,-2.8185,-0.86894,-0.49492,-2.1143,-0.00019577,0.0586,-0.0277,-0.0258
2,4,3.8678,0.0013538,0.0585,0.0573,-3.0119,-2.9354,-0.98687,-0.1615,NaN,-7.7001e-05,0.0601,-0.0278,-0.0271
2,4,3.9268,0.0010538,0.059,0.0587,3.1366,-3.1059,-0.98078,0.19511,0.10074,-0.00026906,0.0528,-0.0289,-0.0285
2,4,3.9851,-0.00054621,0.0583,0.0567,-2.8146,-2.9592,-0.85216,0.52328,-1.3048,-0.00024802,0.0593,-0.0234,-0.0246
2,4,4.0423,0.0017538,0.0572,0.0595,-2.7433,-2.6271,-0.62291,0.78229,2.7298,0.00030358,0.0601,-0.0255,-0.0244
2,4,4.101,-0.0013462,0.0587,0.0556,-3.1049,2.9919,-0.31049,0.95058,-3.6704,-0.00032242,0.0539,-0.0269,-0.0289
2,4,4.1573,-0.00074621,0.0563,0.0569,-2.7023,-2.865,0.02646,0.99965,2.2194,0.00013364,0.0601,-0.0245,-0.0259
2,4,4.2143,-0.00074621,0.057,0.057,-3.0997,3.0402,0.36431,0.93128,-0.67367,2.5894e-05,0.0581,-0.0276,-0.029
2,4,4.2706,-0.0017462,0.0563,0.0553,-3.0454,2.984,0.65566,0.75506,-0.40093,-0.00026917,0.0538,-0.0294,-0.0318
2,4,4.3268,-0.00094621,0.0562,0.057,-3.1274,2.9624,0.8707,0.49182,0.87305,-0.00019572,0.0547,-0.027,-0.0286
2,4,4.3819,-0.0011462,0.0551,0.0549,3.1291,2.9201,0.98397,0.17834,-2.295,-3.911e-05,0.0581,-0.0266,-0.0284
2,4,4.4393,-0.0034462,0.0574,0.0551,-3.0525,2.8219,0.98566,-0.16874,-0.71923,-0.00052491,0.0486,-0.0273,-0.0314
2,4,4.4916,-0.00054621,0.0523,0.0552,-2.9407,-3.1012,0.88355,-0.46834,-0.42924,0.00025322,0.0578,-0.0236,-0.0248
2,4,4.5471,-0.0020462,0.0555,0.054,-2.9398,3.0691,0.67877,-0.73436,-2.1366,4.5643e-06,0.051,-0.0259,-0.0286
2,4,4.6026,-0.00074621,0.0555,0.0568,-2.531,-2.707,0.39748,-0.91761,2.1053,-6.8141e-05,0.0641,-0.0214,-0.0228
2,4,4.6605,-0.00084621,0.0579,0.0578,-3.0124,3.1192,0.056849,-0.99838,1.2759,0.00026743,0.0637,-0.0276,-0.0291
2,4,4.7189,0.0027538,0.0584,0.062,3.1094,-2.976,-0.29366,-0.95591,NaN,-9.7662e-05,0.0564,-0.0329,-0.0308
2,4,4.7788,0.0016538,0.0599,0.0588,3.0338,-3.1343,-0.61478,-0.7887,0.11372,-5.4359e-05,0.0531,-0.0294,-0.0284
2,4,4.8365,0.0020538,0.0577,0.0581,3.113,-3.0018,-0.84831,-0.52951,-3.7055,-0.00026613,0.0564,-0.0248,-0.0234
2,4,4.8949,0.0016538,0.0584,0.058,-2.3286,-2.2247,-0.97945,-0.20169,-0.23502,8.0207e-05,0.0599,-0.0228,-0.0218
2,4,4.9533,0.0016538,0.0584,0.0584,-2.6074,-2.4932,-0.98849,0.15126,0.67306,0.00028695,0.0601,-0.0243,-0.0233
2,4,5.0117,0.0028538,0.0584,0.0596,-2.5848,-2.3722,-0.87431,0.48536,-0.55377,1.7486e-05,0.0563,-0.026,-0.0238
2,4,5.0702,0.00035379,0.0585,0.056,-2.5956,-2.6422,-0.65068,0.75935,1.4539,8.8166e-05,0.0618,-0.0238,-0.0241
2,4,5.1266,0.00055379,0.0564,0.0566,3.1227,3.1124,-0.3576,0.93387,-0.49199,0.00014211,0.0602,-0.0292,-0.0293
2,4,5.1846,0.00015379,0.058,0.0576,2.888,2.8379,-0.0132,0.99991,-0.78804,-8.4156e-05,0.0508,-0.0314,-0.0319
2,4,5.2418,-0.0016462,0.0572,0.0554,3.0715,2.7852,0.32824,0.94459,-2.8599,-0.000256,0.0523,-0.025,-0.0273
2,4,5.2965,-0.0017462,0.0547,0.0546,-2.6073,-2.8933,0.61854,0.78575,-0.068787,2.7675e-05,0.0586,-0.0226,-0.025
2,4,5.3525,-0.00084621,0.056,0.0569,-2.728,-2.8839,0.84535,0.5342,0.35184,-8.0559e-05,0.0504,-0.0252,-0.0267
2,4,5.4088,-0.00094621,0.0563,0.0562,-2.4023,-2.6262,0.97559,0.21959,-0.24751,-0.00011173,0.0592,-0.0193,-0.0209
2,4,5.4654,-0.0021462,0.0566,0.0554,-2.5208,-2.8154,0.99249,-0.12229,-1.8148,1.308e-05,0.0589,-0.0219,-0.0247
2,4,5.5232,-0.0024462,0.0578,0.0575,-2.3926,-2.6896,0.8898,-0.45634,2.6591,7.7009e-05,0.0584,-0.023,-0.0261
2,4,5.5764,-0.00074621,0.0532,0.0549,-2.8977,-3.0396,0.69871,-0.71541,-0.77208,-2.0782e-06,0.0529,-0.0282,-0.0296
2,4,5.6348,-0.0025462,0.0584,0.0566,-2.8257,3.0628,0.40653,-0.91364,-1.5476,-0.00032163,0.0584,-0.0227,-0.0259
2,4,5.691,0.00065379,0.0562,0.0594,-2.5519,-2.5519,0.077018,-0.99703,2.0093,8.2898e-05,0.0618,-0.0249,-0.0249
2,4,5.7475,5.3793e-05,0.0565,0.0559,2.9504,2.8995,-0.26315,-0.96475,NaN,1.9587e-05,0.06,-0.0302,-0.0308
2,4,5.8065,0.0041538,0.059,0.0631,3.0319,-2.9214,-0.58499,-0.81104,1.4682,-0.00010134,0.0554,-0.0312,-0.0277
2,4,5.8633,0.0017538,0.0568,0.0544,2.9757,3.104,-0.82493,-0.56524,NaN,-3.7867e-05,0.0585,-0.0298,-0.0287
2,4,5.9228,-0.0011462,0.0595,0.0566,3.0664,2.8827,-0.97155,-0.23683,NaN,0.00013608,0.0586,-0.0288,-0.0306
2,4,5.9818,-0.00044621,0.059,0.0597,-3.0857,3.0832,-0.99287,0.11919,-1.2919,-0.00010945,0.0539,-0.0284,-0.0295
2,4,6.0402,0.0016538,0.0584,0.0605,-2.6773,-2.5451,-0.88956,0.45681,NaN,0.00017088,0.0587,-0.0239,-0.0229
2,4,6.0994,0.00065379,0.0592,0.0582,-2.7309,-2.7309,-0.67177,0.74076,-1.1791,-3.1339e-05,0.0603,-0.0234,-0.0234
2,4,6.1569,5.3793e-05,0.0575,0.0569,-2.4705,-2.529,-0.37753,0.926,0.73304,0.00011465,0.057,-0.0262,-0.0268
2,4,6.2153,-0.00074621,0.0584,0.0576,-2.7873,-2.9476,-0.032194,0.99948,0.92538,-0.00017214,0.0573,-0.0248,-0.0262
2,4,6.2702,-0.0014462,0.0549,0.0542,3.1111,2.8705,0.29692,0.9549,-0.87611,-6.8016e-06,0.0566,-0.0272,-0.0293
2,4,6.3275,-0.0015462,0.0573,0.0572,-2.8621,-3.0989,0.60495,0.79626,0.088845,-6.1942e-05,0.0539,-0.0265,-0.0287
2,4,6.3839,-0.0011462,0.0564,0.0568,-2.7829,-2.996,0.83739,0.54661,0.47615,-0.00021018,0.0554,-0.024,-0.0258
2,4,6.4401,-0.00094621,0.0562,0.0564,-2.693,-2.8758,0.97211,0.23455,-1.6794,-3.5103e-05,0.0545,-0.0232,-0.0248
2,4,6.4982,-0.0027462,0.0581,0.0563,-2.2563,-2.6499,0.99324,-0.1161,2.47,-0.00011219,0.0647,-0.0196,-0.023
2,4,6.5529,-0.0016462,0.0547,0.0558,-2.9981,3.0916,0.90097,-0.43389,1.4004,-2.7177e-05,0.0575,-0.0296,-0.0319
2,4,6.6089,-0.00074621,0.056,0.0569,3.0892,2.9251,0.70445,-0.70975,0.69373,-0.00038168,0.056,-0.0311,-0.0325
2,4,6.664,0.00045379,0.0551,0.0563,2.6409,2.6177,0.43206,-0.90185,-2.5352,-0.00015919,0.0569,-0.032,-0.0322
2,4,6.7205,-0.00094621,0.0565,0.0551,2.0761,1.9124,0.1032,-0.99466,-5.7024,-0.00036702,0.0448,-0.0324,-0.034
2,4,6.7765,0.0023538,0.056,0.0593,-2.5971,-2.3555,-0.23475,-0.97206,NaN,3.4498e-05,0.063,-0.0212,-0.0195
2,4,6.8361,0.0018538,0.0596,0.0591,-2.6351,-2.5038,-0.56397,-0.8258,-0.0123,-6.8699e-05,0.062,-0.0246,-0.0234
2,4,6.8936,0.0027538,0.0575,0.0584,-3.1369,-2.9209,-0.81263,-0.58278,-0.70523,-7.7811e-05,0.0559,-0.0291,-0.027
2,4,6.9519,0.00085379,0.0583,0.0564,-3.0698,-3.0474,-0.96435,-0.26464,-1.9629,-0.00032411,0.0565,-0.0267,-0.0265
2,4,7.0101,-0.00034621,0.0582,0.057,-2.6903,-2.7987,-0.99631,0.085785,-0.15411,-0.00030691,0.0551,-0.025,-0.026
2,4,7.0672,5.3793e-05,0.0571,0.0575,-2.5986,-2.6682,-0.90774,0.41952,-2.1527,-2.7935e-05,0.0536,-0.023,-0.0236
2,4,7.1259,0.00025379,0.0587,0.0589,-2.1606,-2.2088,-0.70407,0.71013,-0.16988,8.4112e-05,0.0602,-0.0179,-0.0183
2,4,7.1836,0.00015379,0.0577,0.0576,-2.205,-2.2557,-0.41727,0.90878,NaN,0.00033166,0.0667,-0.0204,-0.0209
2,4,7.2425,-0.00064621,0.0589,0.0581,-2.7072,-2.7941,-0.072408,0.99738,-0.34042,1.6176e-05,0.0579,-0.0282,-0.0295
2,4,7.3,0.0018538,0.0575,0.06,-2.8984,-2.7651,0.27346,0.96188,NaN,6.0145e-05,0.054,-0.0286,-0.0274
2,4,7.3589,0.00085379,0.0589,0.0579,-3.0869,-3.0625,0.59315,0.80509,-0.85677,-0.00012006,0.0622,-0.0237,-0.0235
2,4,7.4156,-4.6207e-05,0.0567,0.0558,-2.9997,-3.0533,0.83025,0.55739,-0.83661,2.8783e-05,0.0534,-0.0292,-0.0299
2,4,7.4734,-0.00044621,0.0578,0.0574,-2.7406,-2.8729,0.97135,0.23765,-0.66321,-0.00010522,0.0557,-0.0248,-0.0259
2,4,7.5297,-0.00074621,0.0563,0.056,-2.8305,-2.9925,0.99478,-0.10204,-0.82517,-0.00015284,0.0566,-0.0242,-0.0256
2,4,7.5868,-0.00064621,0.0571,0.0572,-2.8643,-3.0019,0.90077,-0.43429,-4.4502,-0.00030244,0.0541,-0.0237,-0.025
2,4,7.6443,-0.00094621,0.0575,0.0572,-2.1182,-2.2908,0.69763,-0.71646,0.29185,-2.9104e-05,0.0545,-0.0203,-0.0219
2,4,7.699,-0.00024621,0.0547,0.0554,-2.3569,-2.4651,0.42561,-0.90491,2.7477,0.00019131,0.0657,-0.0201,-0.021
2,4,7.7577,0.00095379,0.0587,0.0599,-3.0111,-2.9834,0.082788,-0.99657,-0.82427,-1.0457e-06,0.0591,-0.0271,-0.0268
2,4,7.8145,-0.00044621,0.0568,0.0554,-3.0397,3.1343,-0.25933,-0.96579,NaN,-8.537e-05,0.0555,-0.0294,-0.0305
2,4,7.8734,0.00085379,0.0589,0.0602,-2.7789,-2.7552,-0.58128,-0.81371,-0.16677,-4.7226e-05,0.0596,-0.026,-0.0258
2,4,7.9313,0.0037538,0.0579,0.0608,-3.0274,-2.687,-0.82612,-0.56349,4.2244,0.00013559,0.0624,-0.0277,-0.0246
2,4,7.9897,0.0023538,0.0584,0.057,2.8269,2.979,-0.97046,-0.24127,NaN,-0.00051453,0.0511,-0.0317,-0.03
2,4,8.0497,0.00025379,0.06,0.0579,-2.4162,-2.4671,-0.99269,0.12069,NaN,0.00030863,0.0585,-0.0228,-0.0232
2,4,8.1092,-0.0010462,0.0595,0.0582,-2.7308,-2.9296,-0.88579,0.46408,NaN,0.00026057,0.0639,-0.0218,-0.0235
2,4,8.1699,0.0015538,0.0607,0.0633,-2.5503,-2.4782,-0.65885,0.75228,NaN,0.0001794,0.0517,-0.025,-0.0241
2,4,8.2292,-0.00044621,0.0593,0.0573,-2.0385,-2.175,-0.35123,0.93629,NaN,-5.6972e-05,0.0669,-0.0174,-0.0185
2,4,8.2887,0.00015379,0.0595,0.0601,-2.5794,-2.6282,0.0027322,1,2.3352,0.00020506,0.0606,-0.0248,-0.0253
2,5,0.1561,-0.0018973,0.0524,0.0534,-1.761,-2.0615,-0.88015,-0.4747,NaN,-0.0004555,0.0506,-0.015,-0.018
2,5,0.3603,0.00070269,0.0491,0.0505,-3.1148,3.1285,-0.73382,0.67935,-4.1517,-0.00025072,0.0376,-0.0241,-0.0245
2,5,0.4109,0.00020269,0.0506,0.0501,-2.05,-2.2013,-0.49365,0.86966,-0.79742,-0.00035162,0.0373,-0.0111,-0.012
2,5,0.463,0.00080269,0.0521,0.0527,0.59136,0.54329,-0.19821,0.98016,-1.8531,-4.3404e-05,0.0575,0.0037,0.0034
2,5,0.5138,0.0022027,0.0508,0.0522,-0.3281,-0.2087,0.10911,0.99403,-6.8728,-0.00057477,0.0574,-0.003,-0.0019
2,5,0.562,0.0061027,0.0482,0.0521,-1.3373,-0.80822,0.3916,0.92014,0.83263,0.00016654,0.0504,-0.0122,-0.0072
2,5,0.6177,0.0018027,0.0557,0.0514,-0.88557,-0.80911,0.67504,0.73778,2.4358,-0.00011534,0.0529,-0.0069,-0.0062
2,5,0.6687,0.0034027,0.051,0.0526,-0.98876,-0.73231,0.86796,0.49663,-0.71699,0.00034707,0.0513,-0.0088,-0.0065
2,5,0.7194,0.0042027,0.0507,0.0515,-1.1843,-0.7935,0.97772,0.20989,1.4346,-0.0001518,0.0514,-0.0094,-0.0063
2,5,0.7732,0.0013027,0.0538,0.0509,-0.88495,-0.85988,0.99332,-0.11537,3.4606,5.6682e-05,0.0502,-0.007,-0.0068
2,5,0.8297,-0.0013973,0.0565,0.0538,-0.094344,-0.42266,0.89644,-0.44317,0.46595,-6.1861e-05,0.0498,-0.0007,-0.0032
2,5,0.8786,0.0011027,0.0489,0.0514,-0.19168,-0.19168,0.72728,-0.68634,0.15225,0.00016242,0.0523,-0.0016,-0.0016
2,5,0.9305,0.0018027,0.0519,0.0526,-0.24234,-0.16046,0.47839,-0.87815,-0.31393,-0.00040047,0.0588,-0.002,-0.0013
2,5,0.9809,0.0014027,0.0504,0.05,-1.1542,-1.1223,0.19121,-0.98155,-1.4275,2.0545e-05,0.0495,-0.0104,-0.0101
2,5,1.0326,0.0026027,0.0517,0.0529,-1.1414,-0.93466,-0.12163,-0.99258,-1.378,-0.0001281,0.0507,-0.0082,-0.0067
2,5,1.0824,0.0022027,0.0498,0.0494,-0.99854,-0.88694,-0.41205,-0.91116,0.69799,0.00015007,0.0522,-0.0091,-0.008
2,5,1.132,0.0036027,0.0496,0.051,-1.5779,-1.2333,-0.66408,-0.74766,-3.0264,-0.00022133,0.0575,-0.0117,-0.0092
2,5,1.1841,0.00070269,0.0521,0.0492,-1.6002,-1.6386,-0.86393,-0.50361,4.8193,0.00049667,0.0453,-0.0171,-0.0175
2,5,1.2336,0.0030027,0.0495,0.0518,-1.9792,-1.6759,-0.97439,-0.22489,1.0996,-7.5674e-05,0.0451,-0.0129,-0.011
2,5,1.2847,0.0016027,0.0511,0.0497,NaN,NaN,-0.99649,0.083754,0.98243,0.00013171,NaN,NaN,NaN
2,5,1.3359,0.0010027,0.0512,0.0506,-1.5719,-1.5853,-0.92294,0.38494,-0.94936,8.7699e-05,0.0486,-0.0118,-0.0119
2,5,1.3862,0.00050269,0.0503,0.0498,-1.2946,-1.3712,-0.76423,0.64495,2.6873,0.00025795,0.0518,-0.0101,-0.0107
2,5,1.4357,0.0035027,0.0495,0.0525,-1.544,-1.2499,-0.5387,0.8425,0.92227,9.372e-05,0.0488,-0.0124,-0.01
2,5,1.4824,0.0045027,0.0467,0.0477,-1.9045,-1.4592,-0.28113,0.95967,-1.4791,0.00017167,0.0505,-0.0145,-0.0111
2,5,1.5313,0.0054027,0.0489,0.0498,-1.9962,-1.4656,0.012334,0.99992,4.2162,0.0003116,0.049,-0.0161,-0.0118
2,5,1.583,0.0034027,0.0517,0.0497,-1.7203,-1.4226,0.32088,0.94712,1.4995,0.00039887,0.0477,-0.0134,-0.0111
2,5,1.6343,0.0022027,0.0513,0.0501,-1.3833,-1.2306,0.59603,0.80296,3.935,9.5768e-05,0.0465,-0.0098,-0.0087
2,5,1.6836,0.00080269,0.0493,0.0479,-0.89609,-0.9345,0.80655,0.59117,4.5912,0.00057767,0.0482,-0.007,-0.0073
2,5,1.7309,0.0054027,0.0473,0.0519,-0.98958,-0.45174,0.9411,0.33813,-0.544,0.00017074,0.0512,-0.0079,-0.0036
2,5,1.7838,0.0044027,0.0529,0.0519,-0.81155,-0.3848,0.99973,0.02331,1.5878,3.6172e-05,0.051,-0.0062,-0.0029
2,5,1.8374,0.0010027,0.0536,0.0502,-0.41879,-0.43021,0.95458,-0.29797,-1.8916,-0.00021569,0.0541,-0.0036,-0.0037
2,5,1.8876,0.0027027,0.0502,0.0519,-0.86017,-0.6761,0.82092,-0.57104,3.2165,9.2718e-06,0.0549,-0.0075,-0.0059
2,5,1.9393,0.0019027,0.0517,0.0509,-1.6621,-1.4967,0.60415,-0.79687,-5.1127,-3.3949e-05,0.0523,-0.0107,-0.0099
2,5,1.9897,0.0027027,0.0504,0.0512,-1.477,-1.2871,0.33563,-0.94199,1.7878,-9.6032e-05,0.0586,-0.0126,-0.011
2,5,2.0453,-0.0020973,0.0556,0.0508,-1.9307,-2.2811,0.0042413,-0.99999,1.3438,9.0298e-05,0.0441,-0.0156,-0.0188
2,5,2.0929,0.0017027,0.0476,0.0514,-1.4991,-1.4186,-0.28131,-0.95962,-0.28802,-9.9964e-05,0.05,-0.0121,-0.0115
2,5,2.146,-0.0022973,0.0531,0.0491,-1.1449,-1.5897,-0.57122,-0.8208,-2.8309,-0.00020487,0.055,-0.009,-0.0124
2,5,2.1959,-0.0032973,0.0499,0.0489,-1.5234,-2.0062,-0.79035,-0.61266,1.2483,-4.2547e-05,0.0451,-0.0141,-0.0185
2,5,2.2476,-0.0024973,0.0517,0.0525,-1.0707,-1.6199,-0.94104,-0.33829,-2.7607,-0.00041218,0.0599,-0.0075,-0.0111
2,5,2.296,-0.0032973,0.0484,0.0476,-1.7522,-2.1507,-0.99871,-0.05081,-0.49076,-0.00011418,0.0487,-0.019,-0.0234
2,5,2.3474,-0.0030973,0.0514,0.0516,-2.1126,-2.6653,-0.96596,0.25869,3.2866,0.00039858,0.0374,-0.0163,-0.0205
2,5,2.3974,-0.0021973,0.05,0.0509,-0.92282,-1.7419,-0.84424,0.53597,-3.3167,-0.00045254,0.0641,-0.0037,-0.007
2,5,2.4454,-0.00019731,0.048,0.05,-2.0502,-2.1347,-0.65434,0.7562,2.9826,0.00050809,0.039,-0.0198,-0.0211
2,5,2.4932,0.0034027,0.0478,0.0514,-1.8184,-1.3913,-0.41022,0.91199,-5.3483,-0.00033598,0.0522,-0.011,-0.0087
2,5,2.5433,0.0022027,0.0501,0.0489,-1.5924,-1.4639,-0.11782,0.99303,0.64893,-7.5263e-05,0.0518,-0.0131,-0.012
2,5,2.5944,0.0011027,0.0511,0.05,-1.6102,-1.6102,0.1914,0.98151,3.1735,0.00010722,0.0421,-0.0138,-0.0138
2,5,2.6444,0.0025027,0.05,0.0514,-0.81018,-0.61379,0.47642,0.87922,NaN,-0.00011547,0.047,-0.0059,-0.0045
2,5,2.7986,0.0012027,0.0538,0.0516,-0.47176,-0.45963,0.99067,0.13629,-0.86229,-3.8937e-05,0.0525,-0.0038,-0.0037
2,5,2.8503,0.0013027,0.0517,0.0518,-0.5945,-0.58185,0.98427,-0.17668,0.5852,-7.4383e-05,0.0544,-0.0046,-0.0044
2,5,2.9052,-0.00069731,0.0549,0.0529,-0.36093,-0.51996,0.87207,-0.48939,-0.48689,0.00014984,0.058,-0.0041,-0.0059
2,5,2.954,0.00090269,0.0488,0.0504,-1.451,-1.4732,0.69089,-0.72296,0.82757,0.00041647,0.0529,-0.0133,-0.0135
2,5,3.0082,-0.00029731,0.0542,0.053,-1.6429,-1.8255,0.41977,-0.90763,-1.7333,-0.00041019,0.055,-0.012,-0.0134
2,5,3.0603,-0.0023973,0.0521,0.05,-1.7996,-2.1824,0.11617,-0.99323,2.5271,0.00039957,0.0473,-0.0149,-0.0184
2,5,3.1074,0.0022027,0.0471,0.0517,-1.9644,-1.8126,-0.16911,-0.9856,-1.6049,-0.00015239,0.0569,-0.0151,-0.014
2,5,3.1612,-0.0013973,0.0538,0.0502,-2.2643,-2.564,-0.47681,-0.87901,3.4874,0.0004752,0.0422,-0.0182,-0.0207
2,5,3.2085,0.00060269,0.0473,0.0493,-2.3075,-2.3857,-0.70654,-0.70767,-1.4108,-0.00031712,0.0578,-0.0131,-0.0136
2,5,3.2589,0.0017027,0.0504,0.0515,-2.3134,-2.2598,-0.8871,-0.46158,0.084577,8.5115e-05,0.0458,-0.0205,-0.0199
2,5,3.3086,0.0016027,0.0497,0.0496,-2.343,-2.2729,-0.98427,-0.17668,-0.94511,-1.7243e-05,0.0539,-0.0166,-0.0161
2,5,3.3603,0.0015027,0.0517,0.0516,-2.0377,-1.9967,-0.99067,0.13629,-1.7416,-5.9947e-05,0.0496,-0.0188,-0.0184
2,5,3.4104,0.00070269,0.0501,0.0493,-2.4199,-2.4719,-0.90419,0.42712,0.099899,-0.00010513,0.0479,-0.0183,-0.0187
2,5,3.4605,0.0010027,0.0501,0.0504,-2.165,-2.1777,-0.73447,0.67864,-1.7745,-0.00023703,0.0587,-0.0161,-0.0162
2,5,3.5155,-0.0024973,0.055,0.0515,NaN,NaN,-0.47107,0.8821,3.1686,0.00066449,NaN,NaN,NaN
2,5,3.5611,0.0023027,0.0456,0.0504,-1.3365,-1.0894,-0.21165,0.97735,-2.9162,-0.00018421,0.0535,-0.0079,-0.0067
2,5,3.6079,0.0062027,0.0468,0.0507,-1.6668,-1.094,0.071214,0.99746,1.1723,0.00015009,0.0502,-0.0146,-0.0095
2,5,3.6557,0.0056027,0.0478,0.0472,-2.2083,-1.6249,0.35404,0.93523,1.7893,0.00017105,0.0507,-0.017,-0.0125
2,5,3.7099,0.0012027,0.0542,0.0498,-1.7883,-1.7762,0.63763,0.77035,4.2249,0.00022513,0.0424,-0.0135,-0.0134
2,5,3.7615,0.0011027,0.0516,0.0515,-0.5379,-0.5379,0.84423,0.53598,1.2296,0.00015936,0.0543,-0.0043,-0.0043
2,5,3.8126,0.0022027,0.0511,0.0522,-0.86815,-0.74317,0.96767,0.25223,-0.099715,0.00010168,0.0499,-0.0075,-0.0064
2,5,3.8645,0.0041027,0.0519,0.0538,-0.73554,-0.33812,0.99817,-0.060518,2.9725,-0.00012848,0.0546,-0.0055,-0.0025
2,5,3.9201,-0.0020973,0.0556,0.0494,-0.43946,-0.74239,0.92161,-0.38812,-0.28635,0.00014459,0.0524,-0.0045,-0.0077
2,5,3.9694,0.00050269,0.0493,0.0519,NaN,NaN,0.76592,-0.64294,-1.3242,-0.00016425,NaN,NaN,NaN
2,5,4.0241,-0.00059731,0.0547,0.0536,-1.7964,-1.8753,0.51406,-0.85776,-1.0204,-9.7328e-05,0.0487,-0.0236,-0.0253
2,5,4.0753,-0.00069731,0.0512,0.0511,-2.6866,-2.9227,0.22663,-0.97398,0.94864,0.00015178,0.0517,-0.0211,-0.0229
2,5,4.1274,-0.0024973,0.0521,0.0503,-2.5815,-3.0089,-0.088023,-0.99612,-2.2608,4.4462e-05,0.0477,-0.0207,-0.0243
2,5,4.1792,-0.0020973,0.0518,0.0522,-2.0824,-2.5063,-0.39225,-0.91986,0.76323,1.1071e-05,0.0504,-0.0166,-0.0198
2,5,4.2268,0.00020269,0.0476,0.0499,-2.6886,-2.7985,-0.63844,-0.76967,-6.1666,-0.00049459,0.0519,-0.0194,-0.0203
2,5,4.2813,-0.0027973,0.0545,0.0515,-1.9375,-2.3755,-0.8541,-0.52011,-0.020812,0.00016121,0.0505,-0.0168,-0.0207
2,5,4.3339,-0.0021973,0.0526,0.0532,-1.7589,-2.1881,-0.97431,-0.22523,1.7114,-5.8035e-05,0.0581,-0.0147,-0.018
2,5,4.3843,-0.00089731,0.0504,0.0517,-2.5491,-2.7601,-0.99686,0.079159,-0.6995,4.9498e-05,0.0501,-0.0224,-0.0244
2,5,4.4361,-0.0025973,0.0518,0.0501,-2.6717,3.1397,-0.92331,0.38405,1.0294,5.6248e-05,0.0475,-0.0207,-0.0244
2,5,4.4826,0.0058027,0.0465,0.0549,-3.1026,-2.52,-0.77953,0.62637,-2.8525,-0.00023928,0.0488,-0.0217,-0.017
2,5,4.5384,-0.0019973,0.0558,0.048,-1.7043,-2.0401,-0.52665,0.85008,2.7519,0.00051708,0.0391,-0.0147,-0.0178
2,5,4.5842,0.0012027,0.0458,0.049,-1.3035,-1.286,-0.2727,0.9621,-0.11204,-0.000184,0.0515,-0.008,-0.0079
2,5,4.6383,-0.0019973,0.0541,0.0509,-0.60357,-0.93966,0.05269,0.99861,0.90973,0.00026363,0.0476,-0.0054,-0.0085
2,5,4.6858,0.0022027,0.0475,0.0517,-0.67194,-0.5484,0.33491,0.94225,-2.8939,-0.00017942,0.0565,-0.0055,-0.0044
2,5,4.7365,0.0012027,0.0507,0.0497,-1.3325,-1.3215,0.60499,0.79623,4.1026,0.00034509,0.0446,-0.0113,-0.0112
2,5,4.7882,0.0011027,0.0517,0.0516,-0.57386,-0.57386,0.82152,0.57018,2.8995,-6.2054e-05,0.0492,-0.0042,-0.0042
2,5,4.844,-0.0014973,0.0558,0.0532,0.30435,-0.038293,0.96444,0.26429,0.95488,1.0295e-05,0.0498,0.0024,-0.0002
2,5,4.893,0.0011027,0.049,0.0516,0.17474,0.17474,0.99954,-0.030438,-1.3596,-7.8264e-05,0.0601,0.0016,0.0016
2,5,4.9469,0.00080269,0.0539,0.0536,-0.53734,-0.57208,0.93655,-0.35054,-3.3282,-0.00026115,0.063,-0.0046,-0.0049
2,5,5.003,-0.00059731,0.0561,0.0547,-1.1939,-1.3714,0.76534,-0.64362,4.7607,0.00032483,0.0428,-0.0115,-0.0132
2,5,5.0556,-0.0018973,0.0526,0.0513,NaN,NaN,0.5242,-0.85159,-1.8674,-0.00033883,NaN,NaN,NaN
2,5,5.107,-0.0022973,0.0514,0.051,-2.9453,2.9093,0.237,-0.97151,-0.88823,0.00014944,0.047,-0.0237,-0.0271
2,5,5.1597,-0.0014973,0.0527,0.0535,-2.6773,-3.0087,-0.08104,-0.99671,-2.9582,-0.00010832,0.0471,-0.018,-0.0206
2,5,5.2123,-0.0011973,0.0526,0.0529,-1.3006,-1.5438,-0.39027,-0.9207,0.80381,0.00019031,0.0575,-0.0125,-0.0148
2,5,5.2634,-0.0022973,0.0511,0.05,-2.1989,-2.5706,-0.65305,-0.75732,-3.6395,-0.00037529,0.0521,-0.0189,-0.0223
2,5,5.3153,-0.0032973,0.0519,0.0509,-2.3253,-2.8541,-0.85583,-0.51726,1.9144,0.00049615,0.0493,-0.0191,-0.0235
2,5,5.3667,-0.0020973,0.0514,0.0526,-2.2581,-2.6718,-0.9734,-0.2291,-1.4797,-0.00033855,0.0557,-0.017,-0.0202
2,5,5.4178,-0.00089731,0.0511,0.0523,-2.5157,-2.7373,-0.99684,0.079445,1.7835,0.00031353,0.052,-0.0216,-0.0236
2,5,5.468,0.0036027,0.0502,0.0547,-2.7163,-2.3949,-0.9269,0.37531,-0.32741,-0.00021538,0.0543,-0.0234,-0.0209
2,5,5.5205,-0.0010973,0.0525,0.0478,3.0866,2.821,-0.76231,0.64721,-0.94733,0.00012454,0.0429,-0.0252,-0.0274
2,5,5.5728,-0.0021973,0.0523,0.0512,-2.4218,-2.929,-0.52175,0.8531,-0.13365,0.00016047,0.0415,-0.0158,-0.0191
2,5,5.6178,0.0041027,0.045,0.0513,-2.1049,-1.6293,-0.27184,0.96234,0.60464,-7.3905e-05,0.0527,-0.0123,-0.0093
2,5,5.6737,-0.0016973,0.0559,0.0501,-0.84292,-1.076,0.064508,0.99792,0.21331,0.00039503,0.0462,-0.0091,-0.0119
2,5,5.7199,0.0028027,0.0462,0.0507,-1.2663,-1.0398,0.33861,0.94093,-0.42928,-5.9952e-05,0.0647,-0.0091,-0.0074
2,5,5.7724,0.0021027,0.0525,0.0518,NaN,NaN,0.61677,0.78715,7.8442,0.0006976,NaN,NaN,NaN
2,5,5.8197,0.0036027,0.0473,0.0488,-1.0464,-0.5706,0.8147,0.57989,-1.8884,-0.00012121,0.0552,-0.0061,-0.0036
2,5,5.8718,0.0012027,0.0521,0.0497,-1.0568,-1.0462,0.95479,0.29727,-1.5623,0.00011236,0.0464,-0.0092,-0.0091
2,5,5.9204,0.0040027,0.0486,0.0514,-0.95403,-0.56008,0.99998,0.0063572,1.0283,-0.00023639,0.066,-0.007,-0.0041
2,5,5.9781,-0.0022973,0.0577,0.0514,NaN,NaN,0.94126,-0.33768,3.8814,0.00025655,NaN,NaN,NaN
2,5,6.0295,-0.0017973,0.0514,0.0519,NaN,NaN,0.79186,-0.6107,-0.78053,2.1253e-05,NaN,NaN,NaN
2,5,6.0829,-0.0021973,0.0534,0.053,NaN,NaN,0.55568,-0.83139,-2.8944,-0.00013047,NaN,NaN,NaN
2,5,6.1352,-0.00049731,0.0523,0.054,-1.3804,-1.4276,0.2679,-0.96345,0.94392,0.00010189,0.0478,-0.0249,-0.0265
2,5,6.1879,-0.00079731,0.0527,0.0524,-3.0427,3.0034,-0.049173,-0.99879,-4.0359,-0.00024878,0.0462,-0.02,-0.0219
2,5,6.2393,-0.00059731,0.0514,0.0516,-1.5772,-1.7791,-0.35386,-0.9353,-0.78191,0.00019302,0.0562,-0.0148,-0.0165
2,5,6.2917,-0.0017973,0.0524,0.0512,-2.2637,-2.5907,-0.62901,-0.7774,-1.1102,-0.00031912,0.0545,-0.0186,-0.0215
2,5,6.3423,-0.0028973,0.0506,0.0495,-2.5592,-3.014,-0.83488,-0.55043,-0.13971,8.2669e-05,0.051,-0.0225,-0.0265
2,5,6.3948,-0.0027973,0.0525,0.0526,-2.7957,3.0164,-0.96543,-0.26065,-3.8781,-0.00028882,0.0498,-0.021,-0.0249
2,5,6.4459,-0.00059731,0.0511,0.0533,-2.2987,-2.5045,-0.9989,0.046967,2.1352,0.00027268,0.053,-0.0197,-0.0214
2,5,6.4945,0.00060269,0.0486,0.0498,-2.9386,-2.9988,-0.94193,0.33581,1.4631,0.00015462,0.069,-0.0241,-0.0246
2,5,6.5463,0.00040269,0.0518,0.0516,2.9417,2.9053,-0.79159,0.61106,-2.4711,-0.00026512,0.0369,-0.0413,-0.042
2,5,6.6019,-0.0022973,0.0556,0.0529,NaN,NaN,-0.54414,0.83899,2.175,0.00058339,NaN,NaN,NaN
2,5,6.6502,0.0010027,0.0483,0.0516,-0.16654,-0.17858,-0.278,0.96058,-0.69159,-0.00029545,0.0563,-0.0013,-0.0014
2,5,6.7053,-0.0020973,0.0551,0.052,-0.26768,-0.59625,0.053263,0.99858,0.66297,0.0003009,0.0508,-0.0025,-0.0057
2,5,6.753,0.0011027,0.0477,0.0509,-0.75424,-0.75424,0.33659,0.94165,0.4766,6.3453e-05,0.0607,-0.0056,-0.0056
2,5,6.8041,0.0012027,0.0511,0.0512,-1.6149,-1.6057,0.60834,0.79367,1.6553,0.00022511,0.0471,-0.0152,-0.0151
2,5,6.855,0.0024027,0.0509,0.0521,-1.5191,-1.3463,0.82116,0.5707,5.1881,0.0003785,0.0432,-0.0114,-0.0101
2,5,6.9068,0.0018027,0.0518,0.0512,-0.41951,-0.31489,0.95755,0.28828,1.8149,8.3746e-05,0.0519,-0.0028,-0.0021
2,5,6.9617,-0.00069731,0.0549,0.0524,0.01692,-0.18584,0.99915,-0.04134,1.0492,7.8127e-05,0.0529,0.0002,-0.0016
2,5,7.014,-0.0015973,0.0523,0.0514,NaN,NaN,0.93613,-0.35164,-1.9381,-0.00021578,NaN,NaN,NaN
2,5,7.0661,-0.0019973,0.0521,0.0517,-1.2699,-1.4734,0.78003,-0.62574,0.13975,0.00019245,0.0564,-0.0195,-0.0226
2,5,7.1198,-0.0023973,0.0537,0.0533,-2.7054,-3.1104,0.53814,-0.84286,-1.8143,-1.7919e-05,0.0507,-0.0222,-0.0257
2,5,7.1721,-0.0024973,0.0523,0.0522,-2.4175,-2.8748,0.24765,-0.96885,1.0129,3.0739e-05,0.0564,-0.0206,-0.0242
2,5,7.2246,-0.0023973,0.0525,0.0526,3.0481,2.675,-0.06888,-0.99762,-2.586,-0.00011212,0.0462,-0.0245,-0.028
2,5,7.2764,-0.0019973,0.0518,0.0522,-2.3653,-2.7765,-0.37451,-0.92722,-1.3444,2.5856e-05,0.0511,-0.0189,-0.022
2,5,7.3293,-0.0022973,0.0529,0.0526,-2.1714,-2.5966,-0.64841,-0.76129,-1.5577,-8.9673e-05,0.0556,-0.0171,-0.0205
2,5,7.381,-0.00079731,0.0517,0.0532,-2.1858,-2.3919,-0.85201,-0.52352,NaN,4.3727e-05,0.0538,-0.021,-0.0229
2,5,7.5373,-0.00059731,0.0523,0.054,-1.9576,-2.183,-0.92134,0.38877,1.315,-6.7467e-05,0.0553,-0.0155,-0.0172
2,5,7.5886,-0.0021973,0.0513,0.0497,-2.3608,-2.7195,-0.75759,0.65273,-0.29452,0.00014902,0.047,-0.0195,-0.0228
2,5,7.6403,-0.0026973,0.0517,0.0512,-1.943,-2.4412,-0.51866,0.85498,2.231,0.00033359,0.0418,-0.0148,-0.0186
2,5,7.6907,-0.0017973,0.0504,0.0513,-0.9973,-1.4614,-0.2366,0.97161,1.719,9.0401e-05,0.0465,-0.0062,-0.0091
2,5,7.7427,-0.0019973,0.052,0.0518,-0.092673,-0.45396,0.077209,0.99701,-2.8383,-0.00014612,0.0543,-0.0007,-0.0038
2,5,7.7871,0.0024027,0.0444,0.0488,-1.1928,-1.045,0.34029,0.94032,0.69224,0.00010277,0.0551,-0.0106,-0.0093
2,5,7.8395,0.0023027,0.0524,0.0523,-1.7307,-1.5852,0.6177,0.78642,3.3762,8.6703e-05,0.0452,-0.0133,-0.0121
2,5,7.8927,0.00070269,0.0532,0.0516,-0.65812,-0.70809,0.83562,0.54931,2.4139,9.0361e-05,0.0532,-0.0053,-0.0057
2,5,7.9441,0.0022027,0.0514,0.0529,-0.78157,-0.66031,0.96403,0.2658,1.7142,0.00024908,0.0515,-0.0071,-0.006
2,5,7.997,0.0018027,0.0529,0.0525,-0.79166,-0.69503,0.99862,-0.052558,3.048,-1.2005e-05,0.0495,-0.0057,-0.005
2,5,8.0537,-0.0022973,0.0567,0.0526,0.16959,-0.23465,0.92211,-0.38694,-1.1025,2.3489e-05,0.061,0.0015,-0.0019
2,5,8.1065,-0.0020973,0.0528,0.053,-0.66872,-0.97719,0.75291,-0.65812,1.5538,0.00012528,0.0551,-0.0067,-0.0099
2,5,8.1604,-0.0016973,0.0539,0.0543,-0.99501,-1.3625,0.50102,-0.86544,-2.4655,-0.00022031,0.0677,-0.0079,-0.0107
2,5,8.2133,-0.0026973,0.0529,0.0519,-2.3265,-2.6733,0.20176,-0.97944,-0.077298,0.00033384,0.0528,-0.0227,-0.0265
2,5,8.2674,-0.0026973,0.0541,0.0541,-2.6225,-3.0747,-0.12543,-0.9921,-1.4087,0.00017108,0.0515,-0.0214,-0.0252
2,5,8.3202,-0.0027973,0.0528,0.0527,-2.3024,-2.7824,-0.43206,-0.90184,1.5872,0.00038699,0.0599,-0.0201,-0.024
2,5,8.3743,-0.0022973,0.0541,0.0546,-2.8743,3.061,-0.70021,-0.71393,0.23885,0.00024603,0.0512,-0.0259,-0.0293
2,5,8.4289,-0.0039973,0.0546,0.0529,-2.8271,2.8242,-0.89465,-0.44676,-1.941,0.00015825,0.0534,-0.0225,-0.0276
2,5,8.4817,-0.0021973,0.0528,0.0546,-2.7065,-3.0858,-0.98992,-0.14165,-0.88342,-1.5776e-05,0.0498,-0.0231,-0.0264
2,5,8.5346,-0.0024973,0.0529,0.0526,-2.5465,-3.0011,-0.98393,0.17853,-1.4479,4.4076e-05,0.0529,-0.02,-0.0236
2,5,8.5898,-0.0021973,0.0552,0.0555,-1.9214,-2.3084,-0.87025,0.49262,2.3835,0.00032554,0.0571,-0.0177,-0.021
2,5,8.6438,-0.0026973,0.054,0.0535,-2.2936,-2.7261,-0.66492,0.74691,2.2648,0.00022084,0.0532,-0.0208,-0.0246
2,5,8.6969,-0.0016973,0.0531,0.0541,-2.8048,-3.1289,-0.39361,0.91928,0.18562,8.5371e-05,0.0465,-0.0209,-0.0237
2,5,8.7501,-0.0019973,0.0532,0.0529,NaN,NaN,-0.081021,0.99671,2.6613,0.00030469,NaN,NaN,NaN
2,5,8.8029,-0.0015973,0.0528,0.0532,0.51431,0.23854,0.23761,0.97136,-0.7355,2.8295e-05,0.0585,0.0051,0.0024
2,5,8.8498,0.0020027,0.0469,0.0505,-0.72506,-0.62556,0.50125,0.8653,1.4585,5.2228e-05,0.0534,-0.0065,-0.0056
2,5,8.9055,-0.0022973,0.0557,0.0514,-0.53083,-0.95086,0.76025,0.64964,1.4437,0.00017511,0.0572,-0.0042,-0.0076
2,5,8.9536,0.0010027,0.0481,0.0514,-1.1957,-1.2041,0.91525,0.40289,2.028,0.0002957,0.0396,-0.0133,-0.0134
2,5,9.0044,0.0012027,0.0508,0.051,-0.29896,-0.28455,0.99441,0.10562,-1.8672,-0.00036425,0.0578,-0.0021,-0.002
2,5,9.0586,0.00040269,0.0542,0.0534,-0.49297,-0.55416,0.97508,-0.22185,1.4568,0.0001486,0.0512,-0.0057,-0.0064
2,5,9.1146,-0.0020973,0.056,0.0535,-0.10652,-0.48807,0.84503,-0.53472,-0.52684,9.2276e-05,0.0591,-0.0009,-0.0041
2,5,9.1681,-0.0013973,0.0535,0.0542,NaN,NaN,0.62984,-0.77673,-0.36173,-0.00013633,NaN,NaN,NaN
2,5,9.2227,-0.0025973,0.0546,0.0534,-0.96557,-1.1516,0.34232,-0.93958,0.68141,0.00036333,0.0486,-0.0239,-0.0276
2,5,9.2763,-0.0027973,0.0536,0.0534,-2.6418,3.1411,0.02351,-0.99972,-1.0239,1.3106e-05,0.0573,-0.0189,-0.0228
2,5,9.328,-0.00059731,0.0517,0.0539,-2.4475,-2.6067,-0.28673,-0.95801,0.028413,1.9899e-05,0.0478,-0.0245,-0.0262
2,5,9.3803,-0.0011973,0.0523,0.0517,-2.5989,-2.9127,-0.57187,-0.82034,-2.3513,-3.8562e-05,0.0539,-0.02,-0.0223
2,5,9.4323,-0.0025973,0.052,0.0506,-2.458,-2.8824,-0.79858,-0.60189,-0.62853,0.00025817,0.0521,-0.0219,-0.0256
2,5,9.4861,-0.0023973,0.0538,0.054,-2.5646,-2.9946,-0.94962,-0.3134,NaN,-0.00013949,0.053,-0.0202,-0.0237
2,5,9.6425,-0.0022973,0.0515,0.0521,-2.1805,-2.5667,-0.80678,0.59085,0.31683,0.00017321,0.0518,-0.0223,-0.0257
2,5,9.6963,-0.0022973,0.0538,0.0538,-2.5699,-2.9957,-0.57417,0.81874,1.9895,0.00038825,0.0359,-0.0203,-0.0237
2,5,9.7456,0.0014027,0.0493,0.053,-1.0974,-1.043,-0.30682,0.95177,-2.0079,-0.00033357,0.0539,-0.0069,-0.0066
2,5,9.8021,-0.0016973,0.0565,0.0534,-0.50901,-0.83643,0.031648,0.9995,2.2429,0.00014863,0.0551,-0.0043,-0.0071
