1,1,0.0663,0.00016667,0.0478,0.0509,1.1189,1.1048,0.9917,-0.12855,6.2778,0.00088409,0.0489,0.0085,0.0084
1,1,0.1154,-0.0014333,0.0491,0.0475,1.2291,0.96144,0.91026,-0.41404,23.765,0.0028066,0.0471,0.0087,0.007
1,1,0.1645,-0.00083333,0.0491,0.0497,0.95625,0.85658,0.74859,-0.66303,12.368,0.0015699,0.0513,0.0107,0.0096
1,1,0.2142,-0.0010333,0.0497,0.0495,1.2085,1.0502,0.51783,-0.85548,10.072,0.00071098,0.0517,0.0091,0.0078
1,1,0.2634,-0.0014333,0.0492,0.0488,1.1878,0.87433,0.24327,-0.96996,39.308,0.003417,0.0468,0.0066,0.0049
1,1,0.3143,-0.0021333,0.0509,0.0502,1.396,1.0666,-0.063125,-0.99801,40.267,0.0049619,0.0519,0.0107,0.0083
1,1,0.3634,-0.0022333,0.0491,0.049,0.64399,0.44469,-0.35334,-0.93549,26.779,0.0031636,0.0612,0.0079,0.0054
1,1,0.4129,-0.00073333,0.0495,0.051,NaN,NaN,-0.61434,-0.78904,50.614,0.004898,NaN,NaN,NaN
1,1,0.4629,-0.0011333,0.05,0.0496,1.7758,1.6231,-0.82204,-0.56943,35.588,0.0033988,0.0574,0.0159,0.0145
1,1,0.5136,-0.0011333,0.0507,0.0507,1.0767,0.91909,-0.95589,-0.29373,30.126,0.003426,0.0497,0.0092,0.0078
1,1,0.5636,-0.0019333,0.05,0.0492,1.2269,0.94412,-0.99999,0.0053161,34.443,0.0037975,0.0505,0.0095,0.0073
1,1,0.6128,-0.00083333,0.0492,0.0503,1.1934,1.0314,-0.95418,0.29924,43.645,0.0041255,0.0486,0.0082,0.0071
1,1,0.6631,-0.00043333,0.0503,0.0507,NaN,NaN,-0.82013,0.57218,11.648,0.0018189,NaN,NaN,NaN
1,1,0.7132,-0.0012333,0.0501,0.0493,NaN,NaN,-0.61121,0.79147,44.941,0.0045768,NaN,NaN,NaN
1,1,0.7636,-0.00093333,0.0504,0.0507,1.2547,1.1717,-0.34452,0.93878,NaN,0.001326,0.0603,0.0156,0.0144
1,1,0.966,0.00046667,0.0497,0.0485,1.8358,1.859,0.76856,0.63977,-17.542,-0.0018852,0.0529,0.0153,0.0155
1,1,1.0155,0.00056667,0.0495,0.0496,1.6695,1.7139,0.92346,0.3837,-6.2273,-0.00057209,0.0461,0.0119,0.0122
1,1,1.0661,0.00046667,0.0506,0.0505,1.8891,1.9125,0.99624,0.086609,-15.136,-0.0021385,0.0499,0.0164,0.0166
1,1,1.1153,0.0016667,0.0492,0.0504,2.0218,2.1915,0.97764,-0.21028,-9.4059,-0.0017251,0.0517,0.0157,0.0171
1,1,1.1638,0.0023667,0.0485,0.0492,1.5646,1.8351,0.87459,-0.48486,-18.241,-0.0007306,0.0495,0.0125,0.0146
1,1,1.2163,-0.00093333,0.0525,0.0492,1.9353,1.7834,0.67869,-0.73442,-6.1183,-0.00015816,0.0518,0.0155,0.0143
1,1,1.2661,-0.00053333,0.0498,0.0502,1.4133,1.3303,0.42934,-0.90314,-18.349,-0.0017564,0.049,0.0135,0.0127
1,1,1.3148,-0.00013333,0.0487,0.0491,2.5496,2.5052,0.14767,-0.98904,16.507,0.00087346,0.0525,0.0132,0.0128
1,1,1.3668,-0.00053333,0.052,0.0516,1.4521,1.3549,-0.16659,-0.98603,16.19,0.0019781,0.0513,0.0127,0.0119
1,1,1.4183,-0.0023333,0.0515,0.0497,1.4188,1.1481,-0.4617,-0.88704,9.6053,0.00074967,0.0556,0.0129,0.0103
1,1,1.4694,-0.0019333,0.0511,0.0515,1.132,0.82271,-0.71037,-0.70383,22.94,0.0023096,0.0444,0.0084,0.0062
1,1,1.518,6.6667e-05,0.0486,0.0506,1.4402,1.4182,-0.88429,-0.46694,3.9874,0.00084734,0.0522,0.0126,0.0124
1,1,1.5668,-0.00043333,0.0488,0.0483,1.5523,1.437,-0.98207,-0.18854,23.908,0.0020379,0.0466,0.0092,0.0085
1,1,1.6167,-0.0010333,0.0499,0.0493,1.4632,1.3086,-0.9936,0.11292,10.666,0.0015929,0.052,0.0125,0.0112
1,1,1.6669,-0.0024333,0.0502,0.0488,1.2329,0.92285,-0.91398,0.40576,NaN,0.0014081,0.052,0.0107,0.008
1,1,1.8155,-0.00013333,0.05,0.0509,0.40275,0.34949,-0.24853,0.96862,13.559,0.00093184,0.0368,0.0031,0.0027
1,1,1.8674,-0.0027333,0.0519,0.0493,2.4036,2.0098,0.063759,0.99797,1.4206,-0.0010958,0.0479,0.0182,0.0152
1,1,1.9144,0.0013667,0.047,0.0511,1.8832,2.0039,0.34199,0.9397,-3.5627,-0.0011231,0.0546,0.0173,0.0184
1,1,1.9628,0.00046667,0.0484,0.0475,1.3859,1.4113,0.59941,0.80044,-26.334,-0.0024769,0.0494,0.0111,0.0113
1,1,2.012,0.0020667,0.0492,0.0508,1.4513,1.6848,0.80835,0.5887,-19.074,-0.0016495,0.0458,0.0109,0.0127
1,1,2.0611,0.00046667,0.0491,0.0475,1.7791,1.8038,0.94556,0.32544,-24.299,-0.0030536,0.0477,0.0142,0.0144
1,1,2.1094,0.0022667,0.0483,0.0501,2.0176,2.2674,0.99926,0.038342,-13.773,-0.0019397,0.0513,0.0148,0.0168
1,1,2.1576,0.00076667,0.0482,0.0467,1.4194,1.4832,0.96787,-0.25144,-16.689,-0.0023464,0.0469,0.0117,0.0122
1,1,2.2048,0.00066667,0.0472,0.0471,1.5555,1.6066,0.85739,-0.51466,-18.644,-0.001519,0.0498,0.012,0.0124
1,1,2.2585,0.00046667,0.0537,0.0535,1.873,1.8964,0.6475,-0.76207,-16.018,-0.0019014,0.0505,0.0159,0.0161
1,1,2.3044,0.0017667,0.0459,0.0472,1.5582,1.7745,0.41299,-0.91073,-3.9214,0.00027978,0.0482,0.0113,0.0128
1,1,2.3572,-0.0013333,0.0528,0.0497,2.0995,1.8869,0.10511,-0.99446,12.105,0.0012531,0.0501,0.0159,0.0143
1,1,2.406,-0.00053333,0.0488,0.0496,1.7262,1.6162,-0.18969,-0.98184,22.315,0.0017954,0.0536,0.0146,0.0138
1,1,2.4554,-0.0013333,0.0494,0.0486,1.0792,0.9134,-0.4712,-0.88203,-2.7559,0.00036325,0.0519,0.0104,0.0088
1,1,2.5052,0.0018667,0.0498,0.053,2.2261,2.4605,-0.71237,-0.7018,23.258,0.0016588,0.0435,0.0083,0.0099
1,1,2.5546,0.0015667,0.0494,0.0491,1.6514,1.8042,-0.88786,-0.46012,8.6399,0.0011741,0.0528,0.0142,0.0155
1,1,2.6049,-0.00043333,0.0503,0.0483,1.4038,1.3209,-0.9851,-0.17201,-5.6513,-0.000124,0.0546,0.0117,0.011
1,1,2.6535,-0.0015333,0.0486,0.0475,0.80406,0.53118,-0.99256,0.12177,25.783,0.0026631,0.0421,0.0057,0.0039
1,1,2.7043,-0.0022333,0.0508,0.0501,1.5017,1.2362,-0.90881,0.41721,9.4327,0.00062938,0.0514,0.0144,0.0119
1,1,2.7523,-0.0016333,0.048,0.0486,1.5014,1.2495,-0.7507,0.66064,13.292,0.0019028,0.0497,0.011,0.0091
1,1,2.8015,-0.0015333,0.0492,0.0493,1.2259,1.0157,-0.52315,0.85224,NaN,0.0026274,0.0501,0.0105,0.0087
1,1,2.9495,-0.00033333,0.0491,0.0497,NaN,NaN,0.34068,0.94018,39.817,0.0034791,NaN,NaN,NaN
1,1,3.0039,-0.0013333,0.0544,0.0534,1.7477,1.5994,0.62706,0.77897,4.2027,-0.00025742,0.0529,0.019,0.0174
1,1,3.052,0.00056667,0.0481,0.05,1.7871,1.8113,0.82471,0.56556,-7.9446,-0.001302,0.0493,0.0142,0.0145
1,1,3.1016,0.0020667,0.0496,0.0511,1.8339,2.0495,0.95531,0.29561,-23.044,-0.002124,0.0533,0.0145,0.0163
1,1,3.1502,0.00056667,0.0486,0.0471,1.153,1.1891,0.99999,0.0051564,-30.174,-0.0030071,0.0477,0.0098,0.0101
1,1,3.1981,0.00046667,0.0479,0.0478,1.5058,1.535,0.95951,-0.28167,-23.934,-0.0026518,0.0462,0.01,0.0102
1,1,3.246,0.00066667,0.0479,0.0481,1.5801,1.6352,0.83852,-0.54487,-16.345,-0.0027099,0.0484,0.0117,0.0121
1,1,3.2935,0.00076667,0.0475,0.0476,1.3638,1.4286,0.64902,-0.76077,-25.666,-0.002888,0.0485,0.0108,0.0113
1,1,3.3412,0.0027667,0.0477,0.0497,1.188,1.4838,0.40485,-0.91438,-45.817,-0.0046168,0.0453,0.01,0.0125
1,1,3.3885,0.00056667,0.0473,0.0451,1.79,1.8285,0.1294,-0.99159,-31.345,-0.0034466,0.0489,0.012,0.0123
1,1,3.44,-0.00083333,0.0515,0.0501,1.8915,1.7504,-0.18176,-0.98334,NaN,-0.0025201,0.0503,0.0146,0.0135
1,1,3.6823,0.00016667,0.0466,0.0464,1.5213,1.5092,-0.9966,0.082352,2.9436,0.00018418,0.0505,0.0125,0.0124
1,1,3.7326,-0.0017333,0.0503,0.0484,1.5455,1.2974,-0.92578,0.37806,-5.9643,-5.4966e-05,0.0534,0.0123,0.0103
1,1,3.7788,-0.0012333,0.0462,0.0467,0.61867,0.42978,-0.78501,0.61948,18.253,0.0017103,0.0444,0.0051,0.0036
1,1,3.8286,-0.0014333,0.0498,0.0496,1.4063,1.1761,-0.56505,0.82506,26.658,0.0028736,0.0477,0.0105,0.0088
1,1,3.8777,6.6667e-05,0.0491,0.0506,1.3051,1.2837,-0.29792,0.95459,-0.769,0.00012284,0.0582,0.0119,0.0117
1,1,3.9274,-0.0018333,0.0497,0.0478,0.53374,0.18645,-0.00089431,1,24.171,0.0025426,0.0407,0.0034,0.0013
1,1,3.9772,-0.0026333,0.0498,0.049,1.363,0.99376,0.29679,0.95494,27.242,0.0024391,0.0435,0.0125,0.0096
1,1,4.0265,-0.00023333,0.0493,0.0517,1.6502,1.6063,0.56507,0.82504,-31.741,-0.0038502,0.0552,0.0183,0.0178
1,1,4.0748,6.6667e-05,0.0483,0.0486,2.5067,2.4844,0.77936,0.62658,4.942,-0.00048926,0.0454,0.0114,0.0112
1,1,4.119,0.00056667,0.0442,0.0447,1.3168,1.3578,0.91755,0.39761,-14.196,-0.00091772,0.0461,0.0102,0.0105
1,1,4.1665,0.00046667,0.0475,0.0474,1.4643,1.4772,0.99273,0.12035,-19.971,-0.0023467,0.0464,0.0116,0.0118
1,1,4.2147,0.0023667,0.0482,0.0501,1.7691,2.0486,0.98527,-0.17102,-23.056,-0.0028448,0.0467,0.0134,0.0155
1,1,4.2623,0.00056667,0.0476,0.0458,1.789,1.8253,0.89572,-0.44461,-25.853,-0.0030895,0.053,0.0143,0.0146
1,1,4.3106,0.0023667,0.0483,0.0501,1.1099,1.3572,0.72905,-0.68446,-38.767,-0.0041557,0.0466,0.0096,0.0117
1,1,4.3572,0.0030667,0.0466,0.0473,1.3947,1.7652,0.50909,-0.86071,-36.121,-0.0039389,0.0462,0.0096,0.0124
1,1,4.4063,0.0019667,0.0491,0.048,1.9168,2.1505,0.23396,-0.97225,-2.5566,-0.00060616,0.0496,0.0125,0.0142
1,1,4.4581,-0.00073333,0.0518,0.0491,1.8069,1.6625,-0.078132,-0.99694,NaN,0.00092415,0.0486,0.0147,0.0137
1,1,4.6078,-0.0015333,0.053,0.0515,2.0015,1.6438,-0.83421,-0.55144,20.92,0.0019098,0.0432,0.0085,0.0067
1,1,4.6566,0.00036667,0.0488,0.0507,1.653,1.6651,-0.95883,-0.28397,-0.19583,0.00060612,0.0488,0.0141,0.0142
1,1,4.7051,-0.0018333,0.0485,0.0463,2.1366,1.8232,-0.99998,0.0064022,15.449,0.0017465,0.049,0.0138,0.0117
1,1,4.7524,-0.00083333,0.0473,0.0483,1.3297,1.1866,-0.95725,0.28926,27.735,0.0027364,0.0514,0.0121,0.011
1,1,4.8012,-0.0013333,0.0488,0.0483,1.0399,0.86271,-0.83116,0.55604,17.528,0.002015,0.0438,0.0095,0.0079
1,1,4.8502,-0.00013333,0.049,0.0502,1.7176,1.6773,-0.63175,0.77517,3.9012,0.00038118,0.0541,0.0147,0.0143
1,1,4.8995,6.6667e-05,0.0493,0.0495,1.4483,1.4207,-0.37521,0.92694,-4.9148,-0.00047022,0.0568,0.0099,0.0097
1,1,4.951,-0.0016333,0.0515,0.0498,NaN,NaN,-0.07202,0.9974,18.115,0.00086237,NaN,NaN,NaN
1,1,5.0003,-0.0012333,0.0493,0.0497,1.9437,1.7746,0.22516,0.97432,-3.6811,-0.00050336,0.0499,0.0198,0.0183
1,1,5.0468,0.0017667,0.0465,0.0495,2.0084,2.1796,0.48757,0.87308,-6.5831,-0.0012421,0.0533,0.0164,0.0179
1,1,5.0949,0.00046667,0.0481,0.0468,1.4094,1.4353,0.7182,0.69584,-22.177,-0.0017554,0.0473,0.0112,0.0114
1,1,5.1451,0.00036667,0.0502,0.0501,1.9667,1.9809,0.89385,0.44836,-17.212,-0.0017438,0.0455,0.0141,0.0142
1,1,5.1937,0.00066667,0.0486,0.0489,2.0332,2.0792,0.98559,0.16917,-26.687,-0.0034304,0.052,0.0172,0.0176
1,1,5.242,0.00066667,0.0483,0.0483,1.7462,1.797,0.99243,-0.12282,-20.92,-0.0022685,0.0513,0.0135,0.0139
1,1,5.2908,0.0025667,0.0488,0.0507,1.3345,1.6242,0.91338,-0.40711,-21.571,-0.0028084,0.0474,0.011,0.0133
1,1,5.3391,0.0021667,0.0483,0.0479,1.5511,1.7915,0.75679,-0.65366,-35.156,-0.0031212,0.0498,0.0119,0.0138
1,1,5.3884,0.0025667,0.0493,0.0497,1.5401,1.8624,0.5305,-0.84768,-20.183,-0.0024471,0.0464,0.0114,0.0137
1,1,5.4361,0.0019667,0.0477,0.0471,1.771,2.0146,0.26645,-0.96385,NaN,-0.00036707,0.0475,0.0127,0.0144
1,1,5.7358,0.00016667,0.0484,0.0498,1.3737,1.3101,-0.99976,-0.021696,27.605,0.0024589,0.0406,0.0051,0.005
1,1,5.7869,-0.00013333,0.0511,0.0508,1.6838,1.6385,-0.9587,0.28443,11.817,0.0013979,0.0515,0.0156,0.0152
1,1,5.8347,-0.00023333,0.0478,0.0477,1.3523,1.2981,-0.83728,0.54677,-7.8147,-0.00053615,0.0538,0.0119,0.0114
1,1,5.8844,-0.00083333,0.0497,0.0491,1.6622,1.4397,-0.63706,0.77082,NaN,0.0022203,0.0475,0.0078,0.0067
1,1,6.1302,0.0029667,0.0458,0.0489,1.4182,1.7753,0.71807,0.69597,-18.529,-0.0019959,0.0483,0.011,0.0137
1,1,6.1805,0.0015667,0.0503,0.0489,1.6818,1.8524,0.89404,0.44798,-21.294,-0.0018519,0.0482,0.013,0.0143
1,1,6.2287,0.0013667,0.0482,0.048,1.642,1.7808,0.98525,0.17115,-11.999,-0.0018698,0.0505,0.013,0.0141
1,1,6.2762,0.00036667,0.0475,0.0465,1.1908,1.2028,0.99325,-0.11601,-27.092,-0.0029882,0.0491,0.01,0.0101
1,1,6.3246,0.0023667,0.0484,0.0504,1.2953,1.5875,0.91712,-0.39861,-22.884,-0.0029507,0.0461,0.0093,0.0114
1,1,6.3718,0.0025667,0.0472,0.0474,1.3881,1.6924,0.76712,-0.6415,-36.11,-0.0035806,0.0476,0.0104,0.0127
1,1,6.4201,0.0020667,0.0483,0.0478,1.7197,2.0253,0.54905,-0.83579,-8.6615,-0.0014451,0.0423,0.0111,0.0129
1,1,6.4682,0.0013667,0.0481,0.0474,1.8319,1.9375,0.2853,-0.95844,NaN,-0.0029642,0.0548,0.0169,0.018
1,1,6.6214,-0.00053333,0.0523,0.0516,1.7937,1.6961,-0.59753,-0.80185,NaN,0.0013326,0.053,0.015,0.0142
1,1,6.7718,-0.0016333,0.0497,0.0482,1.6034,1.3667,-0.99984,-0.017632,8.6868,0.0011267,0.0508,0.0129,0.011
1,1,6.821,-0.0019333,0.0492,0.0489,1.3802,1.1097,-0.96079,0.27727,7.7038,0.0012968,0.0528,0.0113,0.0091
1,1,6.8698,-0.0016333,0.0488,0.0491,0.84267,0.62153,-0.83804,0.5456,17.408,0.0018918,0.0502,0.0073,0.0054
1,1,6.9187,0.00026667,0.0489,0.0508,0.73474,0.73474,-0.64186,0.76682,17.971,0.0018558,0.0483,0.006,0.006
1,1,6.9696,-0.0015333,0.0509,0.0491,1.2035,0.96314,-0.37836,0.92566,NaN,0.0012343,0.0486,0.0086,0.0068
1,1,7.1173,0.00066667,0.0499,0.0505,2.1679,2.2162,0.48672,0.87356,-4.7293,-0.00032208,0.0502,0.0189,0.0193
1,1,7.1671,0.0015667,0.0498,0.0507,2.1954,2.3391,0.72467,0.6891,-7.4445,-0.0012935,0.0553,0.0185,0.0198
1,1,7.2165,0.0024667,0.0494,0.0503,1.5452,1.8226,0.89586,0.44434,-11.358,-0.0015977,0.0504,0.0126,0.0148
1,1,7.2664,0.0013667,0.0499,0.0488,1.4745,1.6092,0.98761,0.15696,-34.852,-0.0031614,0.0477,0.0121,0.0132
1,1,7.3145,0.0019667,0.0481,0.0487,1.8678,2.1048,0.991,-0.13389,-16.989,-0.0024776,0.0483,0.0125,0.0142
1,1,7.3624,0.0024667,0.0479,0.0484,1.4576,1.7318,0.91104,-0.41231,-33.475,-0.0032211,0.0492,0.0121,0.0143
1,1,7.4107,0.00066667,0.0483,0.0465,1.4636,1.5168,0.75305,-0.65797,NaN,-0.0020393,0.0473,0.0112,0.0116
1,1,7.7132,-0.00093333,0.0524,0.0514,1.5766,1.377,-0.83223,-0.55443,19.144,0.002227,0.0424,0.0098,0.0086
1,1,7.7628,0.00016667,0.0496,0.0507,1.8694,1.8589,-0.95919,-0.28275,-0.28567,0.00034276,0.0558,0.017,0.0169
1,1,7.8122,-0.00033333,0.0494,0.0489,1.4885,1.4022,-0.99991,0.013133,16.211,0.0020082,0.0501,0.0106,0.01
1,2,0.0888,-0.00122,0.048,0.0478,1.159,1.0631,-0.080986,0.99672,25.981,0.003046,0.0534,0.0117,0.0107
1,2,0.138,-0.00082,0.0492,0.0496,0.9291,0.86444,0.21599,0.9764,6.3408,-9.6651e-06,0.041,0.0075,0.0069
1,2,0.1858,0.00158,0.0478,0.0502,2.273,2.4517,0.48642,0.87373,-0.40051,-0.0008393,0.0513,0.0143,0.0161
1,2,0.2333,0.00018,0.0475,0.0461,1.3679,1.4228,0.71487,0.69925,-12.797,-0.001631,0.0485,0.0105,0.0109
1,2,0.2812,0.00128,0.0479,0.049,1.1622,1.3435,0.88539,0.46485,-28.206,-0.0022614,0.0466,0.0099,0.0114
1,2,0.3286,0.00028,0.0474,0.0464,1.3557,1.4164,0.98093,0.19437,-27.515,-0.0035485,0.0489,0.0107,0.0112
1,2,0.3749,0.00028,0.0463,0.0463,1.1385,1.2089,0.99634,-0.085446,-17.665,-0.0029249,0.0458,0.0081,0.0086
1,2,0.4208,0.00248,0.0459,0.0481,1.0886,1.4468,0.93438,-0.35629,-25.824,-0.0028444,0.0463,0.0082,0.0109
1,2,0.4678,-2e-05,0.047,0.0445,1.19,1.2164,0.79626,-0.60496,-34.649,-0.0032822,0.0489,0.0089,0.0091
1,2,0.5162,0.00028,0.0484,0.0487,1.1708,1.2438,0.58685,-0.8097,-14.767,-0.0017372,0.0431,0.0084,0.0089
1,2,0.5626,0.00378,0.0464,0.0499,1.4815,1.9801,0.33856,-0.94095,-23.532,-0.0022143,0.0488,0.0117,0.0157
1,2,0.6119,-0.00022,0.0493,0.0453,1.8096,1.8096,0.045981,-0.99894,7.3429,0.00080197,0.0484,0.0122,0.0122
1,2,0.6604,-0.00032,0.0485,0.0484,1.1722,1.1622,-0.24598,-0.96927,3.6844,0.00026557,0.0525,0.0123,0.0122
1,2,0.7127,-0.00092,0.0523,0.0517,1.5707,1.4854,-0.53638,-0.84398,1.127,-0.00030409,0.0496,0.0121,0.0114
1,2,0.7612,-0.00072,0.0485,0.0487,1.8053,1.7291,-0.75828,-0.65193,22.137,0.0021511,0.0474,0.011,0.0105
1,2,0.8101,-0.00222,0.0489,0.0474,1.4336,1.201,-0.91585,-0.40151,-4.5147,0.00035621,0.0501,0.0125,0.0105
1,2,0.8554,-0.00042,0.0453,0.0471,1.0731,1.0453,-0.99048,-0.13763,12.443,0.0015196,0.0483,0.0077,0.0075
1,2,0.9037,-0.00062,0.0483,0.0481,0.91828,0.8703,-0.98797,0.15462,11.983,0.001524,0.0495,0.0077,0.0073
1,2,0.9527,-0.00262,0.049,0.047,0.93342,0.62086,-0.89922,0.43749,14.963,0.0020157,0.0471,0.0072,0.0048
1,2,0.9993,-0.00182,0.0466,0.0474,1.0328,0.78924,-0.74129,0.67118,22.864,0.0025469,0.0483,0.0067,0.0051
1,2,1.046,-0.00112,0.0467,0.0474,0.67956,0.55609,-0.52388,0.85179,27.164,0.0029886,0.0422,0.0051,0.0042
1,2,1.0939,-0.00042,0.0479,0.0486,1.343,1.3052,-0.25757,0.96626,23.707,0.0017796,0.0469,0.0108,0.0106
1,2,1.1421,-2e-05,0.0482,0.0486,1.4445,1.4808,0.032192,0.99948,2.7346,0.00037916,0.0473,0.0121,0.0123
1,2,1.1898,0.00038,0.0477,0.0481,1.7025,1.7662,0.31634,0.94865,-5.7888,-0.0012343,0.0488,0.0125,0.0131
1,2,1.2378,0.00098,0.048,0.0486,1.7107,1.8853,0.57562,0.81772,3.9595,-0.00030488,0.0473,0.0117,0.0129
1,2,1.2858,0.00268,0.048,0.0497,1.5236,1.8897,0.78634,0.6178,-15.419,-0.0013316,0.0491,0.0124,0.0153
1,2,1.3336,0.00018,0.0478,0.0453,1.368,1.4306,0.93026,0.36689,-24.84,-0.0027465,0.0486,0.0111,0.0115
1,2,1.3817,0.00258,0.0481,0.0505,1.4167,1.7927,0.99651,0.083464,-19.111,-0.0024847,0.0467,0.0106,0.0134
1,2,1.4281,0.00018,0.0464,0.044,1.3117,1.3625,0.98042,-0.19692,-24.653,-0.0029771,0.048,0.0103,0.0107
1,2,1.4756,0.00208,0.0475,0.0494,1.3224,1.6258,0.88389,-0.46769,-34.807,-0.0031827,0.046,0.0098,0.0121
1,2,1.5229,0.00288,0.0473,0.0481,1.9232,2.3977,0.71518,-0.69894,7.7367,0.00033432,0.0471,0.0111,0.0142
1,2,1.5725,-0.00022,0.0496,0.0465,1.5512,1.5512,0.47562,-0.87965,-3.0084,0.00094983,0.0504,0.0136,0.0136
1,2,1.6214,-0.00052,0.0489,0.0486,1.2395,1.2105,0.19741,-0.98032,-9.8695,-0.00098087,0.0576,0.0121,0.0118
1,2,1.6704,-0.00022,0.049,0.0493,0.51073,0.51073,-0.098693,-0.99512,11.323,0.00098132,0.0411,0.0035,0.0035
1,2,1.7219,-0.00222,0.0515,0.0495,2.114,1.8203,-0.40008,-0.91648,19.773,0.00184,0.0469,0.0139,0.0119
1,2,1.7708,-0.00232,0.0489,0.0488,1.8522,1.6053,-0.65074,-0.7593,8.2608,0.0012046,0.0516,0.0159,0.0138
1,2,1.8172,-0.00022,0.0464,0.0485,1.3749,1.3749,-0.83621,-0.54841,11.152,0.0018058,0.0554,0.0107,0.0107
1,2,1.8675,-0.00032,0.0503,0.0502,0.61524,0.60381,-0.96243,-0.27155,27.605,0.0030327,0.0442,0.0056,0.0055
1,2,1.9149,-0.00042,0.0474,0.0473,1.1412,1.1156,-0.99992,0.012851,25.271,0.0026786,0.0468,0.0088,0.0086
1,2,1.9642,-0.00282,0.0493,0.0469,1.4365,1.1156,-0.95165,0.30719,15.495,0.0022918,0.0399,0.0113,0.0087
1,2,2.0095,-0.00162,0.0453,0.0465,3.0629,2.9297,-0.83242,0.55415,33.623,0.0037211,0.0537,0.0167,0.0153
1,2,2.0559,-0.00092,0.0464,0.0471,0.96667,0.89113,-0.6455,0.76376,16.374,0.0025314,0.0557,0.0094,0.0087
1,2,2.1037,-0.00142,0.0478,0.0473,0.19772,0.037398,-0.3999,0.91656,29.303,0.0031885,0.0386,0.0015,0.0003
1,2,2.1513,-0.00012,0.0476,0.0489,1.0896,1.1005,-0.12204,0.99253,12.886,0.00046126,0.0491,0.0105,0.0106
1,2,2.1981,0.00168,0.0468,0.0486,1.2114,1.4963,0.16116,0.98693,6.0232,0.00026424,0.0403,0.0082,0.0101
1,2,2.2459,0.00038,0.0478,0.0465,2.0931,2.1806,0.4369,0.89951,4.2634,3.7312e-06,0.0513,0.0157,0.0163
1,2,2.2945,0.00128,0.0486,0.0495,1.4929,1.6689,0.67965,0.73354,-26.077,-0.0026866,0.0497,0.013,0.0145
1,2,2.3426,0.00098,0.0481,0.0478,1.615,1.7818,0.86209,0.50675,-25.499,-0.0025817,0.0458,0.0114,0.0126
1,2,2.3899,0.00118,0.0473,0.0475,1.8335,2.0254,0.97034,0.24175,-8.7912,-0.0015308,0.0506,0.0129,0.0143
1,2,2.4373,0.00278,0.0474,0.049,1.0917,1.4446,0.99905,-0.043664,-28.197,-0.0031562,0.0475,0.0097,0.0127
1,2,2.4846,0.00018,0.0473,0.0447,1.3586,1.4142,0.94574,-0.32491,-26.854,-0.0026978,0.0445,0.0095,0.0099
1,2,2.533,0.00168,0.0484,0.0499,1.8752,2.1274,0.81105,-0.58497,-12.444,-0.001396,0.0492,0.0134,0.0153
1,2,2.5809,0.00118,0.0479,0.0474,1.4121,1.576,0.60921,-0.79301,-28.727,-0.0029561,0.0497,0.0121,0.0135
1,2,2.6306,-0.00052,0.0497,0.048,1.8091,1.767,0.34595,-0.93825,NaN,-7.759e-05,0.0496,0.0121,0.0118
1,2,2.8757,-0.00012,0.0482,0.05,1.8497,1.864,-0.90661,-0.42196,20.808,0.0017319,0.0479,0.0126,0.0127
1,2,2.9257,-0.00282,0.05,0.0473,1.8867,1.531,-0.9913,-0.13159,13.329,0.0019761,0.0491,0.0147,0.0121
1,2,2.9711,-0.00092,0.0454,0.0473,1.274,1.1926,-0.98969,0.14324,14.486,0.001899,0.05,0.011,0.0103
1,2,3.0211,-0.00212,0.05,0.0488,1.381,1.1471,-0.90159,0.4326,14.411,0.0018656,0.051,0.011,0.0091
1,2,3.0685,-0.00022,0.0474,0.0493,0.90866,0.90866,-0.74168,0.67075,15.622,0.0017338,0.0465,0.0074,0.0074
1,2,3.1163,-0.00082,0.0478,0.0472,1.4177,1.3219,-0.51867,0.85497,17.418,0.0023181,0.0459,0.0087,0.0081
1,2,3.1639,-0.00052,0.0476,0.0479,1.4017,1.3581,-0.25344,0.96735,21.336,0.0021708,0.0461,0.0104,0.0101
1,2,3.2138,-0.00032,0.0499,0.0501,1.7266,1.7012,0.046785,0.9989,9.2109,0.00024244,0.0466,0.0142,0.0141
1,2,3.2613,8e-05,0.0475,0.0479,1.9283,1.9663,0.32901,0.94433,-0.35697,9.7438e-05,0.047,0.0151,0.0154
1,2,3.31,0.00018,0.0487,0.0488,2.0995,2.1463,0.58995,0.80744,-9.0444,-0.0012786,0.0527,0.0168,0.0172
1,2,3.3591,0.00288,0.0491,0.0518,1.6839,2.0914,0.80113,0.59849,-14.934,-0.0014273,0.0492,0.0132,0.0163
1,2,3.4082,0.00188,0.0491,0.0481,1.6107,1.8746,0.9416,0.33673,-20.607,-0.0021141,0.0491,0.0131,0.0152
1,2,3.4562,0.00158,0.048,0.0477,1.5391,1.7723,0.99865,0.05193,-19.637,-0.0021097,0.0476,0.012,0.0138
1,2,3.5062,-0.00012,0.05,0.0483,1.8439,1.8566,0.96849,-0.24904,-18.115,-0.0023058,0.0492,0.0144,0.0145
1,2,3.5525,0.00188,0.0463,0.0483,1.4891,1.76,0.86136,-0.50799,-21.467,-0.002432,0.0477,0.0115,0.0136
1,2,3.6017,0.00078,0.0492,0.0481,1.8365,1.9774,0.67367,-0.73903,-6.4922,-0.00054222,0.0475,0.013,0.014
1,2,3.6499,-2e-05,0.0482,0.0474,1.6488,1.6731,0.43177,-0.90198,-4.368,0.00018232,0.0517,0.0137,0.0139
1,2,3.7002,-0.00062,0.0503,0.0497,1.4281,1.3821,0.14052,-0.99008,-3.5234,3.1956e-05,0.0553,0.0123,0.0119
1,2,3.7503,-0.00042,0.0501,0.0503,0.79132,0.76887,-0.16253,-0.9867,-3.9241,-0.00095344,0.0487,0.0071,0.0069
1,2,3.8008,-0.00032,0.0505,0.0506,2.0633,2.0445,-0.45282,-0.8916,26.017,0.0026429,0.043,0.0089,0.0088
1,2,3.8491,-0.00032,0.0483,0.0483,1.5481,1.5369,-0.69127,-0.7226,8.0812,0.0015046,0.052,0.0142,0.0141
1,2,3.8984,-0.00052,0.0493,0.0491,1.378,1.3431,-0.87364,-0.48657,10.562,0.0012066,0.0527,0.0115,0.0112
1,2,3.9503,-0.00062,0.0519,0.0518,1.3219,1.2733,-0.98144,-0.19179,3.1242,0.00099232,0.0531,0.0107,0.0103
1,2,3.9967,-0.00092,0.0464,0.0461,0.53811,0.43968,-0.99606,0.088674,NaN,0.002499,0.0429,0.004,0.0033
1,2,4.1408,-0.00082,0.0479,0.0476,1.2727,1.1711,-0.57034,0.82141,34.882,0.0033675,0.0436,0.0061,0.0055
1,2,4.1893,0.00018,0.0485,0.0495,1.1831,1.2252,-0.30733,0.9516,1.9446,0.00052527,0.0566,0.011,0.0114
1,2,4.2378,-0.00112,0.0485,0.0472,0.50464,0.33693,-0.017858,0.99984,20.453,0.0018855,0.0372,0.0029,0.002
1,2,4.2852,-0.00032,0.0474,0.0482,1.7993,1.7848,0.26672,0.96377,9.6951,0.00077092,0.0455,0.0131,0.013
1,2,4.3343,0.00128,0.0491,0.0507,1.9082,2.0831,0.53809,0.84289,-2.5452,-0.00064086,0.051,0.0167,0.0182
1,2,4.3824,0.00128,0.0481,0.0481,1.8247,2.0355,0.75802,0.65224,-14.482,-0.0013284,0.0486,0.0138,0.0153
1,2,4.4314,0.00088,0.049,0.0486,1.7376,1.8707,0.91593,0.40133,-24.157,-0.002266,0.0518,0.0142,0.0153
1,2,4.4795,0.00018,0.0481,0.0474,1.331,1.3828,0.9927,0.12057,-23.547,-0.0027263,0.0452,0.0105,0.0109
1,2,4.5281,0.00038,0.0486,0.0488,2.0429,2.1262,0.98485,-0.17339,-8.7756,-0.0011107,0.0484,0.0139,0.0145
1,2,4.5789,-0.00032,0.0508,0.0501,1.8937,1.8817,0.88571,-0.46423,-19.136,-0.0021658,0.0503,0.0163,0.0162
1,2,4.626,0.00128,0.0471,0.0487,1.7491,1.9478,0.71875,-0.69527,-15.272,-0.0012293,0.0478,0.0131,0.0146
1,2,4.6756,0.00138,0.0496,0.0497,1.8988,2.1015,0.48012,-0.8772,0.5762,0.00020406,0.0505,0.0149,0.0165
1,2,4.7259,-0.00052,0.0503,0.0484,1.707,1.6728,0.19409,-0.98098,NaN,-0.00095994,0.0548,0.0147,0.0144
1,2,4.8787,-0.00032,0.0502,0.0502,1.7856,1.7625,-0.6688,-0.74344,11.584,0.0012424,0.0512,0.0157,0.0156
1,2,4.9288,-0.00072,0.0501,0.0497,1.9357,1.8709,-0.8608,-0.50894,17.026,0.0018685,0.0497,0.0146,0.0141
1,2,4.9794,-0.00072,0.0506,0.0506,1.7484,1.693,-0.97442,-0.22474,5.0657,0.00037323,0.0541,0.0155,0.015
1,2,5.0291,-0.00052,0.0497,0.0499,1.5457,1.5024,-0.99718,0.075071,15.513,0.0021727,0.0484,0.0111,0.0108
1,2,5.0782,-0.00062,0.0491,0.049,1.2731,1.2298,-0.93112,0.3647,10.76,0.0011669,0.0511,0.0118,0.0114
1,2,5.1285,-0.00182,0.0503,0.0491,1.4622,1.2526,-0.77834,0.62784,10.075,0.0015238,0.0471,0.011,0.0094
1,2,5.176,-0.00052,0.0475,0.0488,1.6317,1.5903,-0.56758,0.82332,26.708,0.0018871,0.0488,0.0114,0.0111
1,2,5.2245,-0.00022,0.0485,0.0488,1.3706,1.3706,-0.30414,0.95263,9.543,0.001765,0.0502,0.0111,0.0111
1,2,5.2752,-0.00072,0.0507,0.0502,1.3533,1.2962,-0.0011435,1,3.5134,5.3995e-05,0.0523,0.0116,0.0111
1,2,5.3246,8e-05,0.0494,0.0502,1.3932,1.4464,0.29442,0.95568,12.062,0.0012849,0.0409,0.0087,0.009
1,2,5.3753,0.00178,0.0507,0.0524,2.1174,2.3444,0.57019,0.82151,-3.2504,-0.00079057,0.0539,0.0185,0.0205
1,2,5.4247,0.00018,0.0494,0.0478,1.7363,1.7871,0.7875,0.61632,-19.754,-0.0015021,0.049,0.014,0.0144
1,2,5.4746,0.00188,0.0499,0.0516,1.8571,2.1131,0.93553,0.35324,-26.359,-0.0025714,0.0512,0.0149,0.017
1,2,5.5247,8e-05,0.0501,0.0483,1.7655,1.8041,0.99839,0.056751,-20.052,-0.0021922,0.0491,0.0138,0.0141
1,2,5.5745,8e-05,0.0498,0.0498,1.9208,1.9749,0.96998,-0.24318,-13.965,-0.0013094,0.048,0.0145,0.0148
1,2,5.6243,8e-05,0.0498,0.0498,1.9211,1.9565,0.85353,-0.52104,-20.233,-0.0020846,0.0517,0.0163,0.0166
1,2,5.674,8e-05,0.0497,0.0497,1.8477,1.8867,0.66007,-0.7512,-15.508,-0.0013283,0.0485,0.0143,0.0146
1,2,5.7244,8e-05,0.0504,0.0504,2.1073,2.146,0.40305,-0.91518,NaN,0.00061718,0.0512,0.0162,0.0165
1,3,0.6958,-0.00032222,0.0464,0.0479,1.1285,1.0807,-0.87834,-0.47803,8.716,0.0010317,0.0501,0.0095,0.0091
1,3,0.7446,-0.0016222,0.0488,0.0475,1.2594,0.98841,-0.97972,-0.20035,23.885,0.0033747,0.0466,0.0082,0.0065
1,3,0.791,-0.00092222,0.0464,0.0471,0.9072,0.79258,-0.99677,0.080302,16.177,0.0021728,0.0539,0.008,0.007
1,3,0.8384,-0.00062222,0.0474,0.0477,NaN,NaN,-0.93284,0.36028,42.902,0.004874,NaN,NaN,NaN
1,3,0.8858,-0.00072222,0.0474,0.0473,1.4533,1.3828,-0.79198,0.61055,23.613,0.0029753,0.0581,0.0187,0.0179
1,3,0.933,-0.0012222,0.0472,0.0467,1.5149,1.2857,-0.58678,0.80975,30.101,0.0037136,0.0435,0.0078,0.0065
1,3,0.9814,-0.00042222,0.0484,0.0492,2.0108,1.944,-0.3267,0.94513,NaN,0.0033524,0.0526,0.0127,0.0122
1,3,1.1283,-2.2222e-05,0.0498,0.0503,2.1925,2.1821,0.53145,0.84709,-6.7591,-0.0013424,0.0653,0.032,0.0319
1,3,1.1746,0.00037778,0.0463,0.0467,1.6836,1.7214,0.74585,0.66612,-18.038,-0.0020999,0.0509,0.013,0.0133
1,3,1.2213,0.00017778,0.0467,0.0465,1.0858,1.0983,0.90258,0.43052,-37.017,-0.0030397,0.0452,0.0088,0.0089
1,3,1.2683,0.00027778,0.047,0.0471,2.5918,2.6221,0.98734,0.15864,-1.1095,-0.0015956,0.0436,0.0106,0.0108
1,3,1.314,0.00057778,0.0457,0.046,1.3916,1.449,0.99298,-0.11825,-25.335,-0.0027926,0.0518,0.0127,0.0132
1,3,1.36,0.00047778,0.046,0.0459,0.88645,0.93883,0.92176,-0.38776,-15.132,-0.0025891,0.0447,0.0069,0.0073
1,3,1.4066,0.00047778,0.0466,0.0466,1.1994,1.253,0.77662,-0.62997,-19.421,-0.0019502,0.0479,0.0088,0.0092
1,3,1.4553,0.00027778,0.0487,0.0485,1.1406,1.1638,0.55901,-0.82916,-32.593,-0.0035363,0.0475,0.0096,0.0098
1,3,1.5,0.00037778,0.0447,0.0448,1.713,1.7649,0.31592,-0.94879,10.208,3.6576e-05,0.0464,0.0068,0.0071
1,3,1.5497,-0.0011222,0.0497,0.0482,1.1544,1.0114,0.019256,-0.99981,7.7021,0.0016209,0.0449,0.0101,0.0089
1,3,1.5976,-0.0025222,0.0479,0.0465,1.5637,1.2662,-0.26863,-0.96324,16.039,0.0023367,0.0535,0.0131,0.0105
1,3,1.6442,-0.0012222,0.0466,0.0479,0.68332,0.5392,-0.52718,-0.84975,8.68,0.00038659,0.051,0.0062,0.0049
1,3,1.6928,-0.0014222,0.0486,0.0484,0.67541,0.40002,-0.75178,-0.65941,26.974,0.0028597,0.0402,0.0038,0.0023
1,3,1.738,-0.00042222,0.0452,0.0462,1.1883,1.121,-0.90251,-0.43066,24.049,0.003408,0.051,0.0088,0.0083
1,3,1.7863,-0.0031222,0.0483,0.0456,0.70159,0.32587,-0.98853,-0.15099,23.855,0.0026896,0.048,0.0061,0.0029
1,3,1.8322,-0.0023222,0.0459,0.0467,0.58268,0.22892,-0.99188,0.12714,36.963,0.0046849,0.0473,0.004,0.0016
1,3,1.8798,-0.0035222,0.0476,0.0464,0.4001,0.062426,-0.91435,0.40492,28.328,0.0036015,0.0508,0.0043,0.0007
1,3,1.9239,-0.0016222,0.0441,0.046,-0.77943,-1.1692,-0.77441,0.63268,47.206,0.0049418,0.0386,-0.0024,-0.0041
1,3,1.9721,-0.0028222,0.0482,0.047,NaN,NaN,-0.55864,0.82941,23.908,0.0032811,NaN,NaN,NaN
1,3,2.0186,-0.0028222,0.0465,0.0465,NaN,NaN,-0.30509,0.95232,53.091,0.0051999,NaN,NaN,NaN
1,3,2.0672,-0.0019222,0.0486,0.0495,0.93071,0.76285,-0.014553,0.99989,17.79,0.001806,0.0546,0.0126,0.0106
1,3,2.1139,-0.00042222,0.0467,0.0482,0.67292,0.60225,0.26613,0.96394,3.4831,-0.00042373,0.0429,0.0047,0.0042
1,3,2.1588,0.00067778,0.0449,0.046,1.0335,1.122,0.51616,0.8565,-6.0307,-0.0016238,0.0461,0.0067,0.0073
1,3,2.2064,0.00037778,0.0476,0.0473,1.1078,1.1486,0.73911,0.67358,-22.946,-0.0029249,0.048,0.0082,0.0085
1,3,2.2536,0.0021778,0.0472,0.049,0.99707,1.2921,0.89954,0.43683,-23.101,-0.0024432,0.0433,0.0074,0.0095
1,3,2.3004,0.00047778,0.0468,0.0451,1.4715,1.5393,0.986,0.16676,-18.305,-0.0024716,0.0479,0.0109,0.0113
1,3,2.3463,0.0020778,0.0459,0.0475,1.0602,1.299,0.99379,-0.11129,-30.025,-0.0033551,0.0473,0.0089,0.0109
1,3,2.3922,0.0028778,0.0459,0.0467,1.1748,1.5982,0.92469,-0.38073,-2.8582,-0.0016843,0.0453,0.0075,0.0103
1,3,2.439,0.0022778,0.0468,0.0462,1.1317,1.3965,0.78063,-0.62499,-23.919,-0.0023152,0.0484,0.009,0.0112
1,3,2.4892,0.00017778,0.0502,0.0481,1.6427,1.6582,0.55675,-0.83068,NaN,0.00031472,0.0454,0.0108,0.0109
1,3,2.6336,-0.0012222,0.0478,0.0463,-0.20568,-0.39017,-0.28351,-0.95897,28.122,0.0022717,0.0395,-0.0014,-0.0027
1,3,2.6831,-0.0022222,0.0495,0.0485,1.3336,0.97959,-0.55503,-0.83183,31.6,0.0036017,0.0437,0.0086,0.0063
1,3,2.7305,-0.0022222,0.0474,0.0474,1.5422,1.2599,-0.76856,-0.63978,26.886,0.0037964,0.0539,0.0123,0.01
1,3,2.7759,-0.0015222,0.0454,0.0461,0.42235,0.24337,-0.91383,-0.40611,23.836,0.0031041,0.0512,0.0038,0.0022
1,3,2.8229,-0.0010222,0.047,0.0475,-0.094409,-0.31028,-0.99124,-0.13205,39.626,0.0045609,0.0424,-0.0004,-0.0015
1,3,2.8702,-0.0013222,0.0473,0.047,0.49095,0.32392,-0.98799,0.15451,32.503,0.0034949,0.0488,0.0045,0.0031
1,3,2.9188,-0.0026222,0.0486,0.0473,0.55775,0.20071,-0.90018,0.43552,31.962,0.0039115,0.0469,0.0043,0.0016
1,3,2.9654,-0.00022222,0.0466,0.049,0.47197,0.44745,-0.74255,0.6698,26.887,0.0028529,0.0478,0.004,0.0037
1,3,3.0135,-0.0010222,0.0481,0.0473,0.76026,0.55858,-0.51793,0.85543,35.609,0.0045717,0.0474,0.0043,0.0032
1,3,3.0606,-0.0016222,0.0471,0.0465,NaN,NaN,-0.25521,0.96689,NaN,0.0026694,NaN,NaN,NaN
1,3,3.2046,0.0013778,0.0467,0.05,1.6182,1.7833,0.57894,0.81537,3.9104,-0.00021862,0.0483,0.0111,0.0124
1,3,3.2559,-0.0012222,0.0513,0.0487,1.7966,1.6312,0.80121,0.59838,-15.743,-0.0019167,0.0503,0.0141,0.0128
1,3,3.3016,0.0025778,0.0457,0.0495,1.178,1.4945,0.93461,0.35567,-31.241,-0.0032852,0.0487,0.0095,0.012
1,3,3.3483,0.00047778,0.0467,0.0446,0.99135,1.0453,0.99683,0.079621,-33.288,-0.0028383,0.0438,0.0075,0.0079
1,3,3.3985,0.00047778,0.0502,0.0502,2.0193,2.0738,0.97468,-0.22359,-14.335,-0.0029563,0.0473,0.0139,0.0143
1,3,3.4433,0.0027778,0.0448,0.0471,1.4377,1.7836,0.8786,-0.47756,-18.283,-0.0027313,0.0492,0.0114,0.0141
1,3,3.4902,0.0020778,0.0469,0.0462,1.1768,1.44,0.70879,-0.70542,-18.736,-0.0018992,0.0467,0.0091,0.0111
1,3,3.538,0.0030778,0.0478,0.0488,1.3056,1.6817,0.47693,-0.87894,-26.741,-0.0026446,0.0486,0.0102,0.0132
1,3,3.5865,0.0017778,0.0485,0.0472,1.4643,1.7096,0.20092,-0.97961,-6.8064,-0.0003366,0.0478,0.0101,0.0118
1,3,3.6368,-2.2222e-05,0.0503,0.0485,1.4706,1.459,-0.10334,-0.99465,-11.924,-4.919e-05,0.0587,0.0126,0.0125
1,3,3.6853,-0.00042222,0.0485,0.0481,0.25171,0.19639,-0.38794,-0.92169,7.3984,0.00010331,0.0424,0.0024,0.0019
1,3,3.7349,-0.0018222,0.0496,0.0482,1.7014,1.3709,-0.64418,-0.76488,23.472,0.0021919,0.0439,0.0096,0.0077
1,3,3.783,0.00017778,0.0481,0.0501,1.5611,1.5724,-0.83733,-0.54669,7.4192,0.00087414,0.0518,0.0138,0.0139
1,3,3.8329,-0.0018222,0.0499,0.0479,1.5387,1.2987,-0.96242,-0.27157,14.713,0.0022215,0.0506,0.0119,0.01
1,3,3.8801,-0.0015222,0.0472,0.0475,1.034,0.84041,-0.99993,0.011939,12.307,0.0015375,0.0514,0.0085,0.0069
1,3,3.9283,-0.0016222,0.0482,0.0481,1.1509,0.74727,-0.95385,0.30028,31.715,0.0029138,0.0439,0.0053,0.0036
1,3,3.977,-0.0027222,0.0487,0.0476,1.2585,0.89379,-0.82473,0.56553,25.629,0.0034627,0.0488,0.0101,0.0073
1,3,4.0231,-0.00082222,0.0461,0.048,0.763,0.67348,-0.63611,0.7716,16.317,0.0018507,0.0499,0.0074,0.0065
1,3,4.072,0.00027778,0.0489,0.05,1.3067,1.3226,-0.38217,0.92409,11.124,0.0017043,0.0486,0.0064,0.0066
1,3,4.1206,-0.00042222,0.0486,0.0479,0.7822,0.72861,-0.096515,0.99533,13.631,0.00046826,0.044,0.0064,0.0059
1,3,4.17,-0.00062222,0.0494,0.0492,1.728,1.6205,0.20227,0.97933,10.212,0.0011286,0.0439,0.0118,0.0111
1,3,4.2179,0.00047778,0.0479,0.049,1.8141,1.8582,0.47494,0.88002,-30.787,-0.0036073,0.053,0.0158,0.0162
1,3,4.267,0.00037778,0.0491,0.049,1.8071,1.8506,0.71275,0.70141,-20.034,-0.002085,0.0479,0.0119,0.0122
1,3,4.3148,0.0012778,0.0478,0.0487,1.4741,1.6314,0.88385,0.46777,NaN,-0.0034423,0.0472,0.0118,0.013
1,3,4.4557,0.0023778,0.0452,0.045,1.3647,1.658,0.93237,-0.3615,-33.488,-0.0040304,0.0483,0.0105,0.0128
1,3,4.5031,0.0026778,0.0474,0.0477,1.3708,1.7506,0.79118,-0.61158,-19.419,-0.0021138,0.0453,0.0096,0.0122
1,3,4.5531,7.7778e-05,0.05,0.0474,1.8201,1.8201,0.57184,-0.82037,-17.811,-0.0017463,0.0499,0.0143,0.0143
1,3,4.6014,-0.00022222,0.0483,0.048,1.592,1.5538,0.3099,-0.95077,-15.969,-0.00045189,0.0526,0.0127,0.0124
1,3,4.6497,-0.00012222,0.0483,0.0484,0.79268,0.77427,0.021435,-0.99977,-13.643,-0.0011137,0.05,0.0084,0.0082
1,3,4.6993,-0.00042222,0.0496,0.0493,1.6129,1.5562,-0.27647,-0.96102,-3.0619,-0.00076858,0.0499,0.008,0.0075
1,3,4.7483,-0.00042222,0.049,0.049,1.001,0.92684,-0.54638,-0.83754,12.766,0.00082038,0.0442,0.0071,0.0066
1,3,4.7985,-0.00032222,0.0502,0.0503,1.6128,1.5639,-0.7728,-0.63465,3.7701,0.00051381,0.0502,0.0131,0.0127
1,3,4.8477,-0.0013222,0.0492,0.0482,1.5459,1.3686,-0.9255,-0.37874,8.4638,0.0011951,0.0516,0.0121,0.0107
1,3,4.8962,0.00017778,0.0485,0.05,1.1171,1.13,-0.99563,-0.093426,13.596,0.001818,0.049,0.009,0.0091
1,3,4.9448,-0.0014222,0.0486,0.047,0.98747,0.81633,-0.97968,0.20055,12.636,0.0016983,0.0516,0.0086,0.0071
1,3,4.9937,-0.00022222,0.0489,0.0501,0.69062,0.66695,-0.87796,0.47874,16.683,0.0018326,0.0459,0.0059,0.0056
1,3,5.0423,-0.0010222,0.0486,0.0478,1.1256,0.99327,-0.7005,0.71365,5.3485,0.0010314,0.0528,0.0086,0.0075
1,3,5.0908,0.00027778,0.0485,0.0498,1.2593,1.3246,-0.46287,0.88643,21.552,0.0019044,0.0455,0.0043,0.0045
1,3,5.1391,-0.00012222,0.0483,0.0479,0.5921,0.56712,-0.18648,0.98246,17.758,0.0016453,0.0361,0.0071,0.0069
1,3,5.1881,-0.00022222,0.049,0.0489,2.1769,2.1422,0.11011,0.99392,12.472,0.0011115,0.0573,0.02,0.0197
1,3,5.2395,7.7778e-05,0.0514,0.0517,1.385,1.385,0.41035,0.91193,-11.551,-0.0023202,0.0492,0.0141,0.0141
1,3,5.2865,0.0015778,0.047,0.0485,1.6836,1.8769,0.65076,0.75928,-29.809,-0.0023245,0.049,0.0119,0.0134
1,3,5.3354,0.0011778,0.0489,0.0485,1.5908,1.7408,0.84464,0.53534,-20.82,-0.0032495,0.049,0.0118,0.0129
1,3,5.3818,0.0030778,0.0464,0.0483,1.1569,1.548,0.96028,0.27905,-32.943,-0.0034285,0.0459,0.0092,0.0122
1,3,5.4292,0.0040778,0.0474,0.0484,1.4938,2.0503,0.99999,-0.0053781,-32.677,-0.0034303,0.0454,0.0107,0.0147
1,3,5.4769,0.0026778,0.0477,0.0463,1.7551,2.1037,0.95669,-0.29111,-17.304,-0.0026173,0.0484,0.013,0.0156
1,3,5.5243,0.0020778,0.0474,0.0468,1.4317,1.6723,0.8345,-0.551,-38.704,-0.0038934,0.0485,0.012,0.014
1,3,5.5736,0.00027778,0.0493,0.0475,1.843,1.8709,0.6346,-0.77284,-18.296,-0.002551,0.0459,0.0128,0.013
1,3,5.6204,0.00017778,0.0468,0.0467,1.7869,1.7997,0.39214,-0.9199,-25.248,-0.0020122,0.0504,0.0137,0.0138
1,3,5.668,0.00027778,0.0476,0.0477,1.3518,1.3772,0.11332,-0.99356,NaN,0.00022137,0.0535,0.0109,0.0111
1,3,5.8173,-0.0011222,0.0511,0.0502,2.0536,1.901,-0.71327,-0.70089,9.6692,0.00058034,0.0522,0.0175,0.0163
1,3,5.8669,-0.0024222,0.0496,0.0483,1.8509,1.5387,-0.88925,-0.45742,5.2705,0.00088164,0.05,0.0149,0.0124
1,3,5.9144,-0.00032222,0.0475,0.0496,1.4307,1.3864,-0.9827,-0.18522,-9.1701,-0.00039901,0.0545,0.0124,0.012
1,3,5.9644,-0.0013222,0.05,0.049,1.2781,1.0389,-0.99308,0.11742,10.024,0.00096641,0.0453,0.0079,0.0065
1,3,6.0116,-0.00022222,0.0472,0.0483,1.2421,1.2141,-0.91924,0.39371,24.693,0.002321,0.045,0.0098,0.0095
1,3,6.0599,0.00017778,0.0483,0.0487,1.4608,1.4608,-0.76593,0.64293,12.253,0.0016673,0.0536,0.0131,0.0132
1,3,6.1084,-0.00052222,0.0485,0.0478,0.91613,0.8591,-0.54602,0.83777,11.465,0.0019316,0.0508,0.008,0.0074
1,3,6.1577,7.7778e-05,0.0493,0.0499,1.0583,1.0583,-0.27432,0.96164,14.123,0.0011445,0.0461,0.0065,0.0065
1,3,6.2057,-0.00032222,0.048,0.0476,1.4508,1.3859,0.013953,0.9999,10.885,0.00043109,0.0489,0.0084,0.008
1,3,6.2557,-0.00082222,0.05,0.0495,1.0285,0.92665,0.31261,0.94988,6.5597,0.0010465,0.0352,0.0095,0.0086
1,3,6.3045,0.00047778,0.0488,0.0501,2.2089,2.2493,0.57666,0.81698,-11.375,-0.0021782,0.0575,0.0231,0.0235
1,3,6.3521,0.0016778,0.0476,0.0488,1.6563,1.8548,0.78583,0.61844,-32.74,-0.0029945,0.0503,0.0132,0.0148
1,3,6.4013,0.0013778,0.0492,0.0489,1.5642,1.7212,0.93318,0.35941,-32.856,-0.0035164,0.0467,0.0121,0.0134
1,3,6.4486,0.00047778,0.0473,0.0464,1.7505,1.8029,0.9968,0.079975,-26.414,-0.0037055,0.0486,0.0127,0.0131
1,3,6.4967,0.0024778,0.0481,0.0501,1.7148,2.0617,0.97753,-0.21079,-14.819,-0.0023567,0.0463,0.0122,0.0146
1,3,6.5446,0.00047778,0.0479,0.0459,1.7413,1.793,0.87585,-0.48258,-22.697,-0.0025831,0.0476,0.0138,0.0142
1,3,6.5939,-0.00052222,0.0493,0.0483,1.9903,1.9142,0.69431,-0.71968,-18.559,-0.0023265,0.0489,0.0155,0.0149
1,3,6.6418,-0.00032222,0.0479,0.0481,1.8444,1.7938,0.45844,-0.88873,-18.846,-0.0015263,0.0489,0.0145,0.0141
1,3,6.6901,-2.2222e-05,0.0483,0.0486,1.8692,1.856,0.18157,-0.98338,NaN,0.00053621,0.0521,0.0139,0.0138
1,3,6.8903,0.00027778,0.0502,0.0507,1.5555,1.5789,-0.85965,-0.51088,9.9789,0.0012779,0.0513,0.0132,0.0134
1,3,6.9393,-0.00022222,0.049,0.0485,1.3259,1.2901,-0.97174,-0.23605,4.2367,0.00061949,0.0534,0.0109,0.0106
1,3,6.9895,-0.0011222,0.0502,0.0493,0.90888,0.76552,-0.99776,0.066861,5.8312,0.00050195,0.05,0.0077,0.0065
1,3,7.0388,0.00017778,0.0493,0.0506,1.0602,1.0758,-0.93354,0.35849,12.932,0.0014261,0.0427,0.007,0.0071
1,3,7.0873,0.00027778,0.0485,0.0486,1.7918,1.8206,-0.78906,0.61431,17.555,0.0019845,0.0481,0.0128,0.013
1,3,7.1357,0.0012778,0.0484,0.0494,1.3155,1.4396,-0.57697,0.81676,3.4321,2.4058e-05,0.0535,0.0131,0.0143
1,3,7.1838,-0.00022222,0.0481,0.0466,1.1085,1.0648,-0.31702,0.94842,6.551,0.00071528,0.0443,0.0077,0.0074
1,3,7.2342,-0.00022222,0.0504,0.0504,1.91,1.8709,-0.016158,0.99987,10.219,0.00039744,0.0508,0.0138,0.0135
1,3,7.2843,0.00047778,0.0501,0.0508,1.5973,1.6488,0.28446,0.95869,3.6843,0.00020847,0.048,0.0131,0.0135
1,3,7.3341,0.0015778,0.0498,0.0509,1.8429,2.0281,0.55737,0.83027,-7.5627,-0.00051844,0.0502,0.0149,0.0164
1,3,7.3837,0.0019778,0.0496,0.05,1.6916,1.9119,0.77881,0.62726,-26.219,-0.0030605,0.0524,0.0143,0.0162
1,3,7.4329,0.0018778,0.0492,0.0491,1.472,1.7125,0.92907,0.3699,-32.76,-0.0030351,0.0468,0.0111,0.0129
1,3,7.4823,0.0016778,0.0494,0.0492,2.1883,2.4415,0.99692,0.078476,-11.586,-0.0009885,0.0459,0.0137,0.0153
1,3,7.5329,0.0018778,0.0506,0.0508,2.0131,2.2189,0.97388,-0.22708,-14.425,-0.0024404,0.0531,0.0184,0.0202
1,3,7.5809,0.0022778,0.048,0.0484,1.6365,1.9069,0.86737,-0.49767,-27.893,-0.0021424,0.0487,0.0133,0.0155
1,3,7.6314,0.0013778,0.0505,0.0496,1.9048,2.0572,0.67639,-0.73654,-13.791,-0.0022553,0.0518,0.0151,0.0164
1,3,7.6796,0.0024778,0.0482,0.0493,1.5184,1.8352,0.43479,-0.90053,-23.324,-0.0012581,0.0491,0.0115,0.0139
1,3,7.731,-0.00022222,0.0514,0.0487,1.7289,1.6916,0.13688,-0.99059,NaN,-0.00081705,0.0558,0.0138,0.0135
1,4,0.1025,0.00037857,0.0478,0.0478,1.2404,1.2856,0.37919,0.92532,-32.434,-0.0020613,0.0508,0.0108,0.0112
1,4,0.1516,0.00027857,0.0491,0.049,1.4962,1.5421,0.63456,0.77287,-7.068,-0.0017403,0.0462,0.0091,0.0094
1,4,0.1984,0.00037857,0.0468,0.0469,1.2515,1.3042,0.826,0.56367,-16.495,-0.0023547,0.0476,0.0097,0.0101
1,4,0.2442,0.00037857,0.0458,0.0458,1.0408,1.0938,0.94912,0.31491,-27.194,-0.0026241,0.0469,0.0079,0.0083
1,4,0.2941,0.00047857,0.0499,0.05,1.5485,1.6214,0.99986,0.016984,-3.4231,-0.00078107,0.0466,0.0109,0.0114
1,4,0.3413,0.0025786,0.0472,0.0493,1.34,1.6448,0.96378,-0.26671,-26.906,-0.0027007,0.0504,0.0115,0.0141
1,4,0.3879,0.00057857,0.0466,0.0446,1.1215,1.2105,0.85079,-0.5255,-3.8195,-1.3751e-05,0.046,0.0077,0.0083
1,4,0.4395,0.00027857,0.0516,0.0513,1.5515,1.5862,0.6471,-0.7624,-5.1686,6.8871e-05,0.0512,0.0133,0.0136
1,4,0.4877,-0.0018214,0.0482,0.0461,1.2056,1.0019,0.39928,-0.91683,-8.1801,-0.0010199,0.0531,0.0103,0.0085
1,4,0.5381,-0.00082143,0.0504,0.0514,1.2846,1.142,0.10412,-0.99456,17.448,0.001585,0.046,0.0076,0.0068
1,4,0.5884,-0.00072143,0.0503,0.0504,1.3391,1.2575,-0.20014,-0.97977,11.845,0.0014164,0.0473,0.0119,0.0112
1,4,0.6376,-0.00092143,0.0492,0.049,1.7519,1.6523,-0.47998,-0.87728,18.053,0.00178,0.0484,0.0138,0.0129
1,4,0.6835,7.8571e-05,0.0459,0.0469,1.4445,1.457,-0.70306,-0.71113,24.022,0.0023723,0.0522,0.0113,0.0114
1,4,0.735,-0.0025214,0.0515,0.0489,1.2456,0.94742,-0.88792,-0.46,15.901,0.0027414,0.0502,0.0106,0.0081
1,4,0.7803,-0.00052143,0.0453,0.0473,0.76851,0.70028,-0.97955,-0.2012,36.007,0.0044501,0.0481,0.0057,0.0052
1,4,0.8292,-0.0019214,0.0489,0.0475,0.75697,0.53493,-0.99552,0.094581,31.91,0.0032993,0.0454,0.0065,0.0046
1,4,0.8756,-0.00072143,0.0464,0.0476,1.8576,1.7247,-0.92984,0.36797,59.355,0.0063526,0.0454,0.0075,0.0068
1,4,0.9254,-0.0032214,0.0498,0.0473,1.1239,0.82484,-0.77782,0.62848,18.968,0.0033967,0.064,0.0119,0.0087
1,4,0.9707,-0.00082143,0.0453,0.0477,NaN,NaN,-0.5776,0.81632,46.275,0.0046781,NaN,NaN,NaN
1,4,1.0206,-0.0020214,0.0499,0.0487,1.0261,0.82239,-0.30734,0.9516,14.196,0.00043952,0.0445,0.0103,0.0083
1,4,1.0665,0.00047857,0.0459,0.0484,1.9094,1.973,-0.033331,0.99944,16.837,0.00088581,0.0489,0.0117,0.0122
1,4,1.117,7.8571e-05,0.0505,0.0501,1.6644,1.6772,0.27029,0.96278,-7.1276,-0.0010472,0.0488,0.0133,0.0134
1,4,1.1624,0.0019786,0.0454,0.0473,1.2694,1.5272,0.52244,0.85267,-30.207,-0.0020711,0.0481,0.0099,0.0119
1,4,1.21,0.00037857,0.0476,0.046,1.2998,1.3561,0.74405,0.66812,-17.258,-0.002328,0.0453,0.0094,0.0098
1,4,1.2573,0.0023786,0.0473,0.0493,1.4795,1.7892,0.90299,0.42965,-18.817,-0.0024972,0.0496,0.0114,0.0138
1,4,1.3032,0.00037857,0.0459,0.0439,0.93328,0.98232,0.98641,0.1643,-36.273,-0.0036688,0.0468,0.0077,0.0081
1,4,1.3511,0.00047857,0.0479,0.048,1.4463,1.5285,0.99205,-0.12584,-12.712,-0.0016223,0.0426,0.0088,0.0093
1,4,1.3986,0.00047857,0.0475,0.0475,1.6837,1.7438,0.91513,-0.40316,-18.83,-0.0024195,0.0517,0.0137,0.0142
1,4,1.4458,0.0019786,0.0472,0.0487,1.1815,1.4467,0.76359,-0.6457,-14.437,-0.00051757,0.0464,0.0092,0.0112
1,4,1.4955,0.00027857,0.0497,0.048,1.6356,1.6735,0.53685,-0.84368,1.4634,0.00074745,0.0529,0.0125,0.0128
1,4,1.546,-0.00042143,0.0505,0.0498,1.1972,1.1487,0.25676,-0.96648,9.1548,0.00044873,0.0509,0.0101,0.0097
1,4,1.5953,-0.00042143,0.0493,0.0493,1.0533,1.0029,-0.040057,-0.9992,19.367,0.002295,0.0522,0.0085,0.0081
1,4,1.6487,-0.0013214,0.0534,0.0525,0.95553,0.82786,-0.3567,-0.93422,1.4756,4.2819e-05,0.0503,0.0097,0.0084
1,4,1.695,-0.00022143,0.0463,0.0474,2.3828,2.3601,-0.60218,-0.79836,24.126,0.0021669,0.0421,0.0057,0.0055
1,4,1.7446,-2.1429e-05,0.0496,0.0498,1.5905,1.5905,-0.81212,-0.58349,24.833,0.0024834,0.0524,0.0132,0.0132
1,4,1.793,-0.00072143,0.0484,0.0477,1.049,0.96818,-0.94645,-0.32286,2.3528,0.0018517,0.0567,0.0092,0.0085
1,4,1.8405,-0.0016214,0.0475,0.0466,NaN,NaN,-0.9992,-0.039951,36.152,0.0038968,NaN,NaN,NaN
1,4,1.8902,-0.0017214,0.0497,0.0496,NaN,NaN,-0.96582,0.25921,30.57,0.0029226,NaN,NaN,NaN
1,4,1.9383,-0.0012214,0.0481,0.0486,1.6062,1.4479,-0.85009,0.52664,23.954,0.0032925,0.0493,0.0113,0.0101
1,4,1.9864,-0.0018214,0.0481,0.0475,1.6015,1.2965,-0.66217,0.74935,42.203,0.0041854,0.0474,0.0101,0.0083
1,4,2.0336,-0.0014214,0.0472,0.0476,1.1028,0.94072,-0.423,0.90613,NaN,0.0018385,0.0482,0.0099,0.0085
1,4,2.1802,0.00027857,0.0479,0.0465,1.7037,1.7413,0.43906,0.89846,-32.337,-0.0026309,0.0498,0.0134,0.0137
1,4,2.2288,0.00037857,0.0486,0.0487,1.7408,1.7979,0.68166,0.73167,-4.0972,-0.0013334,0.0486,0.0122,0.0126
1,4,2.2769,0.00037857,0.0481,0.0481,1.3719,1.4195,0.86365,0.50409,-35.368,-0.0028748,0.0492,0.0117,0.0121
1,4,2.3252,0.00037857,0.0483,0.0483,1.5813,1.6389,0.97259,0.23253,-13.265,-0.002064,0.0468,0.0108,0.0112
1,4,2.373,0.00037857,0.0478,0.0478,1.4614,1.5114,0.99844,-0.055909,-22.343,-0.002731,0.0494,0.0118,0.0122
1,4,2.4209,0.00047857,0.0479,0.048,1.354,1.4213,0.94034,-0.34023,-26.416,-0.0024131,0.0453,0.0103,0.0108
1,4,2.4683,0.00037857,0.0474,0.0473,1.6484,1.6996,0.80487,-0.59345,-19.478,-0.0024575,0.0498,0.0124,0.0128
1,4,2.5163,0.00037857,0.048,0.048,1.3334,1.3843,0.6001,-0.79993,-26.819,-0.0021849,0.0471,0.0106,0.011
1,4,2.5675,-0.00032143,0.0512,0.0505,2.0802,2.0395,0.32625,-0.94528,0.16738,0.00058709,0.0502,0.0147,0.0144
1,4,2.6175,7.8571e-05,0.05,0.0504,1.5179,1.5283,0.028343,-0.9996,-9.393,-0.0010526,0.0545,0.0145,0.0146
1,4,2.6674,-0.00022143,0.0499,0.0496,1.4064,1.3636,-0.27158,-0.96242,13.319,0.0016178,0.0501,0.0099,0.0097
1,4,2.7194,-0.00022143,0.052,0.052,1.119,1.1095,-0.55734,-0.83028,-4.1417,-0.00084981,0.0532,0.0118,0.0116
1,4,2.77,-2.1429e-05,0.0506,0.0508,2.101,2.101,-0.78259,-0.62253,16.198,0.0013461,0.0456,0.0092,0.0092
1,4,2.8202,-0.00032143,0.0502,0.0499,1.5935,1.5571,-0.93349,-0.3586,16.524,0.0016724,0.0534,0.0138,0.0135
1,4,2.8713,-0.00012143,0.0511,0.0513,1.2435,1.2328,-0.99843,-0.056061,6.2024,0.0012247,0.0517,0.0115,0.0114
1,4,2.9219,0.00027857,0.0506,0.051,2.0602,2.1088,-0.96853,0.2489,34.008,0.0027136,0.0445,0.0104,0.0107
1,4,2.9714,-0.00022143,0.0495,0.049,1.6154,1.5949,-0.85122,0.52481,2.8423,0.0010995,0.0572,0.0154,0.0152
1,4,3.0206,-0.00062143,0.0492,0.0488,1.5171,1.3908,-0.65876,0.75235,23.439,0.0021002,0.0484,0.0074,0.0068
1,4,3.071,-0.00032143,0.0504,0.0507,1.0036,0.96988,-0.40113,0.91602,4.9858,0.00046967,0.0466,0.0094,0.0091
1,4,3.1198,7.8571e-05,0.0488,0.0492,1.5453,1.5583,-0.1158,0.99327,0.27463,-0.00026276,0.0432,0.0116,0.0117
1,4,3.1719,-0.00022143,0.0521,0.0518,2.1233,2.1013,0.19936,0.97993,-13.689,-0.0013572,0.0542,0.0205,0.0203
1,4,3.2204,0.0014786,0.0485,0.0502,2.0334,2.2344,0.47553,0.8797,-11.235,-0.0013232,0.0499,0.0148,0.0163
1,4,3.2705,0.0020786,0.0501,0.0507,1.7827,2.0439,0.71747,0.69659,NaN,-0.0018099,0.0501,0.015,0.0171
1,4,3.4165,0.00057857,0.047,0.0465,1.2386,1.3162,0.99316,-0.11676,-28.431,-0.003172,0.047,0.0097,0.0103
1,4,3.4652,0.0024786,0.0487,0.0506,1.5159,1.8398,0.91588,-0.40146,-24.681,-0.0027817,0.0486,0.0114,0.0139
1,4,3.5159,-0.00022143,0.0507,0.048,1.7453,1.7193,0.75091,-0.6604,-27.346,-0.0020556,0.0474,0.0135,0.0133
1,4,3.5647,0.00027857,0.0488,0.0493,2.1686,2.2111,0.52503,-0.85109,4.2315,0.00063137,0.0499,0.0149,0.0152
1,4,3.6166,-0.0016214,0.0519,0.05,1.7282,1.5606,0.23499,-0.972,-4.7003,-0.00076667,0.0546,0.0169,0.0153
1,4,3.6663,-0.00042143,0.0497,0.0509,1.4778,1.4303,-0.064915,-0.99789,6.952,0.00033913,0.0506,0.012,0.0116
1,4,3.719,-0.00012143,0.0527,0.053,1.817,1.8048,-0.3759,-0.92666,10.585,0.0010131,0.0543,0.0141,0.014
1,4,3.7716,0.00047857,0.0526,0.0532,1.3621,1.4191,-0.64816,-0.76151,9.6798,0.00094674,0.0518,0.0124,0.0129
1,4,3.8221,-0.00062143,0.0505,0.0494,1.3287,1.2585,-0.848,-0.53,9.9013,0.00078945,0.0537,0.0111,0.0105
1,4,3.8729,7.8571e-05,0.0508,0.0515,1.0608,1.074,-0.96897,-0.24716,14.883,0.0020107,0.0499,0.0082,0.0083
1,4,3.9244,-0.00062143,0.0515,0.0508,1.1455,1.0718,-0.99799,0.063318,30.452,0.0031983,0.0456,0.0098,0.0092
1,4,3.972,-0.00062143,0.0476,0.0476,1.2523,1.1886,-0.93842,0.34549,19.249,0.0017034,0.0532,0.0118,0.0112
1,4,4.0217,-0.00052143,0.0497,0.0498,1.1375,1.0703,-0.79309,0.6091,19.569,0.0022927,0.0525,0.0083,0.0078
1,4,4.0725,0.00027857,0.0508,0.0516,0.69813,0.7298,-0.57042,0.82135,NaN,0.0017967,0.0515,0.0066,0.0069
1,4,4.2227,0.0020786,0.0508,0.0529,1.6616,1.9047,0.30141,0.9535,-10.683,-0.00079323,0.0515,0.0154,0.0175
1,4,4.2732,0.00047857,0.0505,0.0489,1.7856,1.8462,0.57549,0.81781,-29.553,-0.0026725,0.0505,0.0144,0.0149
1,4,4.3234,0.0016786,0.0502,0.0514,1.8211,2.0314,0.79463,0.60709,-22.139,-0.0025738,0.0507,0.0141,0.0158
1,4,4.3739,0.0017786,0.0505,0.0506,1.7935,2.0269,0.94095,0.33854,-26.827,-0.0026504,0.0499,0.0139,0.0157
1,4,4.4235,0.0014786,0.0496,0.0493,1.7091,1.9034,0.99904,0.04379,-26.059,-0.0023637,0.0484,0.0136,0.0151
1,4,4.473,0.00017857,0.0495,0.0482,1.8813,1.907,0.96712,-0.25432,-18.207,-0.0022233,0.0494,0.0147,0.0149
1,4,4.5231,0.00037857,0.0501,0.0503,1.8447,1.8924,0.84633,-0.53266,-20.146,-0.0022596,0.0519,0.0154,0.0158
1,4,4.5745,0.00027857,0.0514,0.0513,1.8087,1.8579,0.64158,-0.76706,-21.248,-0.0014841,0.0484,0.0149,0.0152
1,4,4.6249,0.00037857,0.0504,0.0505,2.3007,2.3512,0.38031,-0.92486,3.5415,0.00030783,0.0518,0.0169,0.0173
1,4,4.6778,-0.00022143,0.0529,0.0523,1.9834,1.9614,0.068454,-0.99765,8.0798,0.0003168,0.058,0.018,0.0178
1,4,4.7299,-0.0012214,0.0521,0.0511,1.2871,1.1563,-0.24571,-0.96934,19.497,0.0028678,0.0537,0.0121,0.0109
1,4,4.7798,-0.00032143,0.0499,0.0508,0.82488,0.79445,-0.52408,-0.85167,6.9401,-0.00014372,0.0523,0.0083,0.008
1,4,4.8323,-0.00042143,0.0525,0.0524,1.5286,1.4593,-0.76486,-0.6442,20.486,0.0016636,0.0483,0.0085,0.0081
1,4,4.8837,-0.00032143,0.0514,0.0515,1.3033,1.2675,-0.92587,-0.37785,17.507,0.0014586,0.0507,0.0116,0.0113
1,4,4.9357,-0.00032143,0.052,0.052,1.5155,1.4695,-0.99746,-0.071264,6.3993,0.00052177,0.0566,0.0129,0.0126
1,4,4.9868,-0.00012143,0.0511,0.0513,0.83562,0.82404,-0.97149,0.23707,14.426,0.0016104,0.0501,0.0074,0.0073
1,6,3.114,-0.0010719,0.056,0.0545,1.4738,1.3246,-0.96099,-0.2766,17.893,0.00047412,0.0537,0.0138,0.0125
1,6,3.169,-0.00037191,0.055,0.0557,1.7527,1.6853,-0.99853,0.054111,27.136,0.0018487,0.0532,0.0151,0.0145
1,6,3.2231,-7.191e-05,0.0541,0.0544,1.7731,1.741,-0.92753,0.37376,15.964,0.00056337,0.0582,0.016,0.0157
1,6,3.278,-0.00067191,0.0549,0.0543,1.4959,1.3861,-0.75389,0.657,12.888,0.00074235,0.0532,0.0127,0.0118
1,6,3.3358,-0.00097191,0.0578,0.0575,2.1839,2.0186,-0.48166,0.87636,16.403,0.0016561,0.0513,0.0173,0.0161
1,6,3.3915,0.00072809,0.0557,0.0574,1.9377,1.9837,-0.16317,0.9866,-27.417,-0.0021322,0.059,0.0217,0.0222
1,6,3.4479,0.00082809,0.0564,0.0565,2.5693,2.6396,0.17804,0.98402,-0.37536,0.0002989,0.0533,0.0191,0.0197
1,6,3.504,0.00062809,0.0561,0.0559,2.1996,2.2387,0.49694,0.86778,-8.7111,-0.0020043,0.0612,0.0219,0.0223
1,6,3.5591,0.00072809,0.0551,0.0552,1.7849,1.8422,0.75462,0.65617,-37.858,-0.0032543,0.0573,0.0158,0.0163
1,6,3.613,0.00062809,0.0539,0.0538,1.2601,1.3032,0.92566,0.37836,-24.145,-0.0029066,0.0535,0.0124,0.0128
1,6,3.6663,0.00062809,0.0533,0.0533,1.4724,1.52,0.99795,0.063928,-32.511,-0.0033697,0.0516,0.0122,0.0126
1,6,3.7183,0.00082809,0.052,0.0522,1.5774,1.6515,0.96837,-0.24951,-28.227,-0.0031499,0.0512,0.0126,0.0132
1,6,3.7699,0.00092809,0.0516,0.0517,1.7398,1.834,0.84411,-0.53617,-12.963,-0.0015394,0.0512,0.013,0.0137
1,6,3.8267,0.00012809,0.0568,0.056,1.8427,1.8328,0.61278,-0.79026,-18.302,-0.0023427,0.0565,0.0186,0.0185
1,6,3.8836,-0.00097191,0.0569,0.0558,2.3489,2.2078,0.30851,-0.95122,-2.5235,-0.0007743,0.0542,0.019,0.0178
1,6,3.9411,-0.0014719,0.0575,0.057,2.449,2.2625,-0.035953,-0.99935,12.68,0.00057364,0.0582,0.0223,0.0206
1,6,3.9968,-0.0023719,0.0557,0.0548,2.0617,1.7852,-0.36591,-0.93065,8.0818,-1.4719e-06,0.0557,0.0198,0.0172
1,6,4.0501,2.809e-05,0.0533,0.0557,2.1295,2.1174,-0.64319,-0.76571,8.0546,1.9284e-05,0.0521,0.0174,0.0172
1,6,4.1057,-0.00017191,0.0556,0.0554,2.4833,2.4377,-0.86073,-0.50907,26.771,0.001427,0.0563,0.0209,0.0205
1,6,4.1633,-0.0027719,0.0576,0.055,2.3954,2.0722,-0.98314,-0.18287,19.512,0.0015601,0.0566,0.0222,0.0192
1,6,4.2175,-0.0019719,0.0542,0.055,2.0916,1.8587,-0.98942,0.14511,10.656,0.00069126,0.054,0.0198,0.0176
1,6,4.272,-0.00037191,0.0545,0.0561,2.5565,2.4873,-0.88839,0.45909,21.859,0.0012746,0.0552,0.0203,0.0197
1,6,4.3291,-0.0011719,0.0571,0.0563,2.2663,2.1217,-0.6792,0.73395,8.5222,0.00034267,0.0579,0.0222,0.0208
1,6,4.386,-0.00087191,0.0569,0.0572,2.5903,2.4596,-0.39009,0.92078,15.756,0.0014369,0.0559,0.0212,0.0201
1,6,4.4422,0.00072809,0.0562,0.0578,2.2262,2.2814,-0.05901,0.99826,2.2008,0.00044122,0.0569,0.0215,0.022
1,6,4.4982,0.0017281,0.056,0.057,2.2137,2.3716,0.27772,0.96066,-10.312,-0.0012257,0.058,0.0206,0.0221
1,6,4.5542,0.00062809,0.056,0.0549,2.0839,2.1281,0.58257,0.81278,-19.026,-0.0017606,0.0571,0.0186,0.019
1,6,4.6096,0.0021281,0.0554,0.0569,1.8806,2.0942,0.81845,0.57457,-24.338,-0.0022083,0.0562,0.0169,0.0188
1,6,4.663,0.00052809,0.0534,0.0518,1.59,1.6128,0.95898,0.28348,-23.285,-0.0026226,0.0551,0.0141,0.0144
1,6,4.7148,0.00072809,0.0518,0.052,1.2838,1.3444,0.99962,-0.027509,-16.708,-0.0025031,0.0517,0.0108,0.0113
1,6,4.7694,0.00062809,0.0546,0.0545,1.564,1.6091,0.93608,-0.35178,-39.672,-0.0034689,0.0527,0.0137,0.0141
1,6,4.8281,-7.191e-05,0.0587,0.058,2.6022,2.565,0.75421,-0.65664,3.6976,0.0011462,0.053,0.0197,0.0194
1,6,4.8816,-7.191e-05,0.0535,0.0535,1.9381,1.9097,0.50482,-0.86322,-18.706,-0.0022204,0.0599,0.0202,0.0199
1,6,4.938,-0.0012719,0.0564,0.0552,2.2314,2.0349,0.1852,-0.9827,20.345,0.0015655,0.0528,0.0167,0.0152
1,6,4.9919,-0.00047191,0.0539,0.0547,1.9269,1.8479,-0.14096,-0.99002,14.274,0.00087057,0.0543,0.0178,0.0171
1,6,5.0471,-0.00077191,0.0552,0.0549,2.2426,2.1247,-0.45915,-0.88836,31.925,0.0021435,0.0558,0.0187,0.0177
1,6,5.103,0.00012809,0.0559,0.0568,1.8987,1.8886,-0.72902,-0.68449,13.431,0.00026871,0.058,0.0188,0.0187
1,6,5.1595,0.00072809,0.0565,0.0571,2.1353,2.1953,-0.91696,-0.39897,24.522,0.0014377,0.0539,0.0173,0.0178
1,6,5.2168,-0.0023719,0.0573,0.0542,2.2879,2.003,-0.99808,-0.061981,30.712,0.0026137,0.0595,0.0207,0.0181
1,6,5.269,-0.00067191,0.0522,0.0539,1.3941,1.2879,-0.96758,0.25258,16.667,0.00091215,0.0573,0.0134,0.0125
1,6,5.3249,-0.00087191,0.0559,0.0557,1.3981,1.2686,-0.82803,0.56068,27.646,0.0015468,0.0539,0.012,0.0109
1,6,5.3816,-0.00077191,0.0567,0.0568,1.7565,1.634,-0.58984,0.80752,13.825,0.00098616,0.0491,0.0148,0.0138
1,6,5.4402,-0.0019719,0.0586,0.0574,2.5073,2.2931,-0.27115,0.96254,0.57861,0.00033732,0.0573,0.0243,0.0221
1,6,5.4976,-0.00097191,0.0574,0.0584,2.9544,2.8196,0.074321,0.99723,12.336,0.0017553,0.0559,0.0244,0.0232
1,6,5.5526,0.0022281,0.055,0.0582,2.5386,2.7667,0.39749,0.91761,-0.87778,0.0010668,0.0563,0.0235,0.0255
1,6,5.611,-0.00097191,0.0584,0.0552,2.5418,2.4301,0.6917,0.72219,-6.2243,-0.0006072,0.0623,0.0256,0.0244
1,6,5.6649,0.00052809,0.0539,0.0554,1.9883,2.0117,0.88734,0.46112,-27.899,-0.0021984,0.0547,0.0172,0.0175
1,6,5.7231,-0.0011719,0.0582,0.0565,2.2125,2.0734,0.99215,0.12508,-14.205,-0.0012058,0.0574,0.0207,0.0193
1,6,5.7765,0.00052809,0.0534,0.0551,1.9649,2.001,0.98022,-0.19793,-25.677,-0.00216,0.0533,0.0167,0.017
1,6,5.8329,0.0012281,0.0564,0.0571,2.2195,2.3323,0.8566,-0.51598,-12.515,-0.0013563,0.0564,0.0198,0.0208
1,6,5.8906,-0.00077191,0.0577,0.0557,2.2927,2.1817,0.62711,-0.77893,-11.927,-0.00070265,0.0549,0.0211,0.0201
1,6,5.946,-7.191e-05,0.0554,0.0561,2.3321,2.3026,0.33445,-0.94241,5.2911,0.00013915,0.0596,0.0216,0.0213
1,6,6.0038,-0.00077191,0.0578,0.0571,2.4872,2.3536,-0.010391,-0.99995,25.633,0.0018884,0.0549,0.0198,0.0188
1,6,6.0593,-0.00027191,0.0555,0.056,1.591,1.5446,-0.34085,-0.94012,5.8693,1.204e-05,0.0607,0.0204,0.0199
1,6,6.117,0.00012809,0.0577,0.0581,2.3451,2.3326,-0.64317,-0.76573,21.104,0.0018099,0.0529,0.0174,0.0173
1,6,6.1724,-7.191e-05,0.0554,0.0552,2.1416,2.1082,-0.86009,-0.51014,NaN,0.0013079,0.0573,0.0199,0.0196
1,6,6.2321,-0.0029719,0.0597,0.0568,2.1165,1.8183,-0.98518,-0.17153,15.685,0.00088593,0.0597,0.0223,0.0191
1,6,6.2855,-0.00087191,0.0534,0.0555,2.4718,2.3015,-0.98843,0.15169,35.422,0.0028531,0.05,0.016,0.0149
1,6,6.3419,-0.00037191,0.0564,0.0569,1.844,1.787,-0.87989,0.47519,21.497,0.0012049,0.0609,0.0224,0.0218
1,6,6.399,-0.00087191,0.0571,0.0566,2.0177,1.9019,-0.66572,0.7462,4.9421,6.9817e-05,0.0558,0.0186,0.0175
1,6,6.454,0.00042809,0.055,0.0563,2.3173,2.3429,-0.38395,0.92335,4.21,0.00022203,0.0545,0.0178,0.018
1,6,6.5117,0.0011281,0.0577,0.0584,2.4167,2.5229,-0.043258,0.99906,8.2325,0.0015287,0.0552,0.021,0.0219
1,6,6.5681,0.00062809,0.0564,0.0559,2.3754,2.4187,0.29517,0.95545,-6.9749,-0.00028371,0.058,0.0222,0.0226
1,6,6.6263,0.00052809,0.0582,0.0581,2.3045,2.3351,0.60795,0.79398,-7.1208,-0.00035516,0.0595,0.0224,0.0227
1,6,6.6831,0.0022281,0.0568,0.0585,2.1232,2.3308,0.84083,0.54131,-32.599,-0.0029339,0.0607,0.0197,0.0217
1,6,6.7408,0.0010281,0.0577,0.0565,2.044,2.1433,0.97564,0.21939,-18.823,-0.0012408,0.0538,0.0167,0.0175
1,6,6.797,0.0024281,0.0562,0.0576,2.1621,2.4186,0.99275,-0.12021,-16.312,-0.0010967,0.0555,0.0191,0.0213
1,6,6.8528,0.0023281,0.0558,0.0557,2.1472,2.3862,0.89616,-0.44373,-13.397,-0.00085456,0.0556,0.0194,0.0215
1,6,6.9105,0.0019281,0.0577,0.0573,2.2537,2.4324,0.6891,-0.72467,-15.338,-0.00050561,0.0569,0.0215,0.0232
1,6,6.9667,0.00062809,0.0562,0.0549,2.3902,2.4334,0.40644,-0.91368,NaN,-0.00036006,0.0566,0.0208,0.0212
1,6,7.0257,-0.00077191,0.059,0.0576,2.9316,2.8096,0.059811,-0.99821,33.612,0.0029439,0.056,0.0232,0.0222
1,6,7.0831,-0.00087191,0.0574,0.0573,2.3871,2.2716,-0.28512,-0.95849,27.518,0.0021575,0.0606,0.0246,0.0235
1,6,7.1403,-0.00037191,0.0572,0.0577,1.9609,1.9069,-0.5947,-0.80394,7.0568,0.00054493,0.0611,0.0212,0.0206
1,6,7.1963,0.00022809,0.056,0.0566,2.2839,2.2839,-0.82903,-0.55921,25.162,0.0018739,0.0516,0.0161,0.0161
1,6,7.2544,-0.0025719,0.0581,0.0553,2.7804,2.4723,-0.97129,-0.23789,35.581,0.003513,0.0586,0.0226,0.0198
1,6,7.3064,-0.0011719,0.052,0.0534,1.657,1.5031,-0.99712,0.075883,27.035,0.0015211,0.0575,0.016,0.0146
1,6,7.3612,-0.00077191,0.0548,0.0552,1.4693,1.3542,-0.91747,0.39781,29.158,0.0020106,0.0547,0.0133,0.0123
1,6,7.4159,-0.00097191,0.0547,0.0545,1.2231,1.1151,-0.73733,0.67554,13.715,0.0005062,0.054,0.0133,0.0121
1,6,7.4723,-0.0012719,0.0564,0.0561,2.3366,2.1497,-0.46727,0.88411,17.241,0.0018574,0.0515,0.0157,0.0142
1,6,7.529,-0.00027191,0.0567,0.0577,2.398,2.3414,-0.14101,0.99001,8.5173,0.0014754,0.055,0.0209,0.0204
1,6,7.582,0.0013281,0.053,0.0546,2.3166,2.4542,0.17977,0.98371,-8.5111,-0.00042237,0.0545,0.0189,0.02
1,6,7.6372,0.00062809,0.0552,0.0545,2.0091,2.053,0.49372,0.86962,-10.261,-0.0014686,0.0574,0.0196,0.02
1,6,7.6932,0.0014281,0.056,0.0568,2.032,2.1692,0.75577,0.65484,-23.189,-0.0019211,0.0527,0.0182,0.0194
1,6,7.7475,0.00062809,0.0543,0.0535,2.1341,2.1744,0.92723,0.37448,-14.887,-0.0016646,0.0566,0.0198,0.0202
1,6,7.8011,0.0010281,0.0536,0.054,2.1815,2.2779,0.99832,0.057928,-19.871,-0.0018257,0.0549,0.0168,0.0176
